index,x,y,col,row,is_interpolated
0,583742.1261808088,5790654.1579293255,1364,909,False
1,583741.7577766357,5790652.789186008,1364,911,True
2,583741.3893724625,5790651.420442692,1363,913,True
3,583741.0209682895,5790650.051699375,1363,915,True
4,583740.6525641163,5790648.6829560585,1362,916,True
5,583740.2841599432,5790647.314212741,1362,918,True
6,583739.91575577,5790645.945469425,1361,920,True
7,583739.547351597,5790644.576726108,1361,922,True
8,583739.1789474238,5790643.207982791,1360,924,True
9,583738.8105432508,5790641.839239474,1360,926,True
10,583738.4421390776,5790640.470496157,1359,927,True
11,583738.0737349045,5790639.101752841,1359,929,True
12,583737.7053307313,5790637.733009524,1358,931,True
13,583737.3369265583,5790636.364266207,1358,933,True
14,583736.9685223851,5790634.99552289,1357,935,True
15,583736.600118212,5790633.626779574,1357,937,True
16,583736.2317140389,5790632.258036257,1356,939,True
17,583735.8633098658,5790630.88929294,1356,940,True
18,583735.4949056926,5790629.520549623,1355,942,True
19,583735.1265015196,5790628.151806306,1355,944,True
20,583734.7580973464,5790626.78306299,1354,946,True
21,583734.3896931733,5790625.414319673,1354,948,True
22,583734.0212890002,5790624.045576356,1353,950,True
23,583733.6528848271,5790622.676833039,1353,952,True
24,583733.2844806539,5790621.308089722,1352,953,True
25,583732.9160764809,5790619.939346406,1352,955,True
26,583732.5476723077,5790618.5706030885,1351,957,True
27,583732.1792681346,5790617.201859772,1351,959,True
28,583731.8108639615,5790615.833116455,1350,961,True
29,583731.4424597884,5790614.464373139,1350,963,True
30,583731.0740556152,5790613.0956298215,1349,965,True
31,583730.7056514422,5790611.726886505,1349,966,True
32,583730.337247269,5790610.358143188,1348,968,True
33,583729.9688430959,5790608.989399871,1348,970,True
34,583729.6004389228,5790607.620656555,1347,972,True
35,583729.2320347497,5790606.251913237,1347,974,True
36,583728.8636305765,5790604.883169921,1346,976,True
37,583728.4952264035,5790603.514426604,1346,978,True
38,583728.1268222303,5790602.145683288,1345,979,True
39,583727.7584180572,5790600.77693997,1345,981,True
40,583727.390013884,5790599.408196653,1344,983,True
41,583727.021609711,5790598.039453337,1344,985,True
42,583726.6532055378,5790596.67071002,1343,987,True
43,583726.2848013648,5790595.3019667035,1343,989,True
44,583725.9163971916,5790593.933223386,1342,991,True
45,583725.5479930185,5790592.56448007,1342,992,True
46,583725.1795888453,5790591.195736753,1341,994,True
47,583724.8111846723,5790589.826993437,1341,996,True
48,583724.4427804991,5790588.458250119,1340,998,True
49,583724.074376326,5790587.089506802,1340,1000,True
50,583723.7059721529,5790585.720763486,1339,1002,True
51,583723.3375679798,5790584.352020169,1339,1004,True
52,583722.9691638066,5790582.983276852,1338,1005,True
53,583722.6007596336,5790581.614533535,1338,1007,True
54,583722.2323554604,5790580.245790219,1337,1009,True
55,583721.8639512873,5790578.877046902,1337,1011,True
56,583721.4955471142,5790577.5083035845,1336,1013,True
57,583721.1271429411,5790576.139560268,1336,1015,True
58,583720.7587387679,5790574.770816951,1335,1017,True
59,583720.3903345949,5790573.402073635,1335,1018,True
60,583720.0219304217,5790572.033330318,1334,1020,True
61,583719.6535262486,5790570.664587001,1334,1022,True
62,583719.2851220755,5790569.295843684,1333,1024,True
63,583718.9167179024,5790567.927100368,1333,1026,True
64,583718.5483137292,5790566.558357051,1332,1028,True
65,583718.1799095562,5790565.189613733,1332,1029,True
66,583717.811505383,5790563.820870417,1331,1031,True
67,583717.4431012099,5790562.4521271,1331,1033,True
68,583717.0746970368,5790561.083383784,1331,1035,True
69,583716.7062928637,5790559.7146404665,1330,1037,True
70,583716.3378886905,5790558.34589715,1330,1039,True
71,583715.9694845175,5790556.977153833,1329,1041,False
72,583715.6129720138,5790555.641868445,1329,1042,True
73,583715.2564595101,5790554.306583057,1328,1044,True
74,583714.8999470063,5790552.971297668,1328,1046,True
75,583714.5434345026,5790551.63601228,1327,1048,True
76,583714.1869219989,5790550.300726892,1327,1050,True
77,583713.8304094952,5790548.9654415045,1326,1051,True
78,583713.4738969913,5790547.630156117,1326,1053,True
79,583713.1173844876,5790546.294870728,1325,1055,True
80,583712.760871984,5790544.95958534,1325,1057,True
81,583712.4043594802,5790543.624299952,1324,1059,True
82,583712.0478469766,5790542.289014564,1324,1061,True
83,583711.6913344727,5790540.953729176,1323,1062,True
84,583711.334821969,5790539.618443787,1323,1064,True
85,583710.9783094653,5790538.283158399,1322,1066,True
86,583710.6217969616,5790536.947873011,1322,1068,True
87,583710.2652844578,5790535.612587623,1321,1070,True
88,583709.9087719541,5790534.277302235,1321,1071,True
89,583709.5522594504,5790532.9420168465,1320,1073,True
90,583709.1957469467,5790531.606731459,1320,1075,True
91,583708.8392344429,5790530.271446071,1319,1077,True
92,583708.4827219392,5790528.936160683,1319,1079,True
93,583708.1262094355,5790527.600875295,1318,1080,True
94,583707.7696969318,5790526.265589906,1318,1082,True
95,583707.4131844281,5790524.930304518,1317,1084,True
96,583707.0566719243,5790523.59501913,1317,1086,True
97,583706.7001594206,5790522.259733742,1316,1088,True
98,583706.3436469169,5790520.924448354,1316,1089,True
99,583705.9871344132,5790519.589162965,1315,1091,True
100,583705.6306219094,5790518.253877577,1315,1093,True
101,583705.2741094057,5790516.918592189,1315,1095,True
102,583704.917596902,5790515.5833068015,1314,1097,True
103,583704.5610843983,5790514.248021414,1314,1098,True
104,583704.2045718946,5790512.912736025,1313,1100,True
105,583703.8480593908,5790511.577450637,1313,1102,True
106,583703.4915468871,5790510.242165249,1312,1104,True
107,583703.1350343834,5790508.906879861,1312,1106,True
108,583702.7785218797,5790507.571594473,1311,1108,True
109,583702.4220093759,5790506.236309085,1311,1109,True
110,583702.0654968722,5790504.901023696,1310,1111,True
111,583701.7089843685,5790503.565738308,1310,1113,True
112,583701.3524718648,5790502.23045292,1309,1115,True
113,583700.9959593611,5790500.895167532,1309,1117,True
114,583700.6394468573,5790499.559882144,1308,1118,True
115,583700.2829343536,5790498.224596756,1308,1120,True
116,583699.9264218499,5790496.889311368,1307,1122,True
117,583699.5699093462,5790495.55402598,1307,1124,True
118,583699.2133968424,5790494.218740592,1306,1126,True
119,583698.8568843387,5790492.883455204,1306,1127,True
120,583698.500371835,5790491.548169815,1305,1129,True
121,583698.1438593313,5790490.212884427,1305,1131,True
122,583697.7873468276,5790488.877599039,1304,1133,True
123,583697.4308343237,5790487.542313651,1304,1135,True
124,583697.07432182,5790486.207028263,1303,1136,True
125,583696.7178093164,5790484.871742874,1303,1138,True
126,583696.3612968127,5790483.536457486,1302,1140,True
127,583696.0047843088,5790482.2011720985,1302,1142,True
128,583695.6482718051,5790480.865886711,1301,1144,True
129,583695.2917593014,5790479.530601323,1301,1146,True
130,583694.9352467977,5790478.195315934,1301,1147,True
131,583694.5787342939,5790476.860030546,1300,1149,True
132,583694.2222217902,5790475.524745158,1300,1151,True
133,583693.8657092865,5790474.18945977,1299,1153,True
134,583693.5091967828,5790472.854174382,1299,1155,True
135,583693.1526842791,5790471.518888993,1298,1156,True
136,583692.7961717753,5790470.183603605,1298,1158,True
137,583692.4396592716,5790468.848318217,1297,1160,True
138,583692.0831467679,5790467.513032829,1297,1162,True
139,583691.7266342642,5790466.177747441,1296,1164,True
140,583691.3701217604,5790464.842462053,1296,1165,True
141,583691.0136092567,5790463.507176665,1295,1167,True
142,583690.657096753,5790462.171891277,1295,1169,False
143,583690.2790764908,5790460.810825019,1294,1171,True
144,583689.9010562286,5790459.449758761,1294,1173,True
145,583689.5230359663,5790458.088692503,1293,1175,True
146,583689.1450157041,5790456.7276262455,1293,1176,True
147,583688.7669954419,5790455.366559987,1292,1178,True
148,583688.3889751795,5790454.005493729,1292,1180,True
149,583688.0109549173,5790452.644427472,1291,1182,True
150,583687.6329346551,5790451.283361213,1291,1184,True
151,583687.2549143928,5790449.922294956,1290,1186,True
152,583686.8768941306,5790448.561228698,1290,1187,True
153,583686.4988738684,5790447.20016244,1289,1189,True
154,583686.1208536061,5790445.839096182,1289,1191,True
155,583685.7428333439,5790444.478029924,1288,1193,True
156,583685.3648130817,5790443.116963666,1288,1195,True
157,583684.9867928195,5790441.755897408,1287,1197,True
158,583684.6087725572,5790440.394831151,1287,1199,True
159,583684.230752295,5790439.033764892,1286,1200,True
160,583683.8527320327,5790437.672698635,1285,1202,True
161,583683.4747117704,5790436.311632377,1285,1204,True
162,583683.0966915082,5790434.950566119,1284,1206,True
163,583682.718671246,5790433.589499861,1284,1208,True
164,583682.3406509837,5790432.228433603,1283,1210,True
165,583681.9626307215,5790430.867367345,1283,1211,True
166,583681.5846104593,5790429.506301087,1282,1213,True
167,583681.206590197,5790428.14523483,1282,1215,True
168,583680.8285699348,5790426.784168571,1281,1217,True
169,583680.4505496726,5790425.423102314,1281,1219,True
170,583680.0725294104,5790424.062036056,1280,1221,True
171,583679.6945091481,5790422.700969798,1280,1223,True
172,583679.3164888858,5790421.33990354,1279,1224,True
173,583678.9384686236,5790419.978837282,1279,1226,True
174,583678.5604483613,5790418.617771024,1278,1228,True
175,583678.1824280991,5790417.256704766,1278,1230,True
176,583677.8044078369,5790415.895638509,1277,1232,True
177,583677.4263875746,5790414.53457225,1277,1234,True
178,583677.0483673124,5790413.173505993,1276,1235,True
179,583676.6703470502,5790411.812439734,1276,1237,True
180,583676.292326788,5790410.451373477,1275,1239,True
181,583675.9143065257,5790409.090307219,1275,1241,True
182,583675.5362862635,5790407.72924096,1274,1243,True
183,583675.1582660013,5790406.368174703,1274,1245,True
184,583674.7802457389,5790405.007108445,1273,1246,True
185,583674.4022254767,5790403.646042187,1273,1248,True
186,583674.0242052145,5790402.284975929,1272,1250,True
187,583673.6461849522,5790400.923909672,1272,1252,True
188,583673.26816469,5790399.562843413,1271,1254,True
189,583672.8901444278,5790398.2017771555,1271,1256,True
190,583672.5121241655,5790396.840710898,1270,1258,True
191,583672.1341039033,5790395.479644639,1270,1259,True
192,583671.7560836411,5790394.118578382,1269,1261,True
193,583671.3780633789,5790392.757512124,1269,1263,True
194,583671.0000431166,5790391.396445866,1268,1265,True
195,583670.6220228544,5790390.035379608,1268,1267,True
196,583670.244002592,5790388.674313351,1267,1269,True
197,583669.8659823298,5790387.313247092,1267,1270,True
198,583669.4879620676,5790385.9521808345,1266,1272,True
199,583669.1099418054,5790384.591114577,1266,1274,True
200,583668.7319215431,5790383.230048318,1265,1276,True
201,583668.3539012809,5790381.868982061,1264,1278,True
202,583667.9758810187,5790380.507915803,1264,1280,True
203,583667.5978607564,5790379.146849545,1263,1282,True
204,583667.2198404942,5790377.785783287,1263,1283,True
205,583666.841820232,5790376.42471703,1262,1285,True
206,583666.4637999698,5790375.063650771,1262,1287,True
207,583666.0857797075,5790373.702584513,1261,1289,True
208,583665.7077594452,5790372.341518256,1261,1291,True
209,583665.329739183,5790370.980451997,1260,1293,True
210,583664.9517189207,5790369.61938574,1260,1294,True
211,583664.5736986585,5790368.258319482,1259,1296,True
212,583664.1956783963,5790366.897253224,1259,1298,True
213,583663.817658134,5790365.536186966,1258,1300,False
214,583663.4531378659,5790364.171956659,1258,1302,True
215,583663.0886175977,5790362.8077263525,1257,1304,True
216,583662.7240973295,5790361.443496046,1257,1306,True
217,583662.3595770614,5790360.079265739,1256,1307,True
218,583661.9950567932,5790358.715035432,1256,1309,True
219,583661.630536525,5790357.350805125,1255,1311,True
220,583661.2660162569,5790355.986574818,1255,1313,True
221,583660.9014959886,5790354.622344512,1254,1315,True
222,583660.5369757204,5790353.258114205,1254,1317,True
223,583660.1724554523,5790351.893883898,1253,1318,True
224,583659.8079351841,5790350.529653591,1253,1320,True
225,583659.4434149159,5790349.165423284,1252,1322,True
226,583659.0788946478,5790347.8011929775,1252,1324,True
227,583658.7143743796,5790346.436962671,1251,1326,True
228,583658.3498541114,5790345.072732364,1251,1328,True
229,583657.9853338433,5790343.708502057,1250,1330,True
230,583657.6208135751,5790342.34427175,1250,1331,True
231,583657.256293307,5790340.980041443,1249,1333,True
232,583656.8917730388,5790339.615811137,1249,1335,True
233,583656.5272527706,5790338.25158083,1248,1337,True
234,583656.1627325024,5790336.887350523,1248,1339,True
235,583655.7982122342,5790335.523120216,1247,1341,True
236,583655.433691966,5790334.158889909,1247,1342,True
237,583655.0691716978,5790332.794659602,1247,1344,True
238,583654.7046514297,5790331.430429296,1246,1346,True
239,583654.3401311615,5790330.066198989,1246,1348,True
240,583653.9756108933,5790328.701968682,1245,1350,True
241,583653.6110906252,5790327.337738375,1245,1352,True
242,583653.246570357,5790325.973508068,1244,1354,True
243,583652.8820500888,5790324.609277762,1244,1355,True
244,583652.5175298207,5790323.245047455,1243,1357,True
245,583652.1530095525,5790321.880817148,1243,1359,True
246,583651.7884892843,5790320.516586841,1242,1361,True
247,583651.4239690162,5790319.152356534,1242,1363,True
248,583651.059448748,5790317.788126227,1241,1365,True
249,583650.6949284797,5790316.423895922,1241,1366,True
250,583650.3304082116,5790315.059665615,1240,1368,True
251,583649.9658879434,5790313.695435308,1240,1370,True
252,583649.6013676752,5790312.331205001,1239,1372,True
253,583649.2368474071,5790310.966974694,1239,1374,True
254,583648.8723271389,5790309.602744387,1238,1376,True
255,583648.5078068707,5790308.238514081,1238,1378,True
256,583648.1432866026,5790306.874283774,1237,1379,True
257,583647.7787663344,5790305.510053467,1237,1381,True
258,583647.4142460662,5790304.14582316,1236,1383,True
259,583647.0497257981,5790302.781592853,1236,1385,True
260,583646.6852055299,5790301.417362547,1235,1387,True
261,583646.3206852617,5790300.05313224,1235,1389,True
262,583645.9561649936,5790298.688901933,1234,1391,True
263,583645.5916447253,5790297.324671626,1234,1392,True
264,583645.2271244571,5790295.960441319,1233,1394,True
265,583644.862604189,5790294.596211012,1233,1396,True
266,583644.4980839208,5790293.231980706,1232,1398,True
267,583644.1335636526,5790291.867750399,1232,1400,True
268,583643.7690433845,5790290.503520092,1231,1402,True
269,583643.4045231163,5790289.139289785,1231,1403,True
270,583643.0400028481,5790287.775059478,1230,1405,True
271,583642.67548258,5790286.410829172,1230,1407,True
272,583642.3109623118,5790285.046598865,1229,1409,True
273,583641.9464420436,5790283.682368558,1229,1411,True
274,583641.5819217755,5790282.318138251,1228,1413,True
275,583641.2174015073,5790280.953907944,1228,1415,True
276,583640.8528812391,5790279.589677637,1227,1416,True
277,583640.4883609709,5790278.225447331,1227,1418,True
278,583640.1238407027,5790276.861217024,1226,1420,True
279,583639.7593204345,5790275.496986717,1226,1422,True
280,583639.3948001664,5790274.13275641,1225,1424,True
281,583639.0302798982,5790272.768526103,1225,1426,True
282,583638.66575963,5790271.4042957965,1224,1427,True
283,583638.3012393619,5790270.04006549,1224,1429,True
284,583637.9367190937,5790268.675835183,1223,1431,False
285,583637.5670450382,5790267.310606189,1223,1433,True
286,583637.1973709826,5790265.945377194,1222,1435,True
287,583636.8276969271,5790264.5801482005,1222,1437,True
288,583636.4580228715,5790263.214919207,1221,1439,True
289,583636.088348816,5790261.849690212,1221,1440,True
290,583635.7186747604,5790260.484461218,1220,1442,True
291,583635.3490007049,5790259.119232224,1220,1444,True
292,583634.9793266495,5790257.75400323,1219,1446,True
293,583634.6096525938,5790256.388774236,1219,1448,True
294,583634.2399785384,5790255.023545242,1218,1450,True
295,583633.8703044828,5790253.658316247,1218,1452,True
296,583633.5006304273,5790252.293087253,1217,1453,True
297,583633.1309563718,5790250.9278582595,1217,1455,True
298,583632.7612823162,5790249.562629265,1216,1457,True
299,583632.3916082607,5790248.197400271,1216,1459,True
300,583632.0219342051,5790246.832171277,1215,1461,True
301,583631.6522601496,5790245.466942282,1215,1463,True
302,583631.282586094,5790244.101713289,1214,1464,True
303,583630.9129120385,5790242.736484295,1214,1466,True
304,583630.543237983,5790241.371255301,1213,1468,True
305,583630.1735639274,5790240.006026306,1213,1470,True
306,583629.8038898719,5790238.640797312,1212,1472,True
307,583629.4342158163,5790237.275568319,1212,1474,True
308,583629.0645417608,5790235.910339324,1211,1476,True
309,583628.6948677052,5790234.54511033,1211,1477,True
310,583628.3251936497,5790233.179881336,1210,1479,True
311,583627.9555195943,5790231.814652341,1210,1481,True
312,583627.5858455386,5790230.449423348,1209,1483,True
313,583627.2161714832,5790229.084194354,1209,1485,True
314,583626.8464974276,5790227.718965359,1208,1487,True
315,583626.4768233721,5790226.353736365,1208,1489,True
316,583626.1071493165,5790224.988507371,1207,1490,True
317,583625.737475261,5790223.623278377,1207,1492,True
318,583625.3678012055,5790222.258049383,1206,1494,True
319,583624.9981271499,5790220.892820389,1206,1496,True
320,583624.6284530944,5790219.527591394,1205,1498,True
321,583624.2587790388,5790218.1623624,1205,1500,True
322,583623.8891049833,5790216.797133407,1204,1501,True
323,583623.5194309278,5790215.431904412,1204,1503,True
324,583623.1497568722,5790214.066675418,1203,1505,True
325,583622.7800828167,5790212.701446424,1203,1507,True
326,583622.4104087611,5790211.3362174295,1202,1509,True
327,583622.0407347056,5790209.970988436,1202,1511,True
328,583621.67106065,5790208.605759442,1201,1513,True
329,583621.3013865945,5790207.240530447,1201,1514,True
330,583620.931712539,5790205.875301453,1200,1516,True
331,583620.5620384834,5790204.5100724595,1200,1518,True
332,583620.192364428,5790203.144843465,1199,1520,True
333,583619.8226903724,5790201.779614471,1199,1522,True
334,583619.4530163169,5790200.414385477,1198,1524,True
335,583619.0833422613,5790199.049156482,1198,1526,True
336,583618.7136682058,5790197.6839274885,1197,1527,True
337,583618.3439941503,5790196.318698495,1197,1529,True
338,583617.9743200947,5790194.953469501,1196,1531,True
339,583617.6046460392,5790193.588240506,1196,1533,True
340,583617.2349719836,5790192.223011512,1195,1535,True
341,583616.8652979281,5790190.8577825185,1195,1537,True
342,583616.4956238725,5790189.492553524,1194,1538,True
343,583616.125949817,5790188.12732453,1194,1540,True
344,583615.7562757615,5790186.762095536,1193,1542,True
345,583615.3866017059,5790185.396866541,1193,1544,True
346,583615.0169276504,5790184.031637548,1192,1546,True
347,583614.6472535948,5790182.666408554,1192,1548,True
348,583614.2775795393,5790181.301179559,1191,1550,True
349,583613.9079054839,5790179.935950565,1191,1551,True
350,583613.5382314282,5790178.570721571,1190,1553,True
351,583613.1685573728,5790177.205492577,1190,1555,True
352,583612.7988833172,5790175.840263583,1189,1557,True
353,583612.4292092617,5790174.475034589,1189,1559,True
354,583612.0595352061,5790173.109805594,1188,1561,True
355,583611.6898611506,5790171.7445766,1188,1562,False
356,583611.3294695833,5790170.393435472,1187,1564,True
357,583610.9690780161,5790169.042294342,1187,1566,True
358,583610.6086864489,5790167.691153213,1186,1568,True
359,583610.2482948817,5790166.340012085,1186,1570,True
360,583609.8879033144,5790164.988870955,1185,1572,True
361,583609.5275117472,5790163.637729826,1185,1573,True
362,583609.16712018,5790162.286588698,1184,1575,True
363,583608.8067286127,5790160.935447568,1184,1577,True
364,583608.4463370455,5790159.584306439,1183,1579,True
365,583608.0859454783,5790158.233165311,1183,1581,True
366,583607.7255539111,5790156.882024181,1182,1583,True
367,583607.3651623438,5790155.530883052,1182,1584,True
368,583607.0047707766,5790154.179741924,1181,1586,True
369,583606.6443792094,5790152.828600794,1181,1588,True
370,583606.2839876421,5790151.477459665,1180,1590,True
371,583605.9235960749,5790150.126318537,1180,1592,True
372,583605.5632045077,5790148.775177407,1179,1594,True
373,583605.2028129406,5790147.424036278,1179,1595,True
374,583604.8424213734,5790146.07289515,1178,1597,True
375,583604.4820298061,5790144.721754021,1178,1599,True
376,583604.1216382389,5790143.370612891,1177,1601,True
377,583603.7612466717,5790142.019471763,1177,1603,True
378,583603.4008551044,5790140.668330634,1177,1605,True
379,583603.0404635372,5790139.317189504,1176,1606,True
380,583602.68007197,5790137.966048376,1176,1608,True
381,583602.3196804028,5790136.614907247,1175,1610,True
382,583601.9592888355,5790135.263766117,1175,1612,True
383,583601.5988972683,5790133.912624989,1174,1614,True
384,583601.2385057011,5790132.56148386,1174,1616,True
385,583600.8781141338,5790131.21034273,1173,1617,True
386,583600.5177225666,5790129.859201602,1173,1619,True
387,583600.1573309994,5790128.508060473,1172,1621,True
388,583599.7969394322,5790127.156919343,1172,1623,True
389,583599.4365478649,5790125.805778215,1171,1625,True
390,583599.0761562977,5790124.454637086,1171,1627,True
391,583598.7157647305,5790123.103495956,1170,1628,True
392,583598.3553731632,5790121.752354828,1170,1630,True
393,583597.994981596,5790120.401213699,1169,1632,True
394,583597.6345900288,5790119.050072569,1169,1634,True
395,583597.2741984616,5790117.698931441,1168,1636,True
396,583596.9138068943,5790116.347790312,1168,1638,True
397,583596.5534153271,5790114.996649182,1167,1639,True
398,583596.1930237599,5790113.645508054,1167,1641,True
399,583595.8326321926,5790112.294366925,1166,1643,True
400,583595.4722406254,5790110.943225795,1166,1645,True
401,583595.1118490582,5790109.592084667,1165,1647,True
402,583594.751457491,5790108.240943538,1165,1649,True
403,583594.3910659237,5790106.889802408,1164,1650,True
404,583594.0306743565,5790105.53866128,1164,1652,True
405,583593.6702827893,5790104.187520151,1163,1654,True
406,583593.309891222,5790102.836379021,1163,1656,True
407,583592.9494996548,5790101.485237893,1162,1658,True
408,583592.5891080876,5790100.134096764,1162,1660,True
409,583592.2287165205,5790098.782955635,1161,1661,True
410,583591.8683249532,5790097.431814506,1161,1663,True
411,583591.507933386,5790096.080673377,1160,1665,True
412,583591.1475418188,5790094.729532248,1160,1667,True
413,583590.7871502516,5790093.378391119,1159,1669,True
414,583590.4267586843,5790092.02724999,1159,1670,True
415,583590.0663671171,5790090.676108861,1158,1672,True
416,583589.7059755499,5790089.324967732,1158,1674,True
417,583589.3455839826,5790087.973826603,1157,1676,True
418,583588.9851924154,5790086.622685474,1157,1678,True
419,583588.6248008482,5790085.271544345,1156,1680,True
420,583588.264409281,5790083.920403216,1156,1681,True
421,583587.9040177137,5790082.569262087,1156,1683,True
422,583587.5436261465,5790081.218120958,1155,1685,True
423,583587.1832345793,5790079.866979829,1155,1687,True
424,583586.822843012,5790078.5158387,1154,1689,True
425,583586.4624514448,5790077.164697571,1154,1691,True
426,583586.1020598776,5790075.813556442,1153,1692,False
427,583585.7490395083,5790074.453706486,1153,1694,True
428,583585.396019139,5790073.093856531,1152,1696,True
429,583585.0429987697,5790071.734006575,1152,1698,True
430,583584.6899784002,5790070.37415662,1151,1700,True
431,583584.3369580309,5790069.0143066645,1151,1702,True
432,583583.9839376616,5790067.6544567095,1150,1704,True
433,583583.6309172923,5790066.294606754,1150,1705,True
434,583583.277896923,5790064.934756798,1149,1707,True
435,583582.9248765537,5790063.574906843,1149,1709,True
436,583582.5718561843,5790062.215056887,1148,1711,True
437,583582.218835815,5790060.855206932,1148,1713,True
438,583581.8658154457,5790059.495356976,1147,1715,True
439,583581.5127950764,5790058.13550702,1147,1716,True
440,583581.159774707,5790056.775657065,1146,1718,True
441,583580.8067543377,5790055.415807109,1146,1720,True
442,583580.4537339684,5790054.055957154,1145,1722,True
443,583580.100713599,5790052.6961071985,1145,1724,True
444,583579.7476932297,5790051.3362572435,1144,1726,True
445,583579.3946728604,5790049.976407288,1144,1727,True
446,583579.0416524911,5790048.616557332,1144,1729,True
447,583578.6886321218,5790047.256707377,1143,1731,True
448,583578.3356117525,5790045.896857421,1143,1733,True
449,583577.982591383,5790044.537007466,1142,1735,True
450,583577.6295710137,5790043.17715751,1142,1737,True
451,583577.2765506444,5790041.817307555,1141,1739,True
452,583576.9235302751,5790040.457457599,1141,1740,True
453,583576.5705099058,5790039.097607643,1140,1742,True
454,583576.2174895365,5790037.737757688,1140,1744,True
455,583575.8644691672,5790036.3779077325,1139,1746,True
456,583575.5114487978,5790035.018057778,1139,1748,True
457,583575.1584284285,5790033.658207822,1138,1750,True
458,583574.8054080592,5790032.298357867,1138,1751,True
459,583574.4523876898,5790030.938507911,1137,1753,True
460,583574.0993673205,5790029.578657955,1137,1755,True
461,583573.7463469512,5790028.218808,1136,1757,True
462,583573.3933265818,5790026.858958044,1136,1759,True
463,583573.0403062125,5790025.499108089,1135,1761,True
464,583572.6872858432,5790024.139258133,1135,1762,True
465,583572.3342654739,5790022.779408177,1134,1764,True
466,583571.9812451046,5790021.419558222,1134,1766,True
467,583571.6282247353,5790020.0597082665,1133,1768,True
468,583571.2752043658,5790018.699858312,1133,1770,True
469,583570.9221839965,5790017.340008356,1133,1772,True
470,583570.5691636272,5790015.980158401,1132,1774,True
471,583570.2161432579,5790014.620308445,1132,1775,True
472,583569.8631228886,5790013.260458489,1131,1777,True
473,583569.5101025193,5790011.900608534,1131,1779,True
474,583569.15708215,5790010.540758578,1130,1781,True
475,583568.8040617806,5790009.180908623,1130,1783,True
476,583568.4510414113,5790007.821058667,1129,1785,True
477,583568.098021042,5790006.461208712,1129,1786,True
478,583567.7450006726,5790005.101358756,1128,1788,True
479,583567.3919803033,5790003.741508801,1128,1790,True
480,583567.038959934,5790002.381658846,1127,1792,True
481,583566.6859395646,5790001.02180889,1127,1794,True
482,583566.3329191953,5789999.661958935,1126,1796,True
483,583565.979898826,5789998.302108979,1126,1797,True
484,583565.6268784567,5789996.942259024,1125,1799,True
485,583565.2738580874,5789995.582409068,1125,1801,True
486,583564.9208377181,5789994.222559112,1124,1803,True
487,583564.5678173488,5789992.862709157,1124,1805,True
488,583564.2147969793,5789991.502859201,1123,1807,True
489,583563.86177661,5789990.143009246,1123,1809,True
490,583563.5087562407,5789988.78315929,1122,1810,True
491,583563.1557358714,5789987.423309335,1122,1812,True
492,583562.8027155021,5789986.06345938,1122,1814,True
493,583562.4496951328,5789984.703609424,1121,1816,True
494,583562.0966747634,5789983.343759469,1121,1818,True
495,583561.743654394,5789981.983909513,1120,1820,True
496,583561.3906340247,5789980.624059558,1120,1821,True
497,583561.0376136554,5789979.264209602,1119,1823,False
498,583560.6635960359,5789977.903528562,1119,1825,True
499,583560.2895784165,5789976.542847521,1118,1827,True
500,583559.915560797,5789975.18216648,1118,1829,True
501,583559.5415431776,5789973.82148544,1117,1831,True
502,583559.167525558,5789972.4608044,1117,1832,True
503,583558.7935079386,5789971.100123359,1116,1834,True
504,583558.4194903191,5789969.739442319,1116,1836,True
505,583558.0454726997,5789968.378761278,1115,1838,True
506,583557.6714550802,5789967.018080238,1115,1840,True
507,583557.2974374607,5789965.657399197,1114,1842,True
508,583556.9234198412,5789964.296718157,1114,1844,True
509,583556.5494022217,5789962.936037117,1113,1845,True
510,583556.1753846023,5789961.5753560765,1113,1847,True
511,583555.8013669827,5789960.214675035,1112,1849,True
512,583555.4273493633,5789958.853993995,1112,1851,True
513,583555.0533317438,5789957.493312955,1111,1853,True
514,583554.6793141244,5789956.132631915,1111,1855,True
515,583554.3052965049,5789954.771950874,1110,1856,True
516,583553.9312788855,5789953.411269833,1109,1858,True
517,583553.5572612659,5789952.050588793,1109,1860,True
518,583553.1832436464,5789950.689907753,1108,1862,True
519,583552.809226027,5789949.329226712,1108,1864,True
520,583552.4352084075,5789947.968545672,1107,1866,True
521,583552.061190788,5789946.607864631,1107,1867,True
522,583551.6871731685,5789945.247183591,1106,1869,True
523,583551.3131555491,5789943.88650255,1106,1871,True
524,583550.9391379296,5789942.52582151,1105,1873,True
525,583550.5651203102,5789941.16514047,1105,1875,True
526,583550.1911026906,5789939.804459429,1104,1877,True
527,583549.8170850712,5789938.443778388,1104,1879,True
528,583549.4430674517,5789937.083097348,1103,1880,True
529,583549.0690498322,5789935.722416308,1103,1882,True
530,583548.6950322128,5789934.361735268,1102,1884,True
531,583548.3210145932,5789933.001054226,1102,1886,True
532,583547.9469969738,5789931.640373186,1101,1888,True
533,583547.5729793543,5789930.279692146,1101,1890,True
534,583547.1989617349,5789928.919011106,1100,1891,True
535,583546.8249441154,5789927.558330065,1100,1893,True
536,583546.450926496,5789926.197649024,1099,1895,True
537,583546.0769088764,5789924.836967984,1099,1897,True
538,583545.7028912569,5789923.476286944,1098,1899,True
539,583545.3288736375,5789922.115605903,1098,1901,True
540,583544.954856018,5789920.754924863,1097,1903,True
541,583544.5808383985,5789919.394243822,1097,1904,True
542,583544.206820779,5789918.033562782,1096,1906,True
543,583543.8328031596,5789916.672881741,1096,1908,True
544,583543.4587855401,5789915.312200701,1095,1910,True
545,583543.0847679207,5789913.951519661,1095,1912,True
546,583542.7107503011,5789912.59083862,1094,1914,True
547,583542.3367326817,5789911.230157579,1094,1915,True
548,583541.9627150622,5789909.869476539,1093,1917,True
549,583541.5886974427,5789908.508795499,1093,1919,True
550,583541.2146798233,5789907.148114459,1092,1921,True
551,583540.8406622037,5789905.7874334175,1092,1923,True
552,583540.4666445843,5789904.426752377,1091,1925,True
553,583540.0926269648,5789903.066071337,1091,1926,True
554,583539.7186093454,5789901.705390297,1090,1928,True
555,583539.3445917259,5789900.344709256,1090,1930,True
556,583538.9705741064,5789898.9840282155,1089,1932,True
557,583538.5965564869,5789897.623347175,1089,1934,True
558,583538.2225388674,5789896.262666135,1088,1936,True
559,583537.848521248,5789894.901985094,1088,1938,True
560,583537.4745036284,5789893.541304054,1087,1939,True
561,583537.100486009,5789892.1806230135,1087,1941,True
562,583536.7264683895,5789890.819941973,1086,1943,True
563,583536.3524507701,5789889.459260932,1086,1945,True
564,583535.9784331506,5789888.098579892,1085,1947,True
565,583535.6044155312,5789886.737898852,1085,1949,True
566,583535.2303979116,5789885.3772178115,1084,1950,True
567,583534.8563802922,5789884.01653677,1084,1952,True
568,583534.4823626727,5789882.65585573,1083,1954,False
569,583534.10997063,5789881.292897862,1083,1956,True
570,583533.7375785874,5789879.929939994,1082,1958,True
571,583533.3651865447,5789878.566982126,1082,1960,True
572,583532.9927945021,5789877.204024257,1081,1962,True
573,583532.6204024594,5789875.841066389,1081,1963,True
574,583532.2480104166,5789874.478108522,1080,1965,True
575,583531.875618374,5789873.115150653,1080,1967,True
576,583531.5032263313,5789871.752192785,1079,1969,True
577,583531.1308342887,5789870.389234917,1079,1971,True
578,583530.758442246,5789869.0262770485,1078,1973,True
579,583530.3860502033,5789867.663319181,1078,1974,True
580,583530.0136581607,5789866.300361312,1077,1976,True
581,583529.641266118,5789864.937403444,1077,1978,True
582,583529.2688740754,5789863.574445576,1076,1980,True
583,583528.8964820327,5789862.211487708,1076,1982,True
584,583528.5240899901,5789860.84852984,1075,1984,True
585,583528.1516979474,5789859.485571972,1075,1986,True
586,583527.7793059046,5789858.122614103,1074,1987,True
587,583527.406913862,5789856.759656236,1074,1989,True
588,583527.0345218193,5789855.396698367,1073,1991,True
589,583526.6621297767,5789854.033740499,1073,1993,True
590,583526.289737734,5789852.670782631,1072,1995,True
591,583525.9173456914,5789851.307824763,1072,1997,True
592,583525.5449536487,5789849.944866895,1071,1998,True
593,583525.172561606,5789848.581909026,1071,2000,True
594,583524.8001695634,5789847.218951158,1070,2002,True
595,583524.4277775207,5789845.85599329,1070,2004,True
596,583524.0553854781,5789844.493035422,1069,2006,True
597,583523.6829934354,5789843.130077554,1069,2008,True
598,583523.3106013926,5789841.767119686,1068,2010,True
599,583522.93820935,5789840.404161817,1068,2011,True
600,583522.5658173073,5789839.04120395,1067,2013,True
601,583522.1934252647,5789837.678246081,1066,2015,True
602,583521.821033222,5789836.315288213,1066,2017,True
603,583521.4486411794,5789834.952330345,1065,2019,True
604,583521.0762491367,5789833.589372477,1065,2021,True
605,583520.703857094,5789832.226414609,1064,2022,True
606,583520.3314650514,5789830.863456741,1064,2024,True
607,583519.9590730087,5789829.500498872,1063,2026,True
608,583519.5866809661,5789828.137541004,1063,2028,True
609,583519.2142889234,5789826.774583136,1062,2030,True
610,583518.8418968807,5789825.411625268,1062,2032,True
611,583518.469504838,5789824.0486674,1061,2034,True
612,583518.0971127953,5789822.685709531,1061,2035,True
613,583517.7247207527,5789821.322751664,1060,2037,True
614,583517.35232871,5789819.959793796,1060,2039,True
615,583516.9799366674,5789818.596835927,1059,2041,True
616,583516.6075446247,5789817.233878059,1059,2043,True
617,583516.235152582,5789815.870920191,1058,2045,True
618,583515.8627605394,5789814.507962323,1058,2046,True
619,583515.4903684967,5789813.145004455,1057,2048,True
620,583515.1179764541,5789811.782046586,1057,2050,True
621,583514.7455844114,5789810.4190887185,1056,2052,True
622,583514.3731923687,5789809.05613085,1056,2054,True
623,583514.000800326,5789807.693172982,1055,2056,True
624,583513.6284082833,5789806.330215114,1055,2058,True
625,583513.2560162407,5789804.967257245,1054,2059,True
626,583512.883624198,5789803.604299378,1054,2061,True
627,583512.5112321554,5789802.24134151,1053,2063,True
628,583512.1388401127,5789800.878383641,1053,2065,True
629,583511.7664480701,5789799.515425773,1052,2067,True
630,583511.3940560274,5789798.152467905,1052,2069,True
631,583511.0216639847,5789796.789510037,1051,2070,True
632,583510.6492719421,5789795.426552169,1051,2072,True
633,583510.2768798994,5789794.0635943,1050,2074,True
634,583509.9044878567,5789792.7006364325,1050,2076,True
635,583509.532095814,5789791.337678565,1049,2078,True
636,583509.1597037714,5789789.974720696,1049,2080,True
637,583508.7873117287,5789788.611762828,1048,2082,True
638,583508.414919686,5789787.2488049595,1048,2083,True
639,583508.0425276434,5789785.885847092,1047,2085,False
640,583507.6771436494,5789784.518265754,1047,2087,True
641,583507.3117596556,5789783.150684417,1046,2089,True
642,583506.9463756616,5789781.78310308,1046,2091,True
643,583506.5809916677,5789780.415521743,1045,2093,True
644,583506.2156076739,5789779.047940405,1045,2094,True
645,583505.8502236799,5789777.680359068,1044,2096,True
646,583505.4848396861,5789776.312777731,1044,2098,True
647,583505.1194556921,5789774.945196393,1043,2100,True
648,583504.7540716982,5789773.577615056,1043,2102,True
649,583504.3886877043,5789772.2100337185,1042,2104,True
650,583504.0233037104,5789770.842452382,1042,2106,True
651,583503.6579197164,5789769.474871044,1041,2107,True
652,583503.2925357226,5789768.107289706,1041,2109,True
653,583502.9271517287,5789766.73970837,1040,2111,True
654,583502.5617677347,5789765.372127032,1040,2113,True
655,583502.1963837409,5789764.004545695,1039,2115,True
656,583501.8309997469,5789762.636964357,1039,2117,True
657,583501.4656157531,5789761.269383021,1038,2119,True
658,583501.1002317591,5789759.901801683,1038,2120,True
659,583500.7348477652,5789758.534220345,1037,2122,True
660,583500.3694637713,5789757.166639009,1037,2124,True
661,583500.0040797774,5789755.799057671,1036,2126,True
662,583499.6386957834,5789754.431476334,1036,2128,True
663,583499.2733117896,5789753.063894996,1035,2130,True
664,583498.9079277957,5789751.69631366,1035,2132,True
665,583498.5425438018,5789750.328732322,1034,2133,True
666,583498.1771598079,5789748.961150984,1034,2135,True
667,583497.8117758139,5789747.5935696475,1033,2137,True
668,583497.4463918201,5789746.22598831,1033,2139,True
669,583497.0810078261,5789744.858406973,1032,2141,True
670,583496.7156238322,5789743.490825635,1032,2143,True
671,583496.3502398384,5789742.123244299,1031,2145,True
672,583495.9848558444,5789740.755662961,1031,2146,True
673,583495.6194718505,5789739.388081623,1030,2148,True
674,583495.2540878566,5789738.0205002865,1030,2150,True
675,583494.8887038627,5789736.652918949,1030,2152,True
676,583494.5233198688,5789735.285337612,1029,2154,True
677,583494.1579358749,5789733.917756274,1029,2156,True
678,583493.7925518809,5789732.550174937,1028,2157,True
679,583493.4271678871,5789731.1825936,1028,2159,True
680,583493.0617838932,5789729.815012262,1027,2161,True
681,583492.6963998992,5789728.447430925,1027,2163,True
682,583492.3310159054,5789727.079849588,1026,2165,True
683,583491.9656319114,5789725.712268251,1026,2167,True
684,583491.6002479175,5789724.344686913,1025,2169,True
685,583491.2348639236,5789722.977105576,1025,2170,True
686,583490.8694799297,5789721.609524239,1024,2172,True
687,583490.5040959358,5789720.241942901,1024,2174,True
688,583490.1387119419,5789718.874361564,1023,2176,True
689,583489.773327948,5789717.506780227,1023,2178,True
690,583489.4079439541,5789716.13919889,1022,2180,True
691,583489.0425599602,5789714.771617552,1022,2182,True
692,583488.6771759662,5789713.404036215,1021,2183,True
693,583488.3117919724,5789712.036454878,1021,2185,True
694,583487.9464079784,5789710.66887354,1020,2187,True
695,583487.5810239846,5789709.301292203,1020,2189,True
696,583487.2156399906,5789707.933710866,1019,2191,True
697,583486.8502559967,5789706.566129529,1019,2193,True
698,583486.4848720029,5789705.198548191,1018,2195,True
699,583486.1194880089,5789703.830966854,1018,2196,True
700,583485.754104015,5789702.463385517,1017,2198,True
701,583485.3887200211,5789701.095804179,1017,2200,True
702,583485.0233360272,5789699.728222842,1016,2202,True
703,583484.6579520332,5789698.360641505,1016,2204,True
704,583484.2925680394,5789696.993060167,1015,2206,True
705,583483.9271840454,5789695.62547883,1015,2208,True
706,583483.5618000516,5789694.2578974925,1014,2209,True
707,583483.1964160576,5789692.890316156,1014,2211,True
708,583482.8310320637,5789691.522734818,1013,2213,True
709,583482.4656480699,5789690.155153481,1013,2215,True
710,583482.1002640759,5789688.787572144,1012,2217,False
711,583481.7310297305,5789687.427197228,1012,2219,True
712,583481.3617953851,5789686.066822312,1011,2220,True
713,583480.9925610397,5789684.706447396,1011,2222,True
714,583480.6233266944,5789683.34607248,1010,2224,True
715,583480.254092349,5789681.985697565,1010,2226,True
716,583479.8848580036,5789680.625322648,1009,2228,True
717,583479.5156236582,5789679.264947733,1009,2230,True
718,583479.1463893129,5789677.904572817,1008,2232,True
719,583478.7771549675,5789676.544197901,1008,2233,True
720,583478.4079206222,5789675.183822985,1007,2235,True
721,583478.0386862768,5789673.823448069,1007,2237,True
722,583477.6694519314,5789672.463073153,1006,2239,True
723,583477.300217586,5789671.102698238,1006,2241,True
724,583476.9309832406,5789669.742323321,1005,2243,True
725,583476.5617488952,5789668.381948406,1005,2244,True
726,583476.1925145498,5789667.0215734895,1004,2246,True
727,583475.8232802044,5789665.661198574,1004,2248,True
728,583475.454045859,5789664.300823658,1003,2250,True
729,583475.0848115137,5789662.940448742,1003,2252,True
730,583474.7155771683,5789661.580073826,1002,2254,True
731,583474.3463428229,5789660.219698911,1002,2255,True
732,583473.9771084776,5789658.859323994,1001,2257,True
733,583473.6078741322,5789657.498949079,1001,2259,True
734,583473.2386397868,5789656.138574163,1000,2261,True
735,583472.8694054415,5789654.778199247,1000,2263,True
736,583472.5001710961,5789653.417824332,999,2265,True
737,583472.1309367507,5789652.057449415,999,2267,True
738,583471.7617024053,5789650.6970745,998,2268,True
739,583471.3924680599,5789649.336699584,998,2270,True
740,583471.0232337145,5789647.976324668,997,2272,True
741,583470.6539993691,5789646.615949752,997,2274,True
742,583470.2847650237,5789645.255574836,996,2276,True
743,583469.9155306784,5789643.89519992,996,2278,True
744,583469.546296333,5789642.534825005,995,2279,True
745,583469.1770619876,5789641.174450088,995,2281,True
746,583468.8078276423,5789639.814075173,994,2283,True
747,583468.4385932969,5789638.4537002565,994,2285,True
748,583468.0693589515,5789637.093325341,993,2287,True
749,583467.7001246061,5789635.732950425,993,2289,True
750,583467.3308902608,5789634.372575509,992,2290,True
751,583466.9616559154,5789633.012200593,992,2292,True
752,583466.59242157,5789631.651825678,991,2294,True
753,583466.2231872246,5789630.291450761,991,2296,True
754,583465.8539528792,5789628.931075846,990,2298,True
755,583465.4847185338,5789627.5707009295,990,2300,True
756,583465.1154841884,5789626.210326014,989,2302,True
757,583464.746249843,5789624.849951098,989,2303,True
758,583464.3770154977,5789623.489576182,988,2305,True
759,583464.0077811523,5789622.129201267,988,2307,True
760,583463.638546807,5789620.768826351,987,2309,True
761,583463.2693124616,5789619.408451435,987,2311,True
762,583462.9000781162,5789618.048076519,986,2313,True
763,583462.5308437708,5789616.687701603,986,2314,True
764,583462.1616094254,5789615.327326687,985,2316,True
765,583461.79237508,5789613.966951772,985,2318,True
766,583461.4231407347,5789612.606576855,984,2320,True
767,583461.0539063893,5789611.24620194,984,2322,True
768,583460.6846720439,5789609.885827024,983,2324,True
769,583460.3154376985,5789608.525452108,983,2325,True
770,583459.9462033531,5789607.165077192,982,2327,True
771,583459.5769690077,5789605.804702276,982,2329,True
772,583459.2077346623,5789604.44432736,981,2331,True
773,583458.838500317,5789603.083952445,981,2333,True
774,583458.4692659717,5789601.723577528,980,2335,True
775,583458.1000316263,5789600.363202613,980,2337,True
776,583457.7307972809,5789599.0028276965,979,2338,True
777,583457.3615629355,5789597.642452781,979,2340,True
778,583456.9923285901,5789596.282077865,978,2342,True
779,583456.6230942447,5789594.921702949,978,2344,True
780,583456.2538598994,5789593.561328033,977,2346,True
781,583455.884625554,5789592.200953118,977,2348,False
782,583455.5266216132,5789590.835895259,976,2349,True
783,583455.1686176725,5789589.4708374,976,2351,True
784,583454.8106137317,5789588.105779543,975,2353,True
785,583454.4526097911,5789586.740721684,975,2355,True
786,583454.0946058503,5789585.375663825,974,2357,True
787,583453.7366019095,5789584.010605967,974,2359,True
788,583453.3785979688,5789582.645548108,973,2361,True
789,583453.020594028,5789581.280490249,973,2362,True
790,583452.6625900874,5789579.915432392,972,2364,True
791,583452.3045861466,5789578.550374533,972,2366,True
792,583451.9465822058,5789577.185316674,971,2368,True
793,583451.5885782652,5789575.820258816,971,2370,True
794,583451.2305743244,5789574.455200957,970,2372,True
795,583450.8725703837,5789573.090143099,970,2374,True
796,583450.5145664429,5789571.725085241,969,2375,True
797,583450.1565625023,5789570.360027382,969,2377,True
798,583449.7985585615,5789568.9949695235,968,2379,True
799,583449.4405546207,5789567.629911665,968,2381,True
800,583449.08255068,5789566.264853806,967,2383,True
801,583448.7245467392,5789564.8997959485,967,2385,True
802,583448.3665427986,5789563.53473809,966,2386,True
803,583448.0085388578,5789562.169680231,966,2388,True
804,583447.650534917,5789560.804622373,966,2390,True
805,583447.2925309764,5789559.439564514,965,2392,True
806,583446.9345270356,5789558.074506656,965,2394,True
807,583446.5765230949,5789556.709448798,964,2396,True
808,583446.2185191541,5789555.344390939,964,2398,True
809,583445.8605152133,5789553.97933308,963,2399,True
810,583445.5025112727,5789552.614275222,963,2401,True
811,583445.1445073319,5789551.249217363,962,2403,True
812,583444.7865033912,5789549.884159505,962,2405,True
813,583444.4284994504,5789548.519101647,961,2407,True
814,583444.0704955097,5789547.154043788,961,2409,True
815,583443.712491569,5789545.788985929,960,2410,True
816,583443.3544876282,5789544.423928071,960,2412,True
817,583442.9964836875,5789543.058870213,959,2414,True
818,583442.6384797468,5789541.6938123545,959,2416,True
819,583442.2804758061,5789540.328754496,958,2418,True
820,583441.9224718653,5789538.963696637,958,2420,True
821,583441.5644679245,5789537.598638779,957,2422,True
822,583441.2064639839,5789536.233580921,957,2423,True
823,583440.8484600431,5789534.868523062,956,2425,True
824,583440.4904561024,5789533.503465204,956,2427,True
825,583440.1324521616,5789532.138407345,955,2429,True
826,583439.7744482209,5789530.773349486,955,2431,True
827,583439.4164442802,5789529.408291628,954,2433,True
828,583439.0584403394,5789528.04323377,954,2435,True
829,583438.7004363987,5789526.678175911,953,2436,True
830,583438.342432458,5789525.313118053,953,2438,True
831,583437.9844285172,5789523.948060194,952,2440,True
832,583437.6264245765,5789522.583002335,952,2442,True
833,583437.2684206357,5789521.217944478,951,2444,True
834,583436.910416695,5789519.852886619,951,2446,True
835,583436.5524127543,5789518.48782876,950,2447,True
836,583436.1944088135,5789517.122770902,950,2449,True
837,583435.8364048728,5789515.757713043,950,2451,True
838,583435.478400932,5789514.3926551845,949,2453,True
839,583435.1203969914,5789513.027597327,949,2455,True
840,583434.7623930506,5789511.662539468,948,2457,True
841,583434.4043891099,5789510.2974816095,948,2459,True
842,583434.0463851691,5789508.932423751,947,2460,True
843,583433.6883812284,5789507.567365892,947,2462,True
844,583433.3303772877,5789506.2023080345,946,2464,True
845,583432.9723733469,5789504.837250176,946,2466,True
846,583432.6143694062,5789503.472192317,945,2468,True
847,583432.2563654655,5789502.107134459,945,2470,True
848,583431.8983615247,5789500.7420766,944,2472,True
849,583431.540357584,5789499.377018741,944,2473,True
850,583431.1823536432,5789498.011960884,943,2475,True
851,583430.8243497026,5789496.646903025,943,2477,True
852,583430.4663457618,5789495.281845166,942,2479,False
853,583430.0992101476,5789493.939356416,942,2481,True
854,583429.7320745335,5789492.5968676675,941,2483,True
855,583429.3649389193,5789491.254378918,941,2484,True
856,583428.997803305,5789489.911890169,940,2486,True
857,583428.6306676909,5789488.569401419,940,2488,True
858,583428.2635320767,5789487.22691267,939,2490,True
859,583427.8963964626,5789485.88442392,939,2492,True
860,583427.5292608484,5789484.541935171,938,2493,True
861,583427.1621252343,5789483.199446421,938,2495,True
862,583426.7949896201,5789481.856957672,937,2497,True
863,583426.427854006,5789480.514468922,937,2499,True
864,583426.0607183917,5789479.171980172,936,2501,True
865,583425.6935827775,5789477.829491423,936,2503,True
866,583425.3264471634,5789476.487002674,935,2504,True
867,583424.9593115492,5789475.144513925,935,2506,True
868,583424.592175935,5789473.802025175,934,2508,True
869,583424.2250403209,5789472.459536426,934,2510,True
870,583423.8579047067,5789471.117047676,933,2512,True
871,583423.4907690926,5789469.774558927,933,2513,True
872,583423.1236334783,5789468.432070177,932,2515,True
873,583422.7564978641,5789467.089581427,932,2517,True
874,583422.38936225,5789465.747092678,931,2519,True
875,583422.0222266358,5789464.404603928,931,2521,True
876,583421.6550910217,5789463.062115179,930,2523,True
877,583421.2879554075,5789461.7196264295,930,2524,True
878,583420.9208197934,5789460.377137681,929,2526,True
879,583420.5536841792,5789459.034648931,929,2528,True
880,583420.1865485649,5789457.692160182,928,2530,True
881,583419.8194129508,5789456.349671432,928,2532,True
882,583419.4522773366,5789455.007182683,927,2533,True
883,583419.0851417225,5789453.664693933,927,2535,True
884,583418.7180061083,5789452.322205183,926,2537,True
885,583418.3508704941,5789450.979716434,926,2539,True
886,583417.98373488,5789449.637227684,925,2541,True
887,583417.6165992658,5789448.294738935,925,2543,True
888,583417.2494636516,5789446.952250185,924,2544,True
889,583416.8823280374,5789445.6097614365,924,2546,True
890,583416.5151924232,5789444.267272687,923,2548,True
891,583416.1480568091,5789442.924783938,923,2550,True
892,583415.7809211949,5789441.582295188,922,2552,True
893,583415.4137855808,5789440.239806438,922,2553,True
894,583415.0466499666,5789438.897317689,921,2555,True
895,583414.6795143525,5789437.554828939,921,2557,True
896,583414.3123787382,5789436.21234019,920,2559,True
897,583413.945243124,5789434.86985144,920,2561,True
898,583413.5781075099,5789433.527362691,919,2563,True
899,583413.2109718957,5789432.184873941,919,2564,True
900,583412.8438362816,5789430.842385192,918,2566,True
901,583412.4767006674,5789429.4998964425,918,2568,True
902,583412.1095650533,5789428.157407694,917,2570,True
903,583411.7424294391,5789426.814918944,917,2572,True
904,583411.3752938248,5789425.472430194,916,2573,True
905,583411.0081582107,5789424.129941445,916,2575,True
906,583410.6410225965,5789422.787452695,915,2577,True
907,583410.2738869824,5789421.444963946,915,2579,True
908,583409.9067513682,5789420.102475196,914,2581,True
909,583409.539615754,5789418.759986447,914,2583,True
910,583409.1724801399,5789417.417497697,913,2584,True
911,583408.8053445257,5789416.075008948,913,2586,True
912,583408.4382089115,5789414.732520198,912,2588,True
913,583408.0710732973,5789413.390031449,912,2590,True
914,583407.7039376831,5789412.0475427,911,2592,True
915,583407.336802069,5789410.70505395,911,2593,True
916,583406.9696664548,5789409.362565201,910,2595,True
917,583406.6025308407,5789408.020076451,910,2597,True
918,583406.2353952265,5789406.677587702,909,2599,True
919,583405.8682596124,5789405.335098952,909,2601,True
920,583405.5011239981,5789403.992610203,908,2603,True
921,583405.1339883839,5789402.650121453,908,2604,True
922,583404.7668527698,5789401.307632704,907,2606,True
923,583404.3997171556,5789399.965143954,907,2608,False
924,583404.0356261677,5789398.593285369,906,2610,True
925,583403.6715351798,5789397.221426783,906,2612,True
926,583403.3074441919,5789395.849568197,905,2614,True
927,583402.9433532039,5789394.477709611,905,2615,True
928,583402.5792622161,5789393.105851025,904,2617,True
929,583402.2151712282,5789391.73399244,904,2619,True
930,583401.8510802402,5789390.362133853,903,2621,True
931,583401.4869892524,5789388.9902752675,903,2623,True
932,583401.1228982644,5789387.618416682,902,2625,True
933,583400.7588072766,5789386.246558096,902,2627,True
934,583400.3947162887,5789384.874699511,901,2628,True
935,583400.0306253007,5789383.502840924,901,2630,True
936,583399.6665343129,5789382.130982338,901,2632,True
937,583399.3024433249,5789380.759123753,900,2634,True
938,583398.938352337,5789379.387265167,900,2636,True
939,583398.5742613492,5789378.015406581,899,2638,True
940,583398.2101703612,5789376.643547995,899,2640,True
941,583397.8460793733,5789375.271689409,898,2641,True
942,583397.4819883854,5789373.899830824,898,2643,True
943,583397.1178973975,5789372.527972237,897,2645,True
944,583396.7538064095,5789371.156113652,897,2647,True
945,583396.3897154217,5789369.784255066,896,2649,True
946,583396.0256244338,5789368.41239648,896,2651,True
947,583395.6615334458,5789367.040537895,895,2653,True
948,583395.297442458,5789365.668679308,895,2654,True
949,583394.93335147,5789364.2968207225,894,2656,True
950,583394.5692604822,5789362.924962137,894,2658,True
951,583394.2051694943,5789361.553103551,893,2660,True
952,583393.8410785063,5789360.181244965,893,2662,True
953,583393.4769875185,5789358.809386379,892,2664,True
954,583393.1128965305,5789357.437527793,892,2666,True
955,583392.7488055426,5789356.065669208,891,2668,True
956,583392.3847145548,5789354.693810622,891,2669,True
957,583392.0206235668,5789353.321952036,890,2671,True
958,583391.6565325789,5789351.95009345,890,2673,True
959,583391.292441591,5789350.578234864,889,2675,True
960,583390.9283506031,5789349.206376279,889,2677,True
961,583390.5642596151,5789347.834517692,888,2679,True
962,583390.2001686273,5789346.462659107,888,2681,True
963,583389.8360776394,5789345.090800521,887,2682,True
964,583389.4719866514,5789343.718941935,887,2684,True
965,583389.1078956636,5789342.34708335,886,2686,True
966,583388.7438046756,5789340.975224763,886,2688,True
967,583388.3797136877,5789339.6033661775,885,2690,True
968,583388.0156226999,5789338.231507592,885,2692,True
969,583387.6515317119,5789336.859649006,884,2694,True
970,583387.2874407241,5789335.48779042,884,2695,True
971,583386.9233497361,5789334.115931834,883,2697,True
972,583386.5592587482,5789332.7440732485,883,2699,True
973,583386.1951677604,5789331.372214663,882,2701,True
974,583385.8310767724,5789330.000356077,882,2703,True
975,583385.4669857845,5789328.628497491,881,2705,True
976,583385.1028947966,5789327.256638905,881,2707,True
977,583384.7388038087,5789325.884780319,880,2708,True
978,583384.3747128207,5789324.512921734,880,2710,True
979,583384.0106218329,5789323.141063147,879,2712,True
980,583383.646530845,5789321.769204562,879,2714,True
981,583383.282439857,5789320.397345976,878,2716,True
982,583382.9183488692,5789319.02548739,878,2718,True
983,583382.5542578812,5789317.653628804,877,2720,True
984,583382.1901668933,5789316.281770218,877,2721,True
985,583381.8260759055,5789314.909911633,876,2723,True
986,583381.4619849175,5789313.538053047,876,2725,True
987,583381.0978939297,5789312.166194461,875,2727,True
988,583380.7338029417,5789310.794335875,875,2729,True
989,583380.3697119538,5789309.422477289,874,2731,True
990,583380.005620966,5789308.0506187035,874,2733,True
991,583379.641529978,5789306.678760118,873,2734,True
992,583379.2774389901,5789305.306901531,873,2736,True
993,583378.9133480022,5789303.935042946,872,2738,True
994,583378.5492570143,5789302.56318436,872,2740,False
995,583378.1910608918,5789301.203658455,871,2742,True
996,583377.8328647695,5789299.844132551,871,2744,True
997,583377.474668647,5789298.484606646,870,2746,True
998,583377.1164725246,5789297.125080741,870,2747,True
999,583376.7582764023,5789295.765554837,869,2749,True
1000,583376.4000802798,5789294.406028932,869,2751,True
1001,583376.0418841573,5789293.046503027,868,2753,True
1002,583375.683688035,5789291.686977122,868,2755,True
1003,583375.3254919125,5789290.327451218,868,2757,True
1004,583374.9672957901,5789288.967925313,867,2758,True
1005,583374.6090996678,5789287.608399408,867,2760,True
1006,583374.2509035453,5789286.248873504,866,2762,True
1007,583373.8927074228,5789284.889347599,866,2764,True
1008,583373.5345113005,5789283.529821694,865,2766,True
1009,583373.176315178,5789282.17029579,865,2768,True
1010,583372.8181190556,5789280.810769885,864,2769,True
1011,583372.4599229333,5789279.45124398,864,2771,True
1012,583372.1017268108,5789278.091718076,863,2773,True
1013,583371.7435306883,5789276.732192171,863,2775,True
1014,583371.3853345659,5789275.372666266,862,2777,True
1015,583371.0271384435,5789274.013140362,862,2779,True
1016,583370.6689423211,5789272.653614457,861,2781,True
1017,583370.3107461986,5789271.294088552,861,2782,True
1018,583369.9525500763,5789269.934562647,860,2784,True
1019,583369.5943539538,5789268.575036743,860,2786,True
1020,583369.2361578314,5789267.215510838,859,2788,True
1021,583368.877961709,5789265.855984933,859,2790,True
1022,583368.5197655866,5789264.496459029,858,2792,True
1023,583368.1615694641,5789263.136933124,858,2793,True
1024,583367.8033733418,5789261.777407219,857,2795,True
1025,583367.4451772193,5789260.417881315,857,2797,True
1026,583367.0869810969,5789259.05835541,856,2799,True
1027,583366.7287849745,5789257.698829505,856,2801,True
1028,583366.3705888521,5789256.339303601,855,2803,True
1029,583366.0123927296,5789254.979777696,855,2804,True
1030,583365.6541966073,5789253.620251791,854,2806,True
1031,583365.2960004848,5789252.260725886,854,2808,True
1032,583364.9378043624,5789250.901199982,853,2810,True
1033,583364.57960824,5789249.541674077,853,2812,True
1034,583364.2214121176,5789248.182148172,852,2814,True
1035,583363.8632159951,5789246.8226222675,852,2816,True
1036,583363.5050198728,5789245.463096363,852,2817,True
1037,583363.1468237503,5789244.103570458,851,2819,True
1038,583362.7886276279,5789242.7440445535,851,2821,True
1039,583362.4304315055,5789241.3845186485,850,2823,True
1040,583362.0722353831,5789240.0249927435,850,2825,True
1041,583361.7140392606,5789238.665466839,849,2827,True
1042,583361.3558431383,5789237.305940934,849,2828,True
1043,583360.9976470158,5789235.9464150295,848,2830,True
1044,583360.6394508934,5789234.5868891245,848,2832,True
1045,583360.281254771,5789233.22736322,847,2834,True
1046,583359.9230586486,5789231.867837315,847,2836,True
1047,583359.5648625261,5789230.50831141,846,2838,True
1048,583359.2066664037,5789229.148785506,846,2839,True
1049,583358.8484702813,5789227.789259601,845,2841,True
1050,583358.4902741589,5789226.429733696,845,2843,True
1051,583358.1320780364,5789225.070207792,844,2845,True
1052,583357.7738819141,5789223.710681887,844,2847,True
1053,583357.4156857916,5789222.351155982,843,2849,True
1054,583357.0574896692,5789220.991630078,843,2850,True
1055,583356.6992935468,5789219.632104173,842,2852,True
1056,583356.3410974244,5789218.272578268,842,2854,True
1057,583355.9829013019,5789216.913052364,841,2856,True
1058,583355.6247051796,5789215.553526459,841,2858,True
1059,583355.2665090571,5789214.194000554,840,2860,True
1060,583354.9083129347,5789212.834474649,840,2862,True
1061,583354.5501168123,5789211.474948745,839,2863,True
1062,583354.1919206899,5789210.11542284,839,2865,True
1063,583353.8337245674,5789208.755896935,838,2867,True
1064,583353.4755284451,5789207.396371031,838,2869,True
1065,583353.1173323226,5789206.036845126,837,2871,False
1066,583352.7481895194,5789204.666473353,837,2873,True
1067,583352.379046716,5789203.29610158,836,2874,True
1068,583352.0099039128,5789201.925729807,836,2876,True
1069,583351.6407611094,5789200.555358034,835,2878,True
1070,583351.2716183062,5789199.184986261,835,2880,True
1071,583350.9024755029,5789197.814614488,834,2882,True
1072,583350.5333326996,5789196.444242714,834,2884,True
1073,583350.1641898963,5789195.073870941,833,2886,True
1074,583349.795047093,5789193.703499168,833,2887,True
1075,583349.4259042897,5789192.333127395,832,2889,True
1076,583349.0567614865,5789190.962755621,832,2891,True
1077,583348.6876186831,5789189.5923838485,831,2893,True
1078,583348.3184758798,5789188.222012076,831,2895,True
1079,583347.9493330765,5789186.851640303,830,2897,True
1080,583347.5801902732,5789185.481268529,830,2899,True
1081,583347.2110474699,5789184.110896756,829,2900,True
1082,583346.8419046666,5789182.740524983,829,2902,True
1083,583346.4727618634,5789181.37015321,828,2904,True
1084,583346.10361906,5789179.999781436,828,2906,True
1085,583345.7344762568,5789178.629409663,827,2908,True
1086,583345.3653334534,5789177.2590378905,827,2910,True
1087,583344.9961906502,5789175.888666118,826,2912,True
1088,583344.6270478469,5789174.518294344,826,2913,True
1089,583344.2579050435,5789173.147922571,825,2915,True
1090,583343.8887622403,5789171.777550798,825,2917,True
1091,583343.5196194369,5789170.407179025,824,2919,True
1092,583343.1504766337,5789169.036807252,824,2921,True
1093,583342.7813338304,5789167.666435478,823,2923,True
1094,583342.4121910271,5789166.296063705,823,2925,True
1095,583342.0430482238,5789164.925691932,822,2926,True
1096,583341.6739054205,5789163.5553201595,822,2928,True
1097,583341.3047626172,5789162.184948386,821,2930,True
1098,583340.935619814,5789160.814576613,821,2932,True
1099,583340.5664770106,5789159.44420484,820,2934,True
1100,583340.1973342074,5789158.073833067,820,2936,True
1101,583339.828191404,5789156.703461293,819,2938,True
1102,583339.4590486008,5789155.33308952,819,2939,True
1103,583339.0899057974,5789153.962717747,818,2941,True
1104,583338.7207629941,5789152.592345974,818,2943,True
1105,583338.3516201909,5789151.221974201,817,2945,True
1106,583337.9824773875,5789149.851602428,817,2947,True
1107,583337.6133345843,5789148.481230655,816,2949,True
1108,583337.2441917809,5789147.110858882,816,2951,True
1109,583336.8750489777,5789145.740487108,815,2952,True
1110,583336.5059061744,5789144.370115335,815,2954,True
1111,583336.1367633711,5789142.999743562,814,2956,True
1112,583335.7676205678,5789141.629371789,814,2958,True
1113,583335.3984777645,5789140.259000016,813,2960,True
1114,583335.0293349612,5789138.888628243,813,2962,True
1115,583334.660192158,5789137.51825647,812,2964,True
1116,583334.2910493546,5789136.147884697,812,2965,True
1117,583333.9219065513,5789134.777512924,811,2967,True
1118,583333.552763748,5789133.40714115,811,2969,True
1119,583333.1836209447,5789132.036769377,810,2971,True
1120,583332.8144781415,5789130.666397604,810,2973,True
1121,583332.4453353381,5789129.296025831,809,2975,True
1122,583332.0761925349,5789127.925654057,809,2977,True
1123,583331.7070497315,5789126.5552822845,808,2978,True
1124,583331.3379069283,5789125.184910512,808,2980,True
1125,583330.9687641249,5789123.814538739,807,2982,True
1126,583330.5996213217,5789122.444166965,807,2984,True
1127,583330.2304785184,5789121.073795192,806,2986,True
1128,583329.861335715,5789119.703423419,806,2988,True
1129,583329.4921929118,5789118.333051646,805,2990,True
1130,583329.1230501084,5789116.962679872,805,2991,True
1131,583328.7539073052,5789115.592308099,804,2993,True
1132,583328.3847645019,5789114.2219363265,804,2995,True
1133,583328.0156216986,5789112.851564554,803,2997,True
1134,583327.6464788953,5789111.48119278,803,2999,True
1135,583327.277336092,5789110.110821007,802,3001,True
1136,583326.9081932887,5789108.740449234,802,3003,False
1137,583326.5332705684,5789107.404585954,801,3004,True
1138,583326.1583478481,5789106.068722674,801,3006,True
1139,583325.7834251277,5789104.732859394,800,3008,True
1140,583325.4085024075,5789103.3969961135,800,3010,True
1141,583325.0335796871,5789102.061132833,799,3012,True
1142,583324.6586569668,5789100.725269553,799,3013,True
1143,583324.2837342465,5789099.389406273,798,3015,True
1144,583323.9088115261,5789098.053542994,798,3017,True
1145,583323.5338888059,5789096.717679714,797,3019,True
1146,583323.1589660855,5789095.381816434,797,3021,True
1147,583322.7840433652,5789094.045953154,796,3022,True
1148,583322.4091206449,5789092.7100898735,796,3024,True
1149,583322.0341979245,5789091.374226593,795,3026,True
1150,583321.6592752043,5789090.038363313,795,3028,True
1151,583321.2843524839,5789088.702500033,794,3030,True
1152,583320.9094297637,5789087.366636753,794,3032,True
1153,583320.5345070433,5789086.030773473,793,3033,True
1154,583320.159584323,5789084.694910193,793,3035,True
1155,583319.7846616027,5789083.359046913,792,3037,True
1156,583319.4097388823,5789082.023183633,792,3039,True
1157,583319.0348161621,5789080.6873203525,791,3041,True
1158,583318.6598934417,5789079.351457073,791,3042,True
1159,583318.2849707213,5789078.015593793,790,3044,True
1160,583317.9100480011,5789076.679730513,790,3046,True
1161,583317.5351252807,5789075.343867233,789,3048,True
1162,583317.1602025605,5789074.008003953,789,3050,True
1163,583316.7852798401,5789072.672140673,788,3051,True
1164,583316.4103571197,5789071.336277393,788,3053,True
1165,583316.0354343995,5789070.000414113,787,3055,True
1166,583315.6605116791,5789068.6645508325,787,3057,True
1167,583315.2855889589,5789067.328687552,786,3059,True
1168,583314.9106662385,5789065.992824272,786,3060,True
1169,583314.5357435182,5789064.656960992,785,3062,True
1170,583314.1608207979,5789063.321097712,785,3064,True
1171,583313.7858980775,5789061.985234432,784,3066,True
1172,583313.4109753573,5789060.649371153,784,3068,True
1173,583313.0360526369,5789059.313507873,783,3070,True
1174,583312.6611299167,5789057.9776445925,783,3071,True
1175,583312.2862071963,5789056.641781312,782,3073,True
1176,583311.9112844759,5789055.305918032,782,3075,True
1177,583311.5363617557,5789053.970054752,781,3077,True
1178,583311.1614390353,5789052.634191472,781,3079,True
1179,583310.7865163151,5789051.298328192,780,3080,True
1180,583310.4115935947,5789049.962464912,780,3082,True
1181,583310.0366708743,5789048.626601632,779,3084,True
1182,583309.6617481541,5789047.290738352,779,3086,True
1183,583309.2868254337,5789045.9548750715,778,3088,True
1184,583308.9119027135,5789044.619011791,778,3089,True
1185,583308.5369799931,5789043.283148511,777,3091,True
1186,583308.1620572727,5789041.947285232,777,3093,True
1187,583307.7871345525,5789040.611421952,776,3095,True
1188,583307.4122118321,5789039.275558672,776,3097,True
1189,583307.0372891119,5789037.939695392,775,3098,True
1190,583306.6623663915,5789036.603832112,775,3100,True
1191,583306.2874436711,5789035.267968832,774,3102,True
1192,583305.9125209509,5789033.9321055515,773,3104,True
1193,583305.5375982305,5789032.596242271,773,3106,True
1194,583305.1626755103,5789031.260378991,772,3108,True
1195,583304.7877527899,5789029.924515711,772,3109,True
1196,583304.4128300697,5789028.588652431,771,3111,True
1197,583304.0379073493,5789027.252789151,771,3113,True
1198,583303.6629846289,5789025.916925871,770,3115,True
1199,583303.2880619087,5789024.581062591,770,3117,True
1200,583302.9131391883,5789023.2451993115,769,3118,True
1201,583302.5382164681,5789021.909336031,769,3120,True
1202,583302.1632937477,5789020.573472751,768,3122,True
1203,583301.7883710273,5789019.237609471,768,3124,True
1204,583301.4134483071,5789017.901746191,767,3126,True
1205,583301.0385255867,5789016.565882911,767,3127,True
1206,583300.6636028665,5789015.230019631,766,3129,True
1207,583300.2886801461,5789013.894156351,766,3131,False
1208,583299.9168895934,5789012.525268566,765,3133,True
1209,583299.5450990406,5789011.156380781,765,3135,True
1210,583299.1733084877,5789009.787492996,764,3137,True
1211,583298.801517935,5789008.418605211,764,3138,True
1212,583298.4297273823,5789007.049717427,763,3140,True
1213,583298.0579368295,5789005.680829642,763,3142,True
1214,583297.6861462768,5789004.311941857,762,3144,True
1215,583297.314355724,5789002.943054073,762,3146,True
1216,583296.9425651712,5789001.574166288,761,3148,True
1217,583296.5707746184,5789000.205278503,761,3150,True
1218,583296.1989840657,5788998.836390718,760,3151,True
1219,583295.8271935129,5788997.467502933,760,3153,True
1220,583295.4554029602,5788996.098615148,759,3155,True
1221,583295.0836124074,5788994.729727364,759,3157,True
1222,583294.7118218546,5788993.360839579,758,3159,True
1223,583294.3400313018,5788991.991951794,758,3161,True
1224,583293.9682407491,5788990.6230640095,757,3163,True
1225,583293.5964501963,5788989.254176225,757,3164,True
1226,583293.2246596436,5788987.88528844,756,3166,True
1227,583292.8528690909,5788986.516400655,756,3168,True
1228,583292.481078538,5788985.14751287,755,3170,True
1229,583292.1092879853,5788983.778625085,755,3172,True
1230,583291.7374974325,5788982.409737301,754,3174,True
1231,583291.3657068798,5788981.040849516,754,3176,True
1232,583290.993916327,5788979.671961731,753,3177,True
1233,583290.6221257743,5788978.303073946,753,3179,True
1234,583290.2503352214,5788976.9341861615,752,3181,True
1235,583289.8785446687,5788975.565298377,752,3183,True
1236,583289.5067541159,5788974.196410592,751,3185,True
1237,583289.1349635632,5788972.827522807,751,3187,True
1238,583288.7631730104,5788971.458635022,750,3189,True
1239,583288.3913824577,5788970.089747238,750,3190,True
1240,583288.0195919048,5788968.720859453,749,3192,True
1241,583287.6478013521,5788967.351971668,749,3194,True
1242,583287.2760107993,5788965.983083883,748,3196,True
1243,583286.9042202466,5788964.614196098,748,3198,True
1244,583286.5324296938,5788963.2453083135,747,3200,True
1245,583286.1606391411,5788961.876420529,747,3202,True
1246,583285.7888485882,5788960.507532744,746,3203,True
1247,583285.4170580355,5788959.13864496,746,3205,True
1248,583285.0452674828,5788957.769757175,745,3207,True
1249,583284.67347693,5788956.40086939,745,3209,True
1250,583284.3016863773,5788955.031981605,744,3211,True
1251,583283.9298958245,5788953.66309382,744,3213,True
1252,583283.5581052717,5788952.294206035,743,3215,True
1253,583283.1863147189,5788950.92531825,743,3216,True
1254,583282.8145241662,5788949.556430466,742,3218,True
1255,583282.4427336134,5788948.187542681,742,3220,True
1256,583282.0709430607,5788946.818654897,741,3222,True
1257,583281.6991525079,5788945.449767112,741,3224,True
1258,583281.3273619551,5788944.080879327,740,3226,True
1259,583280.9555714023,5788942.711991542,740,3227,True
1260,583280.5837808496,5788941.343103757,739,3229,True
1261,583280.2119902968,5788939.974215972,739,3231,True
1262,583279.8401997441,5788938.605328187,738,3233,True
1263,583279.4684091914,5788937.236440402,738,3235,True
1264,583279.0966186385,5788935.867552618,737,3237,True
1265,583278.7248280857,5788934.498664834,737,3239,True
1266,583278.353037533,5788933.129777049,736,3240,True
1267,583277.9812469803,5788931.760889264,736,3242,True
1268,583277.6094564275,5788930.392001479,735,3244,True
1269,583277.2376658748,5788929.023113694,735,3246,True
1270,583276.8658753219,5788927.654225909,734,3248,True
1271,583276.4940847692,5788926.285338124,734,3250,True
1272,583276.1222942164,5788924.916450339,733,3252,True
1273,583275.7505036637,5788923.5475625545,733,3253,True
1274,583275.3787131109,5788922.1786747705,732,3255,True
1275,583275.0069225582,5788920.809786986,732,3257,True
1276,583274.6351320053,5788919.440899201,731,3259,True
1277,583274.2633414526,5788918.072011416,731,3261,True
1278,583273.8915508998,5788916.703123631,730,3263,False
1279,583273.5230305532,5788915.3628465785,730,3265,True
1280,583273.1545102067,5788914.022569526,729,3266,True
1281,583272.7859898601,5788912.6822924735,729,3268,True
1282,583272.4174695135,5788911.342015422,728,3270,True
1283,583272.048949167,5788910.001738369,728,3272,True
1284,583271.6804288204,5788908.661461317,727,3274,True
1285,583271.3119084738,5788907.3211842645,727,3275,True
1286,583270.9433881273,5788905.980907212,726,3277,True
1287,583270.5748677807,5788904.6406301595,726,3279,True
1288,583270.2063474341,5788903.300353108,725,3281,True
1289,583269.8378270875,5788901.9600760555,725,3283,True
1290,583269.4693067409,5788900.619799003,724,3285,True
1291,583269.1007863943,5788899.2795219505,724,3286,True
1292,583268.7322660479,5788897.939244898,723,3288,True
1293,583268.3637457013,5788896.598967846,723,3290,True
1294,583267.9952253547,5788895.258690793,722,3292,True
1295,583267.6267050081,5788893.9184137415,722,3294,True
1296,583267.2581846615,5788892.578136689,721,3295,True
1297,583266.8896643149,5788891.237859637,721,3297,True
1298,583266.5211439683,5788889.897582584,720,3299,True
1299,583266.1526236217,5788888.557305532,720,3301,True
1300,583265.7841032752,5788887.217028479,719,3303,True
1301,583265.4155829287,5788885.876751428,719,3304,True
1302,583265.0470625821,5788884.536474375,718,3306,True
1303,583264.6785422355,5788883.196197323,718,3308,True
1304,583264.3100218889,5788881.85592027,717,3310,True
1305,583263.9415015423,5788880.515643218,717,3312,True
1306,583263.5729811958,5788879.175366165,716,3314,True
1307,583263.2044608492,5788877.835089113,716,3315,True
1308,583262.8359405026,5788876.494812061,715,3317,True
1309,583262.467420156,5788875.154535009,715,3319,True
1310,583262.0988998095,5788873.814257956,714,3321,True
1311,583261.7303794629,5788872.473980904,714,3323,True
1312,583261.3618591164,5788871.133703851,713,3324,True
1313,583260.9933387698,5788869.793426799,713,3326,True
1314,583260.6248184232,5788868.453149747,712,3328,True
1315,583260.2562980766,5788867.112872695,712,3330,True
1316,583259.88777773,5788865.772595642,711,3332,True
1317,583259.5192573834,5788864.43231859,711,3334,True
1318,583259.150737037,5788863.092041537,710,3335,True
1319,583258.7822166904,5788861.751764485,710,3337,True
1320,583258.4136963438,5788860.411487433,709,3339,True
1321,583258.0451759972,5788859.071210381,709,3341,True
1322,583257.6766556506,5788857.730933328,708,3343,True
1323,583257.308135304,5788856.390656276,708,3344,True
1324,583256.9396149574,5788855.050379223,707,3346,True
1325,583256.5710946108,5788853.710102171,707,3348,True
1326,583256.2025742643,5788852.369825118,706,3350,True
1327,583255.8340539178,5788851.029548067,706,3352,True
1328,583255.4655335712,5788849.689271014,705,3354,True
1329,583255.0970132246,5788848.348993962,705,3355,True
1330,583254.728492878,5788847.008716909,704,3357,True
1331,583254.3599725314,5788845.668439857,704,3359,True
1332,583253.9914521849,5788844.328162804,703,3361,True
1333,583253.6229318383,5788842.987885753,703,3363,True
1334,583253.2544114917,5788841.6476087,702,3364,True
1335,583252.8858911451,5788840.307331648,702,3366,True
1336,583252.5173707986,5788838.967054595,701,3368,True
1337,583252.148850452,5788837.626777543,701,3370,True
1338,583251.7803301055,5788836.28650049,700,3372,True
1339,583251.4118097589,5788834.946223438,700,3373,True
1340,583251.0432894123,5788833.605946386,699,3375,True
1341,583250.6747690657,5788832.265669334,699,3377,True
1342,583250.3062487191,5788830.925392281,698,3379,True
1343,583249.9377283725,5788829.585115229,698,3381,True
1344,583249.5692080259,5788828.244838176,697,3383,True
1345,583249.2006876795,5788826.904561124,697,3384,True
1346,583248.8321673329,5788825.564284072,696,3386,True
1347,583248.4636469863,5788824.22400702,696,3388,True
1348,583248.0951266397,5788822.883729967,695,3390,True
1349,583247.7266062931,5788821.543452915,695,3392,False
1350,583247.7075245308,5788821.316665594,695,3392,True
1351,583247.6884427684,5788821.089878273,695,3392,True
1352,583247.6693610061,5788820.863090952,695,3393,True
1353,583247.6502792437,5788820.636303631,695,3393,True
1354,583247.6311974814,5788820.40951631,695,3393,True
1355,583247.612115719,5788820.182728989,695,3393,True
1356,583247.5930339567,5788819.955941668,694,3394,True
1357,583247.5739521943,5788819.729154347,694,3394,True
1358,583247.554870432,5788819.502367026,694,3394,True
1359,583247.5357886696,5788819.275579705,694,3395,True
1360,583247.5167069073,5788819.048792385,694,3395,True
1361,583247.497625145,5788818.822005063,694,3395,True
1362,583247.4785433826,5788818.595217742,694,3396,True
1363,583247.4594616203,5788818.368430422,694,3396,True
1364,583247.4403798579,5788818.1416431,694,3396,True
1365,583247.4212980956,5788817.914855779,694,3397,True
1366,583247.4022163332,5788817.688068459,694,3397,True
1367,583247.3831345709,5788817.461281138,694,3397,True
1368,583247.3640528085,5788817.234493816,694,3397,True
1369,583247.3449710462,5788817.007706495,694,3398,True
1370,583247.3258892839,5788816.780919175,694,3398,True
1371,583247.3068075215,5788816.554131853,694,3398,True
1372,583247.2877257592,5788816.327344532,694,3399,True
1373,583247.2686439968,5788816.100557212,694,3399,True
1374,583247.2495622345,5788815.8737698905,694,3399,True
1375,583247.2304804721,5788815.646982569,694,3400,True
1376,583247.2113987098,5788815.420195249,694,3400,True
1377,583247.1923169474,5788815.193407928,694,3400,True
1378,583247.1732351851,5788814.966620606,694,3401,True
1379,583247.1541534227,5788814.739833286,694,3401,True
1380,583247.1350716604,5788814.513045965,694,3401,True
1381,583247.1159898981,5788814.2862586435,694,3401,True
1382,583247.0969081357,5788814.059471323,694,3402,True
1383,583247.0778263734,5788813.832684002,694,3402,True
1384,583247.058744611,5788813.605896681,694,3402,True
1385,583247.0396628487,5788813.37910936,694,3403,True
1386,583247.0205810863,5788813.152322039,694,3403,True
1387,583247.001499324,5788812.925534718,694,3403,True
1388,583246.9824175616,5788812.698747397,694,3404,True
1389,583246.9633357993,5788812.471960076,694,3404,True
1390,583246.944254037,5788812.245172755,694,3404,True
1391,583246.9251722746,5788812.0183854345,694,3405,True
1392,583246.9060905123,5788811.791598113,694,3405,True
1393,583246.8870087499,5788811.564810792,694,3405,True
1394,583246.8679269876,5788811.338023472,694,3405,True
1395,583246.8488452252,5788811.11123615,693,3406,True
1396,583246.8297634629,5788810.884448829,693,3406,True
1397,583246.8106817005,5788810.657661509,693,3406,True
1398,583246.7915999382,5788810.4308741875,693,3407,True
1399,583246.7725181758,5788810.204086866,693,3407,True
1400,583246.7534364135,5788809.977299546,693,3407,True
1401,583246.7343546512,5788809.750512225,693,3408,True
1402,583246.7152728888,5788809.523724903,693,3408,True
1403,583246.6961911265,5788809.296937582,693,3408,True
1404,583246.6771093641,5788809.070150262,693,3409,True
1405,583246.6580276018,5788808.8433629405,693,3409,True
1406,583246.6389458394,5788808.616575619,693,3409,True
1407,583246.6198640771,5788808.389788299,693,3409,True
1408,583246.6007823147,5788808.163000978,693,3410,True
1409,583246.5817005524,5788807.936213656,693,3410,True
1410,583246.5626187901,5788807.709426336,693,3410,True
1411,583246.5435370277,5788807.482639015,693,3411,True
1412,583246.5244552654,5788807.255851693,693,3411,True
1413,583246.505373503,5788807.029064373,693,3411,True
1414,583246.4862917407,5788806.802277052,693,3412,True
1415,583246.4672099783,5788806.575489731,693,3412,True
1416,583246.448128216,5788806.34870241,693,3412,True
1417,583246.4290464536,5788806.121915089,693,3413,True
1418,583246.4099646913,5788805.895127768,693,3413,True
1419,583246.3908829289,5788805.668340447,693,3413,True
1420,583246.3718011666,5788805.441553126,693,3413,False
1421,583247.7693155552,5788805.002879278,695,3414,True
1422,583249.166829944,5788804.5642054295,697,3415,True
1423,583250.5643443327,5788804.125531581,699,3415,True
1424,583251.9618587214,5788803.686857732,700,3416,True
1425,583253.3593731101,5788803.248183884,702,3416,True
1426,583254.7568874988,5788802.809510035,704,3417,True
1427,583256.1544018876,5788802.370836187,706,3418,True
1428,583257.5519162762,5788801.932162339,708,3418,True
1429,583258.949430665,5788801.493488491,710,3419,True
1430,583260.3469450537,5788801.054814642,712,3419,True
1431,583261.7444594423,5788800.616140794,714,3420,True
1432,583263.1419738311,5788800.177466945,716,3421,True
1433,583264.5394882198,5788799.7387930965,717,3421,True
1434,583265.9370026086,5788799.300119248,719,3422,True
1435,583267.3345169972,5788798.8614454,721,3422,True
1436,583268.7320313859,5788798.422771552,723,3423,True
1437,583270.1295457747,5788797.984097703,725,3424,True
1438,583271.5270601633,5788797.545423855,727,3424,True
1439,583272.924574552,5788797.106750007,729,3425,True
1440,583274.3220889408,5788796.668076158,731,3425,True
1441,583275.7196033294,5788796.229402309,733,3426,True
1442,583277.1171177182,5788795.790728461,734,3427,True
1443,583278.5146321069,5788795.352054613,736,3427,True
1444,583279.9121464955,5788794.913380764,738,3428,True
1445,583281.3096608843,5788794.474706916,740,3428,True
1446,583282.707175273,5788794.036033068,742,3429,True
1447,583284.1046896618,5788793.59735922,744,3429,True
1448,583285.5022040504,5788793.15868537,746,3430,True
1449,583286.8997184391,5788792.720011522,748,3431,True
1450,583288.2972328279,5788792.281337674,750,3431,True
1451,583289.6947472165,5788791.8426638255,752,3432,True
1452,583291.0922616053,5788791.403989977,753,3432,True
1453,583292.489775994,5788790.965316129,755,3433,True
1454,583293.8872903826,5788790.526642281,757,3434,True
1455,583295.2848047714,5788790.087968432,759,3434,True
1456,583296.6823191601,5788789.649294583,761,3435,True
1457,583298.0798335489,5788789.210620735,763,3435,True
1458,583299.4773479375,5788788.771946887,765,3436,True
1459,583300.8748623262,5788788.333273038,767,3437,True
1460,583302.272376715,5788787.89459919,769,3437,True
1461,583303.6698911036,5788787.455925342,770,3438,True
1462,583305.0674054924,5788787.017251493,772,3438,True
1463,583306.4649198811,5788786.578577645,774,3439,True
1464,583307.8624342697,5788786.139903796,776,3440,True
1465,583309.2599486585,5788785.701229948,778,3440,True
1466,583310.6574630472,5788785.262556099,780,3441,True
1467,583312.054977436,5788784.823882251,782,3441,True
1468,583313.4524918246,5788784.385208403,784,3442,True
1469,583314.8500062133,5788783.9465345545,786,3443,True
1470,583316.2475206021,5788783.507860706,787,3443,True
1471,583317.6450349907,5788783.069186858,789,3444,True
1472,583319.0425493795,5788782.630513009,791,3444,True
1473,583320.4400637682,5788782.19183916,793,3445,True
1474,583321.8375781568,5788781.753165312,795,3446,True
1475,583323.2350925456,5788781.314491464,797,3446,True
1476,583324.6326069343,5788780.875817616,799,3447,True
1477,583326.030121323,5788780.437143767,801,3447,True
1478,583327.4276357117,5788779.998469919,803,3448,True
1479,583328.8251501004,5788779.559796071,805,3449,True
1480,583330.2226644892,5788779.121122221,806,3449,True
1481,583331.6201788778,5788778.682448373,808,3450,True
1482,583333.0176932665,5788778.243774525,810,3450,True
1483,583334.4152076553,5788777.805100677,812,3451,True
1484,583335.812722044,5788777.366426828,814,3451,True
1485,583337.2102364327,5788776.92775298,816,3452,True
1486,583338.6077508214,5788776.489079132,818,3453,True
1487,583340.00526521,5788776.050405283,820,3453,True
1488,583341.4027795988,5788775.611731434,822,3454,True
1489,583342.8002939875,5788775.173057586,823,3454,True
1490,583344.1978083763,5788774.734383738,825,3455,True
1491,583345.595322765,5788774.295709889,827,3456,False
1492,583346.9330757699,5788773.892443495,829,3456,True
1493,583348.270828775,5788773.4891771,831,3457,True
1494,583349.60858178,5788773.085910706,833,3457,True
1495,583350.9463347851,5788772.682644312,834,3458,True
1496,583352.2840877901,5788772.279377918,836,3458,True
1497,583353.6218407952,5788771.876111523,838,3459,True
1498,583354.9595938001,5788771.472845129,840,3459,True
1499,583356.2973468052,5788771.069578734,842,3460,True
1500,583357.6350998102,5788770.66631234,844,3461,True
1501,583358.9728528153,5788770.263045946,845,3461,True
1502,583360.3106058203,5788769.859779552,847,3462,True
1503,583361.6483588252,5788769.456513157,849,3462,True
1504,583362.9861118303,5788769.053246763,851,3463,True
1505,583364.3238648353,5788768.649980368,853,3463,True
1506,583365.6616178404,5788768.246713974,854,3464,True
1507,583366.9993708454,5788767.843447579,856,3464,True
1508,583368.3371238505,5788767.4401811855,858,3465,True
1509,583369.6748768555,5788767.036914791,860,3465,True
1510,583371.0126298605,5788766.6336483965,862,3466,True
1511,583372.3503828655,5788766.230382002,863,3467,True
1512,583373.6881358705,5788765.827115607,865,3467,True
1513,583375.0258888756,5788765.423849213,867,3468,True
1514,583376.3636418806,5788765.020582819,869,3468,True
1515,583377.7013948857,5788764.617316425,871,3469,True
1516,583379.0391478906,5788764.21405003,873,3469,True
1517,583380.3769008957,5788763.810783636,874,3470,True
1518,583381.7146539007,5788763.407517241,876,3470,True
1519,583383.0524069058,5788763.004250847,878,3471,True
1520,583384.3901599108,5788762.600984452,880,3471,True
1521,583385.7279129159,5788762.197718059,882,3472,True
1522,583387.0656659208,5788761.794451664,883,3473,True
1523,583388.4034189258,5788761.39118527,885,3473,True
1524,583389.7411719309,5788760.987918875,887,3474,True
1525,583391.0789249359,5788760.584652481,889,3474,True
1526,583392.416677941,5788760.181386086,891,3475,True
1527,583393.754430946,5788759.778119693,892,3475,True
1528,583395.092183951,5788759.374853298,894,3476,True
1529,583396.429936956,5788758.971586904,896,3476,True
1530,583397.7676899611,5788758.568320509,898,3477,True
1531,583399.1054429661,5788758.165054115,900,3477,True
1532,583400.4431959711,5788757.76178772,902,3478,True
1533,583401.7809489762,5788757.358521326,903,3479,True
1534,583403.1187019811,5788756.955254932,905,3479,True
1535,583404.4564549862,5788756.551988537,907,3480,True
1536,583405.7942079912,5788756.148722143,909,3480,True
1537,583407.1319609963,5788755.745455748,911,3481,True
1538,583408.4697140013,5788755.342189354,912,3481,True
1539,583409.8074670064,5788754.938922959,914,3482,True
1540,583411.1452200114,5788754.535656566,916,3482,True
1541,583412.4829730164,5788754.132390171,918,3483,True
1542,583413.8207260214,5788753.729123777,920,3484,True
1543,583415.1584790264,5788753.325857382,921,3484,True
1544,583416.4962320315,5788752.922590988,923,3485,True
1545,583417.8339850365,5788752.519324593,925,3485,True
1546,583419.1717380416,5788752.1160582,927,3486,True
1547,583420.5094910465,5788751.712791805,929,3486,True
1548,583421.8472440516,5788751.309525411,931,3487,True
1549,583423.1849970566,5788750.906259016,932,3487,True
1550,583424.5227500617,5788750.502992622,934,3488,True
1551,583425.8605030667,5788750.099726227,936,3488,True
1552,583427.1982560717,5788749.696459833,938,3489,True
1553,583428.5360090767,5788749.293193439,940,3490,True
1554,583429.8737620817,5788748.8899270445,941,3490,True
1555,583431.2115150868,5788748.48666065,943,3491,True
1556,583432.5492680918,5788748.0833942555,945,3491,True
1557,583433.8870210969,5788747.680127861,947,3492,True
1558,583435.2247741019,5788747.2768614665,949,3492,True
1559,583436.562527107,5788746.873595073,950,3493,True
1560,583437.9002801119,5788746.470328678,952,3493,True
1561,583439.238033117,5788746.067062284,954,3494,True
1562,583440.575786122,5788745.663795889,956,3494,False
1563,583440.8545160294,5788745.621271612,956,3494,True
1564,583441.1332459367,5788745.578747334,957,3495,True
1565,583441.4119758442,5788745.536223057,957,3495,True
1566,583441.6907057515,5788745.4936987795,957,3495,True
1567,583441.9694356589,5788745.451174501,958,3495,True
1568,583442.2481655662,5788745.408650224,958,3495,True
1569,583442.5268954737,5788745.366125947,959,3495,True
1570,583442.8056253811,5788745.32360167,959,3495,True
1571,583443.0843552884,5788745.2810773915,959,3495,True
1572,583443.3630851958,5788745.238553114,960,3495,True
1573,583443.6418151032,5788745.196028837,960,3495,True
1574,583443.9205450106,5788745.153504559,960,3495,True
1575,583444.199274918,5788745.110980282,961,3495,True
1576,583444.4780048253,5788745.068456004,961,3495,True
1577,583444.7567347328,5788745.025931726,962,3495,True
1578,583445.0354646401,5788744.983407449,962,3495,True
1579,583445.3141945475,5788744.940883172,962,3495,True
1580,583445.5929244548,5788744.898358894,963,3495,True
1581,583445.8716543623,5788744.855834616,963,3496,True
1582,583446.1503842697,5788744.813310339,963,3496,True
1583,583446.429114177,5788744.770786061,964,3496,True
1584,583446.7078440844,5788744.728261784,964,3496,True
1585,583446.9865739918,5788744.6857375065,965,3496,True
1586,583447.2653038992,5788744.643213229,965,3496,True
1587,583447.5440338065,5788744.600688951,965,3496,True
1588,583447.8227637139,5788744.558164674,966,3496,True
1589,583448.1014936212,5788744.515640397,966,3496,True
1590,583448.3802235287,5788744.473116118,966,3496,True
1591,583448.6589534361,5788744.430591841,967,3496,True
1592,583448.9376833434,5788744.388067564,967,3496,True
1593,583449.2164132508,5788744.345543286,968,3496,True
1594,583449.4951431582,5788744.303019009,968,3496,True
1595,583449.7738730656,5788744.260494731,968,3496,True
1596,583450.052602973,5788744.217970453,969,3496,True
1597,583450.3313328803,5788744.175446176,969,3496,True
1598,583450.6100627878,5788744.132921899,970,3497,True
1599,583450.8887926951,5788744.0903976215,970,3497,True
1600,583451.1675226025,5788744.047873343,970,3497,True
1601,583451.4462525098,5788744.005349066,971,3497,True
1602,583451.7249824173,5788743.962824789,971,3497,True
1603,583452.0037123247,5788743.920300511,971,3497,True
1604,583452.282442232,5788743.8777762335,972,3497,True
1605,583452.5611721394,5788743.835251956,972,3497,True
1606,583452.8399020468,5788743.792727678,973,3497,True
1607,583453.1186319542,5788743.750203401,973,3497,True
1608,583453.3973618615,5788743.707679124,973,3497,True
1609,583453.6760917689,5788743.665154845,974,3497,True
1610,583453.9548216762,5788743.622630568,974,3497,True
1611,583454.2335515837,5788743.580106291,974,3497,True
1612,583454.5122814911,5788743.537582014,975,3497,True
1613,583454.7910113984,5788743.495057736,975,3497,True
1614,583455.0697413058,5788743.452533458,976,3497,True
1615,583455.3484712132,5788743.410009181,976,3497,True
1616,583455.6272011206,5788743.367484903,976,3498,True
1617,583455.905931028,5788743.324960626,977,3498,True
1618,583456.1846609353,5788743.2824363485,977,3498,True
1619,583456.4633908428,5788743.23991207,977,3498,True
1620,583456.7421207501,5788743.197387793,978,3498,True
1621,583457.0208506575,5788743.154863516,978,3498,True
1622,583457.2995805648,5788743.112339238,979,3498,True
1623,583457.5783104723,5788743.0698149605,979,3498,True
1624,583457.8570403797,5788743.027290683,979,3498,True
1625,583458.135770287,5788742.984766405,980,3498,True
1626,583458.4145001944,5788742.942242128,980,3498,True
1627,583458.6932301018,5788742.899717851,980,3498,True
1628,583458.9719600092,5788742.857193573,981,3498,True
1629,583459.2506899165,5788742.814669295,981,3498,True
1630,583459.5294198239,5788742.772145018,982,3498,True
1631,583459.8081497314,5788742.729620741,982,3498,True
1632,583460.0868796387,5788742.687096463,982,3498,True
1633,583460.3656095461,5788742.644572185,983,3499,False
1634,583460.7536583679,5788744.042215095,983,3497,True
1635,583461.1417071898,5788745.439858004,984,3495,True
1636,583461.5297560117,5788746.837500913,984,3493,True
1637,583461.9178048335,5788748.235143823,985,3491,True
1638,583462.3058536554,5788749.632786732,985,3489,True
1639,583462.6939024773,5788751.030429642,986,3487,True
1640,583463.0819512991,5788752.42807255,986,3485,True
1641,583463.470000121,5788753.82571546,987,3483,True
1642,583463.8580489429,5788755.223358369,987,3481,True
1643,583464.2460977648,5788756.621001279,988,3480,True
1644,583464.6341465866,5788758.0186441885,989,3478,True
1645,583465.0221954085,5788759.416287097,989,3476,True
1646,583465.4102442304,5788760.813930007,990,3474,True
1647,583465.7982930522,5788762.211572916,990,3472,True
1648,583466.1863418741,5788763.609215826,991,3470,True
1649,583466.574390696,5788765.006858734,991,3468,True
1650,583466.9624395178,5788766.404501644,992,3466,True
1651,583467.3504883397,5788767.8021445535,992,3464,True
1652,583467.7385371616,5788769.199787463,993,3463,True
1653,583468.1265859834,5788770.597430372,993,3461,True
1654,583468.5146348053,5788771.995073281,994,3459,True
1655,583468.9026836272,5788773.392716191,994,3457,True
1656,583469.290732449,5788774.7903591,995,3455,True
1657,583469.6787812709,5788776.18800201,995,3453,True
1658,583470.0668300928,5788777.5856449185,996,3451,True
1659,583470.4548789146,5788778.983287828,996,3449,True
1660,583470.8429277366,5788780.380930738,997,3447,True
1661,583471.2309765584,5788781.778573647,997,3446,True
1662,583471.6190253802,5788783.176216556,998,3444,True
1663,583472.0070742022,5788784.573859465,999,3442,True
1664,583472.395123024,5788785.971502375,999,3440,True
1665,583472.7831718458,5788787.369145284,1000,3438,True
1666,583473.1712206678,5788788.766788194,1000,3436,True
1667,583473.5592694896,5788790.164431103,1001,3434,True
1668,583473.9473183114,5788791.562074012,1001,3432,True
1669,583474.3353671334,5788792.959716922,1002,3430,True
1670,583474.7234159552,5788794.357359831,1002,3428,True
1671,583475.111464777,5788795.75500274,1003,3427,True
1672,583475.499513599,5788797.152645649,1003,3425,True
1673,583475.8875624208,5788798.550288559,1004,3423,True
1674,583476.2756112426,5788799.9479314685,1004,3421,True
1675,583476.6636600646,5788801.345574378,1005,3419,True
1676,583477.0517088864,5788802.743217287,1005,3417,True
1677,583477.4397577082,5788804.140860196,1006,3415,True
1678,583477.8278065302,5788805.538503106,1006,3413,True
1679,583478.215855352,5788806.936146015,1007,3411,True
1680,583478.603904174,5788808.333788924,1007,3410,True
1681,583478.9919529958,5788809.7314318335,1008,3408,True
1682,583479.3800018176,5788811.129074743,1008,3406,True
1683,583479.7680506395,5788812.526717653,1009,3404,True
1684,583480.1560994614,5788813.924360562,1010,3402,True
1685,583480.5441482832,5788815.322003471,1010,3400,True
1686,583480.9321971051,5788816.71964638,1011,3398,True
1687,583481.320245927,5788818.11728929,1011,3396,True
1688,583481.7082947488,5788819.514932199,1012,3394,True
1689,583482.0963435707,5788820.912575108,1012,3392,True
1690,583482.4843923926,5788822.310218018,1013,3391,True
1691,583482.8724412144,5788823.707860927,1013,3389,True
1692,583483.2604900363,5788825.105503837,1014,3387,True
1693,583483.6485388582,5788826.503146745,1014,3385,True
1694,583484.03658768,5788827.900789655,1015,3383,True
1695,583484.4246365019,5788829.298432564,1015,3381,True
1696,583484.8126853238,5788830.696075474,1016,3379,True
1697,583485.2007341457,5788832.093718383,1016,3377,True
1698,583485.5887829675,5788833.491361292,1017,3375,True
1699,583485.9768317894,5788834.889004202,1017,3374,True
1700,583486.3648806113,5788836.286647111,1018,3372,True
1701,583486.7529294331,5788837.684290021,1018,3370,True
1702,583487.140978255,5788839.081932929,1019,3368,True
1703,583487.5290270769,5788840.479575839,1020,3366,True
1704,583487.9170758987,5788841.877218748,1020,3364,False
1705,583488.2890460769,5788843.24821617,1021,3362,True
1706,583488.661016255,5788844.619213592,1021,3360,True
1707,583489.0329864332,5788845.990211014,1022,3359,True
1708,583489.4049566113,5788847.361208436,1022,3357,True
1709,583489.7769267895,5788848.7322058575,1023,3355,True
1710,583490.1488969676,5788850.10320328,1023,3353,True
1711,583490.5208671459,5788851.474200701,1024,3351,True
1712,583490.892837324,5788852.845198123,1024,3349,True
1713,583491.2648075022,5788854.216195545,1025,3347,True
1714,583491.6367776803,5788855.587192967,1025,3346,True
1715,583492.0087478585,5788856.958190389,1026,3344,True
1716,583492.3807180367,5788858.32918781,1026,3342,True
1717,583492.7526882148,5788859.700185233,1027,3340,True
1718,583493.124658393,5788861.071182654,1027,3338,True
1719,583493.4966285711,5788862.442180077,1028,3336,True
1720,583493.8685987493,5788863.813177498,1028,3334,True
1721,583494.2405689274,5788865.1841749195,1029,3333,True
1722,583494.6125391056,5788866.555172342,1029,3331,True
1723,583494.9845092837,5788867.926169763,1030,3329,True
1724,583495.3564794619,5788869.297167186,1030,3327,True
1725,583495.7284496401,5788870.668164607,1031,3325,True
1726,583496.1004198182,5788872.0391620295,1031,3323,True
1727,583496.4723899964,5788873.410159451,1032,3321,True
1728,583496.8443601745,5788874.781156872,1032,3320,True
1729,583497.2163303527,5788876.152154295,1033,3318,True
1730,583497.5883005308,5788877.523151716,1033,3316,True
1731,583497.960270709,5788878.894149139,1034,3314,True
1732,583498.3322408871,5788880.26514656,1034,3312,True
1733,583498.7042110653,5788881.636143982,1035,3310,True
1734,583499.0761812434,5788883.007141404,1035,3308,True
1735,583499.4481514216,5788884.378138826,1036,3307,True
1736,583499.8201215998,5788885.749136248,1036,3305,True
1737,583500.1920917779,5788887.120133669,1037,3303,True
1738,583500.5640619561,5788888.4911310915,1037,3301,True
1739,583500.9360321342,5788889.862128513,1038,3299,True
1740,583501.3080023124,5788891.233125935,1038,3297,True
1741,583501.6799724905,5788892.604123357,1039,3295,True
1742,583502.0519426687,5788893.975120779,1039,3294,True
1743,583502.4239128468,5788895.346118201,1040,3292,True
1744,583502.795883025,5788896.717115622,1040,3290,True
1745,583503.1678532033,5788898.088113044,1041,3288,True
1746,583503.5398233813,5788899.459110466,1041,3286,True
1747,583503.9117935596,5788900.830107888,1042,3284,True
1748,583504.2837637377,5788902.20110531,1042,3282,True
1749,583504.6557339159,5788903.572102732,1043,3281,True
1750,583505.027704094,5788904.9431001535,1043,3279,True
1751,583505.3996742722,5788906.314097576,1044,3277,True
1752,583505.7716444503,5788907.685094997,1044,3275,True
1753,583506.1436146285,5788909.056092419,1045,3273,True
1754,583506.5155848066,5788910.427089841,1045,3271,True
1755,583506.8875549848,5788911.798087263,1046,3269,True
1756,583507.259525163,5788913.169084685,1046,3268,True
1757,583507.6314953411,5788914.540082106,1047,3266,True
1758,583508.0034655193,5788915.911079529,1047,3264,True
1759,583508.3754356974,5788917.28207695,1048,3262,True
1760,583508.7474058756,5788918.653074372,1048,3260,True
1761,583509.1193760537,5788920.024071794,1049,3258,True
1762,583509.4913462319,5788921.395069215,1049,3256,True
1763,583509.86331641,5788922.766066638,1050,3255,True
1764,583510.2352865882,5788924.137064059,1050,3253,True
1765,583510.6072567664,5788925.508061482,1051,3251,True
1766,583510.9792269445,5788926.879058903,1051,3249,True
1767,583511.3511971227,5788928.250056325,1052,3247,True
1768,583511.7231673008,5788929.621053747,1052,3245,True
1769,583512.095137479,5788930.992051168,1053,3243,True
1770,583512.4671076571,5788932.363048591,1053,3242,True
1771,583512.8390778353,5788933.734046012,1054,3240,True
1772,583513.2110480134,5788935.105043435,1054,3238,True
1773,583513.5830181916,5788936.476040856,1055,3236,True
1774,583513.9549883697,5788937.847038278,1055,3234,True
1775,583514.3269585479,5788939.2180357,1056,3232,False
1776,583514.6924358621,5788940.580220833,1056,3230,True
1777,583515.0579131762,5788941.942405966,1057,3229,True
1778,583515.4233904905,5788943.3045911,1057,3227,True
1779,583515.7888678046,5788944.666776233,1058,3225,True
1780,583516.1543451188,5788946.028961366,1058,3223,True
1781,583516.5198224329,5788947.3911465,1059,3221,True
1782,583516.8852997471,5788948.753331633,1059,3219,True
1783,583517.2507770612,5788950.115516766,1060,3217,True
1784,583517.6162543754,5788951.4777019,1060,3216,True
1785,583517.9817316895,5788952.839887032,1061,3214,True
1786,583518.3472090038,5788954.202072166,1061,3212,True
1787,583518.7126863179,5788955.5642572995,1062,3210,True
1788,583519.0781636321,5788956.926442432,1062,3208,True
1789,583519.4436409462,5788958.288627566,1063,3206,True
1790,583519.8091182604,5788959.650812699,1063,3205,True
1791,583520.1745955745,5788961.012997832,1064,3203,True
1792,583520.5400728887,5788962.375182966,1064,3201,True
1793,583520.9055502028,5788963.737368099,1065,3199,True
1794,583521.271027517,5788965.099553232,1065,3197,True
1795,583521.6365048311,5788966.461738366,1066,3195,True
1796,583522.0019821454,5788967.823923499,1066,3193,True
1797,583522.3674594595,5788969.186108632,1067,3192,True
1798,583522.7329367737,5788970.548293766,1067,3190,True
1799,583523.0984140878,5788971.910478899,1068,3188,True
1800,583523.463891402,5788973.272664032,1068,3186,True
1801,583523.8293687161,5788974.634849166,1069,3184,True
1802,583524.1948460303,5788975.997034298,1069,3182,True
1803,583524.5603233444,5788977.359219432,1070,3181,True
1804,583524.9258006586,5788978.7214045655,1070,3179,True
1805,583525.2912779727,5788980.083589698,1071,3177,True
1806,583525.656755287,5788981.445774832,1071,3175,True
1807,583526.0222326011,5788982.807959965,1072,3173,True
1808,583526.3877099153,5788984.170145098,1072,3171,True
1809,583526.7531872294,5788985.532330232,1073,3169,True
1810,583527.1186645436,5788986.894515365,1073,3168,True
1811,583527.4841418577,5788988.256700498,1074,3166,True
1812,583527.8496191719,5788989.618885632,1074,3164,True
1813,583528.215096486,5788990.981070765,1075,3162,True
1814,583528.5805738003,5788992.343255898,1075,3160,True
1815,583528.9460511144,5788993.705441032,1076,3158,True
1816,583529.3115284286,5788995.067626165,1076,3157,True
1817,583529.6770057427,5788996.429811298,1077,3155,True
1818,583530.0424830569,5788997.791996432,1077,3153,True
1819,583530.407960371,5788999.154181565,1078,3151,True
1820,583530.7734376852,5789000.516366698,1078,3149,True
1821,583531.1389149993,5789001.8785518315,1079,3147,True
1822,583531.5043923135,5789003.240736964,1079,3145,True
1823,583531.8698696276,5789004.602922098,1080,3144,True
1824,583532.2353469419,5789005.965107231,1080,3142,True
1825,583532.600824256,5789007.327292364,1081,3140,True
1826,583532.9663015702,5789008.689477498,1081,3138,True
1827,583533.3317788843,5789010.051662631,1082,3136,True
1828,583533.6972561985,5789011.413847764,1082,3134,True
1829,583534.0627335126,5789012.776032898,1083,3133,True
1830,583534.4282108268,5789014.138218031,1083,3131,True
1831,583534.7936881409,5789015.500403164,1084,3129,True
1832,583535.1591654551,5789016.862588298,1084,3127,True
1833,583535.5246427692,5789018.224773431,1085,3125,True
1834,583535.8901200835,5789019.586958564,1085,3123,True
1835,583536.2555973976,5789020.9491436975,1086,3121,True
1836,583536.6210747118,5789022.311328831,1086,3120,True
1837,583536.9865520259,5789023.673513964,1087,3118,True
1838,583537.3520293401,5789025.035699097,1087,3116,True
1839,583537.7175066542,5789026.39788423,1088,3114,True
1840,583538.0829839684,5789027.760069364,1088,3112,True
1841,583538.4484612825,5789029.122254497,1089,3110,True
1842,583538.8139385968,5789030.48443963,1089,3109,True
1843,583539.1794159109,5789031.846624764,1090,3107,True
1844,583539.5448932251,5789033.208809897,1090,3105,True
1845,583539.9103705392,5789034.57099503,1090,3103,True
1846,583540.2758478534,5789035.933180164,1091,3101,False
1847,583540.6452899652,5789037.298568675,1091,3099,True
1848,583541.014732077,5789038.663957188,1092,3097,True
1849,583541.3841741887,5789040.0293457,1092,3096,True
1850,583541.7536163005,5789041.394734211,1093,3094,True
1851,583542.1230584123,5789042.760122723,1093,3092,True
1852,583542.4925005242,5789044.125511236,1094,3090,True
1853,583542.861942636,5789045.490899747,1094,3088,True
1854,583543.2313847477,5789046.856288259,1095,3086,True
1855,583543.6008268595,5789048.221676771,1095,3085,True
1856,583543.9702689713,5789049.587065283,1096,3083,True
1857,583544.3397110831,5789050.952453795,1096,3081,True
1858,583544.7091531948,5789052.317842307,1097,3079,True
1859,583545.0785953066,5789053.683230818,1097,3077,True
1860,583545.4480374184,5789055.048619331,1098,3075,True
1861,583545.8174795302,5789056.414007843,1098,3073,True
1862,583546.186921642,5789057.779396354,1099,3072,True
1863,583546.5563637537,5789059.144784867,1099,3070,True
1864,583546.9258058656,5789060.5101733785,1100,3068,True
1865,583547.2952479774,5789061.87556189,1100,3066,True
1866,583547.6646900892,5789063.240950402,1101,3064,True
1867,583548.034132201,5789064.6063389145,1101,3062,True
1868,583548.4035743127,5789065.971727426,1102,3061,True
1869,583548.7730164245,5789067.337115938,1102,3059,True
1870,583549.1424585363,5789068.7025044495,1103,3057,True
1871,583549.5119006481,5789070.067892962,1104,3055,True
1872,583549.8813427599,5789071.433281474,1104,3053,True
1873,583550.2507848716,5789072.7986699855,1105,3051,True
1874,583550.6202269834,5789074.164058497,1105,3049,True
1875,583550.9896690953,5789075.52944701,1106,3048,True
1876,583551.3591112071,5789076.8948355215,1106,3046,True
1877,583551.7285533188,5789078.260224033,1107,3044,True
1878,583552.0979954306,5789079.625612546,1107,3042,True
1879,583552.4674375424,5789080.991001057,1108,3040,True
1880,583552.8368796542,5789082.356389569,1108,3038,True
1881,583553.206321766,5789083.721778081,1109,3036,True
1882,583553.5757638777,5789085.087166593,1109,3035,True
1883,583553.9452059895,5789086.452555105,1110,3033,True
1884,583554.3146481013,5789087.817943617,1110,3031,True
1885,583554.6840902132,5789089.183332128,1111,3029,True
1886,583555.053532325,5789090.548720641,1111,3027,True
1887,583555.4229744367,5789091.914109153,1112,3025,True
1888,583555.7924165485,5789093.279497664,1112,3024,True
1889,583556.1618586603,5789094.644886177,1113,3022,True
1890,583556.5313007721,5789096.010274689,1113,3020,True
1891,583556.9007428838,5789097.3756632,1114,3018,True
1892,583557.2701849956,5789098.741051712,1114,3016,True
1893,583557.6396271074,5789100.106440225,1115,3014,True
1894,583558.0090692192,5789101.471828736,1115,3012,True
1895,583558.378511331,5789102.837217248,1116,3011,True
1896,583558.7479534427,5789104.20260576,1116,3009,True
1897,583559.1173955546,5789105.567994272,1117,3007,True
1898,583559.4868376664,5789106.933382784,1117,3005,True
1899,583559.8562797782,5789108.298771296,1118,3003,True
1900,583560.22572189,5789109.664159807,1118,3001,True
1901,583560.5951640017,5789111.02954832,1119,2999,True
1902,583560.9646061135,5789112.394936832,1119,2998,True
1903,583561.3340482253,5789113.760325343,1120,2996,True
1904,583561.7034903371,5789115.125713856,1120,2994,True
1905,583562.0729324489,5789116.491102368,1121,2992,True
1906,583562.4423745606,5789117.856490879,1121,2990,True
1907,583562.8118166724,5789119.221879391,1122,2988,True
1908,583563.1812587843,5789120.587267904,1122,2987,True
1909,583563.5507008961,5789121.952656415,1123,2985,True
1910,583563.9201430078,5789123.318044927,1123,2983,True
1911,583564.2895851196,5789124.683433439,1124,2981,True
1912,583564.6590272314,5789126.048821951,1124,2979,True
1913,583565.0284693432,5789127.414210463,1125,2977,True
1914,583565.397911455,5789128.779598975,1125,2975,True
1915,583565.7673535667,5789130.144987486,1126,2974,True
1916,583566.1367956785,5789131.510375999,1126,2972,True
1917,583566.5062377903,5789132.875764511,1127,2970,False
1918,583566.8731017206,5789134.241024964,1127,2968,True
1919,583567.2399656508,5789135.6062854165,1128,2966,True
1920,583567.6068295811,5789136.971545869,1128,2964,True
1921,583567.9736935114,5789138.3368063215,1129,2962,True
1922,583568.3405574417,5789139.7020667745,1129,2961,True
1923,583568.707421372,5789141.067327227,1130,2959,True
1924,583569.0742853022,5789142.4325876795,1130,2957,True
1925,583569.4411492324,5789143.797848132,1130,2955,True
1926,583569.8080131627,5789145.163108585,1131,2953,True
1927,583570.174877093,5789146.528369038,1131,2951,True
1928,583570.5417410233,5789147.89362949,1132,2950,True
1929,583570.9086049536,5789149.258889943,1132,2948,True
1930,583571.2754688838,5789150.624150396,1133,2946,True
1931,583571.642332814,5789151.989410849,1133,2944,True
1932,583572.0091967443,5789153.354671301,1134,2942,True
1933,583572.3760606745,5789154.719931754,1134,2940,True
1934,583572.7429246049,5789156.085192207,1135,2938,True
1935,583573.1097885352,5789157.45045266,1135,2937,True
1936,583573.4766524654,5789158.815713112,1136,2935,True
1937,583573.8435163957,5789160.180973565,1136,2933,True
1938,583574.2103803259,5789161.546234018,1137,2931,True
1939,583574.5772442562,5789162.911494471,1137,2929,True
1940,583574.9441081865,5789164.276754923,1138,2927,True
1941,583575.3109721168,5789165.642015376,1138,2925,True
1942,583575.677836047,5789167.007275829,1139,2924,True
1943,583576.0446999773,5789168.372536282,1139,2922,True
1944,583576.4115639075,5789169.737796735,1140,2920,True
1945,583576.7784278378,5789171.103057187,1140,2918,True
1946,583577.145291768,5789172.46831764,1141,2916,True
1947,583577.5121556984,5789173.833578093,1141,2914,True
1948,583577.8790196286,5789175.198838546,1142,2913,True
1949,583578.2458835589,5789176.564098998,1142,2911,True
1950,583578.6127474891,5789177.929359451,1143,2909,True
1951,583578.9796114194,5789179.294619904,1143,2907,True
1952,583579.3464753496,5789180.659880357,1144,2905,True
1953,583579.71333928,5789182.025140809,1144,2903,True
1954,583580.0802032102,5789183.390401262,1145,2901,True
1955,583580.4470671405,5789184.755661715,1145,2900,True
1956,583580.8139310707,5789186.120922168,1146,2898,True
1957,583581.180795001,5789187.48618262,1146,2896,True
1958,583581.5476589312,5789188.851443073,1147,2894,True
1959,583581.9145228616,5789190.216703526,1147,2892,True
1960,583582.2813867918,5789191.581963979,1148,2890,True
1961,583582.6482507221,5789192.947224431,1148,2888,True
1962,583583.0151146523,5789194.312484884,1149,2887,True
1963,583583.3819785826,5789195.677745337,1149,2885,True
1964,583583.7488425128,5789197.04300579,1150,2883,True
1965,583584.1157064431,5789198.408266243,1150,2881,True
1966,583584.4825703735,5789199.773526695,1151,2879,True
1967,583584.8494343037,5789201.138787148,1151,2877,True
1968,583585.216298234,5789202.504047601,1152,2876,True
1969,583585.5831621642,5789203.8693080535,1152,2874,True
1970,583585.9500260944,5789205.234568506,1153,2872,True
1971,583586.3168900247,5789206.5998289585,1153,2870,True
1972,583586.6837539551,5789207.9650894115,1154,2868,True
1973,583587.0506178853,5789209.330349864,1154,2866,True
1974,583587.4174818156,5789210.6956103165,1155,2864,True
1975,583587.7843457458,5789212.060870769,1155,2863,True
1976,583588.151209676,5789213.426131222,1156,2861,True
1977,583588.5180736063,5789214.791391675,1156,2859,True
1978,583588.8849375366,5789216.156652127,1157,2857,True
1979,583589.2518014669,5789217.52191258,1157,2855,True
1980,583589.6186653972,5789218.887173033,1158,2853,True
1981,583589.9855293274,5789220.252433486,1158,2851,True
1982,583590.3523932577,5789221.617693938,1159,2850,True
1983,583590.7192571879,5789222.982954391,1159,2848,True
1984,583591.0861211182,5789224.348214844,1160,2846,True
1985,583591.4529850485,5789225.713475297,1160,2844,True
1986,583591.8198489788,5789227.078735749,1161,2842,True
1987,583592.186712909,5789228.443996202,1161,2840,True
1988,583592.5535768393,5789229.809256655,1162,2839,False
1989,583592.9162091906,5789231.159997404,1162,2837,True
1990,583593.278841542,5789232.510738152,1163,2835,True
1991,583593.6414738933,5789233.8614789015,1163,2833,True
1992,583594.0041062447,5789235.21221965,1164,2831,True
1993,583594.366738596,5789236.562960398,1164,2829,True
1994,583594.7293709472,5789237.913701147,1165,2828,True
1995,583595.0920032986,5789239.264441895,1165,2826,True
1996,583595.4546356499,5789240.615182644,1166,2824,True
1997,583595.8172680013,5789241.965923393,1166,2822,True
1998,583596.1799003526,5789243.316664142,1167,2820,True
1999,583596.542532704,5789244.66740489,1167,2818,True
2000,583596.9051650553,5789246.0181456385,1168,2817,True
2001,583597.2677974066,5789247.368886387,1168,2815,True
2002,583597.630429758,5789248.719627135,1169,2813,True
2003,583597.9930621093,5789250.070367885,1169,2811,True
2004,583598.3556944606,5789251.421108633,1170,2809,True
2005,583598.7183268119,5789252.771849382,1170,2807,True
2006,583599.0809591633,5789254.12259013,1171,2806,True
2007,583599.4435915146,5789255.473330879,1171,2804,True
2008,583599.806223866,5789256.824071627,1172,2802,True
2009,583600.1688562173,5789258.1748123765,1172,2800,True
2010,583600.5314885686,5789259.525553125,1173,2798,True
2011,583600.89412092,5789260.876293873,1173,2796,True
2012,583601.2567532713,5789262.227034622,1174,2795,True
2013,583601.6193856227,5789263.57777537,1174,2793,True
2014,583601.9820179739,5789264.928516119,1175,2791,True
2015,583602.3446503252,5789266.279256868,1175,2789,True
2016,583602.7072826766,5789267.629997617,1176,2787,True
2017,583603.0699150279,5789268.980738365,1176,2785,True
2018,583603.4325473793,5789270.331479114,1177,2784,True
2019,583603.7951797306,5789271.682219862,1177,2782,True
2020,583604.157812082,5789273.03296061,1178,2780,True
2021,583604.5204444333,5789274.38370136,1178,2778,True
2022,583604.8830767847,5789275.734442108,1179,2776,True
2023,583605.245709136,5789277.085182857,1179,2775,True
2024,583605.6083414872,5789278.435923605,1179,2773,True
2025,583605.9709738386,5789279.786664354,1180,2771,True
2026,583606.3336061899,5789281.137405102,1180,2769,True
2027,583606.6962385413,5789282.4881458515,1181,2767,True
2028,583607.0588708926,5789283.8388866,1181,2765,True
2029,583607.421503244,5789285.189627348,1182,2764,True
2030,583607.7841355953,5789286.540368097,1182,2762,True
2031,583608.1467679467,5789287.891108845,1183,2760,True
2032,583608.509400298,5789289.241849594,1183,2758,True
2033,583608.8720326493,5789290.592590343,1184,2756,True
2034,583609.2346650006,5789291.943331092,1184,2754,True
2035,583609.5972973519,5789293.29407184,1185,2753,True
2036,583609.9599297033,5789294.644812589,1185,2751,True
2037,583610.3225620546,5789295.995553337,1186,2749,True
2038,583610.685194406,5789297.3462940855,1186,2747,True
2039,583611.0478267573,5789298.697034835,1187,2745,True
2040,583611.4104591087,5789300.047775583,1187,2743,True
2041,583611.77309146,5789301.398516332,1188,2742,True
2042,583612.1357238113,5789302.74925708,1188,2740,True
2043,583612.4983561627,5789304.099997829,1189,2738,True
2044,583612.8609885139,5789305.450738577,1189,2736,True
2045,583613.2236208653,5789306.801479327,1190,2734,True
2046,583613.5862532166,5789308.152220075,1190,2732,True
2047,583613.948885568,5789309.5029608235,1191,2731,True
2048,583614.3115179193,5789310.853701572,1191,2729,True
2049,583614.6741502706,5789312.20444232,1192,2727,True
2050,583615.036782622,5789313.555183069,1192,2725,True
2051,583615.3994149733,5789314.905923818,1193,2723,True
2052,583615.7620473247,5789316.256664567,1193,2721,True
2053,583616.124679676,5789317.607405315,1194,2720,True
2054,583616.4873120273,5789318.958146064,1194,2718,True
2055,583616.8499443786,5789320.308886812,1195,2716,True
2056,583617.21257673,5789321.6596275605,1195,2714,True
2057,583617.5752090813,5789323.01036831,1196,2712,True
2058,583617.9378414326,5789324.361109058,1196,2710,True
2059,583618.300473784,5789325.711849807,1197,2709,False
2060,583618.6690744652,5789327.080017397,1197,2707,True
2061,583619.0376751465,5789328.448184987,1198,2705,True
2062,583619.4062758277,5789329.816352577,1198,2703,True
2063,583619.774876509,5789331.184520166,1199,2701,True
2064,583620.1434771902,5789332.552687757,1199,2699,True
2065,583620.5120778715,5789333.920855346,1200,2698,True
2066,583620.8806785527,5789335.2890229365,1200,2696,True
2067,583621.2492792339,5789336.657190527,1201,2694,True
2068,583621.6178799152,5789338.025358116,1201,2692,True
2069,583621.9864805964,5789339.393525707,1202,2690,True
2070,583622.3550812777,5789340.761693296,1202,2688,True
2071,583622.7236819589,5789342.129860886,1203,2686,True
2072,583623.09228264,5789343.498028477,1203,2685,True
2073,583623.4608833214,5789344.866196066,1204,2683,True
2074,583623.8294840025,5789346.2343636565,1204,2681,True
2075,583624.1980846839,5789347.602531246,1205,2679,True
2076,583624.566685365,5789348.970698836,1205,2677,True
2077,583624.9352860464,5789350.338866426,1206,2675,True
2078,583625.3038867275,5789351.707034016,1206,2673,True
2079,583625.6724874087,5789353.075201606,1207,2672,True
2080,583626.04108809,5789354.443369196,1207,2670,True
2081,583626.4096887712,5789355.811536786,1208,2668,True
2082,583626.7782894525,5789357.179704376,1208,2666,True
2083,583627.1468901337,5789358.547871966,1209,2664,True
2084,583627.515490815,5789359.916039555,1209,2662,True
2085,583627.8840914962,5789361.284207146,1210,2660,True
2086,583628.2526921774,5789362.652374736,1210,2659,True
2087,583628.6212928587,5789364.020542325,1211,2657,True
2088,583628.9898935399,5789365.388709916,1211,2655,True
2089,583629.3584942212,5789366.756877505,1212,2653,True
2090,583629.7270949024,5789368.125045096,1212,2651,True
2091,583630.0956955837,5789369.493212685,1213,2649,True
2092,583630.4642962649,5789370.861380275,1213,2647,True
2093,583630.8328969461,5789372.229547866,1214,2646,True
2094,583631.2014976274,5789373.597715455,1214,2644,True
2095,583631.5700983086,5789374.965883045,1215,2642,True
2096,583631.9386989899,5789376.334050635,1215,2640,True
2097,583632.3072996711,5789377.702218225,1216,2638,True
2098,583632.6759003523,5789379.070385816,1216,2636,True
2099,583633.0445010336,5789380.438553405,1217,2634,True
2100,583633.4131017148,5789381.806720995,1217,2633,True
2101,583633.7817023961,5789383.174888585,1218,2631,True
2102,583634.1503030773,5789384.543056175,1218,2629,True
2103,583634.5189037586,5789385.9112237645,1219,2627,True
2104,583634.8875044398,5789387.279391355,1219,2625,True
2105,583635.256105121,5789388.647558945,1220,2623,True
2106,583635.6247058023,5789390.015726535,1220,2622,True
2107,583635.9933064835,5789391.383894125,1221,2620,True
2108,583636.3619071648,5789392.752061714,1221,2618,True
2109,583636.730507846,5789394.120229305,1222,2616,True
2110,583637.0991085273,5789395.488396894,1222,2614,True
2111,583637.4677092085,5789396.856564485,1223,2612,True
2112,583637.8363098897,5789398.224732075,1223,2610,True
2113,583638.204910571,5789399.592899664,1224,2609,True
2114,583638.5735112522,5789400.961067255,1224,2607,True
2115,583638.9421119335,5789402.329234844,1225,2605,True
2116,583639.3107126147,5789403.697402434,1225,2603,True
2117,583639.679313296,5789405.065570024,1226,2601,True
2118,583640.0479139772,5789406.433737614,1226,2599,True
2119,583640.4165146584,5789407.801905205,1227,2597,True
2120,583640.7851153397,5789409.170072794,1227,2596,True
2121,583641.1537160209,5789410.538240384,1228,2594,True
2122,583641.5223167022,5789411.906407974,1228,2592,True
2123,583641.8909173834,5789413.274575564,1229,2590,True
2124,583642.2595180646,5789414.642743154,1229,2588,True
2125,583642.6281187459,5789416.010910744,1230,2586,True
2126,583642.996719427,5789417.379078334,1230,2584,True
2127,583643.3653201084,5789418.747245924,1231,2583,True
2128,583643.7339207896,5789420.115413514,1231,2581,True
2129,583644.1025214709,5789421.483581103,1232,2579,True
2130,583644.471122152,5789422.851748694,1232,2577,False
2131,583644.8414747509,5789424.222821207,1233,2575,True
2132,583645.2118273498,5789425.59389372,1233,2573,True
2133,583645.5821799487,5789426.964966233,1234,2571,True
2134,583645.9525325476,5789428.336038746,1234,2570,True
2135,583646.3228851465,5789429.707111259,1235,2568,True
2136,583646.6932377454,5789431.078183772,1235,2566,True
2137,583647.0635903443,5789432.449256285,1236,2564,True
2138,583647.4339429431,5789433.820328799,1236,2562,True
2139,583647.8042955421,5789435.191401312,1237,2560,True
2140,583648.1746481409,5789436.562473825,1237,2558,True
2141,583648.5450007399,5789437.933546338,1238,2557,True
2142,583648.9153533387,5789439.304618851,1238,2555,True
2143,583649.2857059377,5789440.675691364,1239,2553,True
2144,583649.6560585365,5789442.046763877,1239,2551,True
2145,583650.0264111354,5789443.41783639,1240,2549,True
2146,583650.3967637343,5789444.7889089035,1240,2547,True
2147,583650.7671163331,5789446.159981417,1241,2545,True
2148,583651.1374689321,5789447.53105393,1241,2544,True
2149,583651.5078215309,5789448.902126443,1242,2542,True
2150,583651.8781741299,5789450.273198956,1242,2540,True
2151,583652.2485267287,5789451.644271469,1243,2538,True
2152,583652.6188793277,5789453.015343983,1243,2536,True
2153,583652.9892319265,5789454.386416496,1244,2534,True
2154,583653.3595845253,5789455.757489009,1244,2532,True
2155,583653.7299371243,5789457.128561522,1245,2531,True
2156,583654.1002897231,5789458.499634035,1245,2529,True
2157,583654.4706423221,5789459.870706548,1246,2527,True
2158,583654.8409949209,5789461.241779061,1246,2525,True
2159,583655.2113475199,5789462.612851574,1247,2523,True
2160,583655.5817001187,5789463.983924087,1247,2521,True
2161,583655.9520527177,5789465.3549966,1248,2519,True
2162,583656.3224053165,5789466.726069113,1248,2518,True
2163,583656.6927579154,5789468.097141626,1249,2516,True
2164,583657.0631105143,5789469.468214139,1249,2514,True
2165,583657.4334631131,5789470.839286652,1250,2512,True
2166,583657.8038157121,5789472.210359166,1250,2510,True
2167,583658.174168311,5789473.581431679,1251,2508,True
2168,583658.5445209099,5789474.9525041925,1251,2506,True
2169,583658.9148735087,5789476.3235767055,1252,2505,True
2170,583659.2852261076,5789477.694649219,1252,2503,True
2171,583659.6555787065,5789479.065721732,1253,2501,True
2172,583660.0259313054,5789480.436794245,1253,2499,True
2173,583660.3962839043,5789481.807866758,1254,2497,True
2174,583660.7666365032,5789483.178939271,1254,2495,True
2175,583661.1369891021,5789484.550011784,1255,2493,True
2176,583661.507341701,5789485.921084297,1255,2492,True
2177,583661.8776942999,5789487.29215681,1256,2490,True
2178,583662.2480468987,5789488.663229323,1256,2488,True
2179,583662.6183994976,5789490.034301836,1257,2486,True
2180,583662.9887520965,5789491.40537435,1257,2484,True
2181,583663.3591046954,5789492.776446863,1258,2482,True
2182,583663.7294572943,5789494.147519376,1258,2480,True
2183,583664.0998098932,5789495.518591889,1259,2479,True
2184,583664.4701624921,5789496.889664402,1259,2477,True
2185,583664.840515091,5789498.260736915,1260,2475,True
2186,583665.2108676898,5789499.631809428,1260,2473,True
2187,583665.5812202888,5789501.002881941,1261,2471,True
2188,583665.9515728876,5789502.373954454,1261,2469,True
2189,583666.3219254866,5789503.7450269675,1262,2467,True
2190,583666.6922780854,5789505.116099481,1262,2466,True
2191,583667.0626306843,5789506.487171994,1263,2464,True
2192,583667.4329832832,5789507.858244507,1263,2462,True
2193,583667.8033358821,5789509.22931702,1264,2460,True
2194,583668.173688481,5789510.600389534,1264,2458,True
2195,583668.5440410798,5789511.971462047,1265,2456,True
2196,583668.9143936788,5789513.34253456,1265,2454,True
2197,583669.2847462776,5789514.713607073,1266,2453,True
2198,583669.6550988766,5789516.084679586,1266,2451,True
2199,583670.0254514754,5789517.455752099,1267,2449,True
2200,583670.3958040744,5789518.826824612,1267,2447,True
2201,583670.7661566732,5789520.197897125,1268,2445,False
2202,583671.1296734427,5789521.55523282,1268,2443,True
2203,583671.4931902122,5789522.912568516,1269,2441,True
2204,583671.8567069818,5789524.269904211,1269,2440,True
2205,583672.2202237513,5789525.627239907,1270,2438,True
2206,583672.5837405208,5789526.984575602,1270,2436,True
2207,583672.9472572902,5789528.341911298,1271,2434,True
2208,583673.3107740597,5789529.699246993,1271,2432,True
2209,583673.6742908292,5789531.056582688,1272,2430,True
2210,583674.0378075988,5789532.413918384,1272,2429,True
2211,583674.4013243683,5789533.771254079,1273,2427,True
2212,583674.7648411378,5789535.128589775,1273,2425,True
2213,583675.1283579073,5789536.4859254705,1274,2423,True
2214,583675.4918746768,5789537.843261166,1274,2421,True
2215,583675.8553914463,5789539.200596862,1275,2419,True
2216,583676.2189082159,5789540.557932557,1275,2418,True
2217,583676.5824249854,5789541.915268253,1276,2416,True
2218,583676.9459417548,5789543.272603948,1276,2414,True
2219,583677.3094585243,5789544.629939644,1277,2412,True
2220,583677.6729752938,5789545.987275339,1277,2410,True
2221,583678.0364920633,5789547.344611034,1278,2408,True
2222,583678.4000088329,5789548.70194673,1278,2407,True
2223,583678.7635256024,5789550.059282425,1279,2405,True
2224,583679.1270423719,5789551.416618121,1279,2403,True
2225,583679.4905591414,5789552.773953816,1280,2401,True
2226,583679.8540759109,5789554.131289512,1280,2399,True
2227,583680.2175926804,5789555.488625207,1281,2397,True
2228,583680.58110945,5789556.845960902,1281,2396,True
2229,583680.9446262195,5789558.203296598,1282,2394,True
2230,583681.308142989,5789559.560632293,1282,2392,True
2231,583681.6716597584,5789560.917967989,1283,2390,True
2232,583682.0351765279,5789562.275303684,1283,2388,True
2233,583682.3986932974,5789563.63263938,1284,2386,True
2234,583682.762210067,5789564.989975075,1284,2384,True
2235,583683.1257268365,5789566.34731077,1285,2383,True
2236,583683.489243606,5789567.704646466,1285,2381,True
2237,583683.8527603755,5789569.061982161,1285,2379,True
2238,583684.216277145,5789570.419317857,1286,2377,True
2239,583684.5797939145,5789571.776653552,1286,2375,True
2240,583684.9433106841,5789573.1339892475,1287,2373,True
2241,583685.3068274535,5789574.4913249435,1287,2372,True
2242,583685.670344223,5789575.848660639,1288,2370,True
2243,583686.0338609925,5789577.205996335,1288,2368,True
2244,583686.397377762,5789578.56333203,1289,2366,True
2245,583686.7608945315,5789579.920667726,1289,2364,True
2246,583687.1244113011,5789581.278003421,1290,2362,True
2247,583687.4879280706,5789582.635339116,1290,2361,True
2248,583687.8514448401,5789583.992674812,1291,2359,True
2249,583688.2149616096,5789585.350010507,1291,2357,True
2250,583688.5784783791,5789586.707346203,1292,2355,True
2251,583688.9419951485,5789588.064681898,1292,2353,True
2252,583689.3055119182,5789589.422017594,1293,2351,True
2253,583689.6690286876,5789590.779353289,1293,2350,True
2254,583690.0325454571,5789592.136688984,1294,2348,True
2255,583690.3960622266,5789593.49402468,1294,2346,True
2256,583690.7595789961,5789594.851360375,1295,2344,True
2257,583691.1230957656,5789596.208696071,1295,2342,True
2258,583691.4866125352,5789597.566031766,1296,2340,True
2259,583691.8501293047,5789598.923367462,1296,2339,True
2260,583692.2136460742,5789600.280703157,1297,2337,True
2261,583692.5771628437,5789601.638038852,1297,2335,True
2262,583692.9406796132,5789602.995374548,1298,2333,True
2263,583693.3041963826,5789604.352710243,1298,2331,True
2264,583693.6677131522,5789605.710045939,1299,2329,True
2265,583694.0312299217,5789607.067381634,1299,2327,True
2266,583694.3947466912,5789608.424717329,1300,2326,True
2267,583694.7582634607,5789609.782053025,1300,2324,True
2268,583695.1217802302,5789611.1393887205,1301,2322,True
2269,583695.4852969997,5789612.4967244165,1301,2320,True
2270,583695.8488137693,5789613.854060112,1302,2318,True
2271,583696.2123305388,5789615.211395808,1302,2316,True
2272,583696.5758473083,5789616.568731503,1303,2315,False
2273,583696.9488864901,5789617.937068925,1303,2313,True
2274,583697.3219256719,5789619.305406347,1304,2311,True
2275,583697.6949648537,5789620.6737437695,1304,2309,True
2276,583698.0680040354,5789622.042081191,1305,2307,True
2277,583698.4410432172,5789623.410418614,1305,2305,True
2278,583698.814082399,5789624.778756036,1306,2303,True
2279,583699.1871215808,5789626.147093458,1306,2302,True
2280,583699.5601607626,5789627.515430881,1307,2300,True
2281,583699.9331999444,5789628.883768302,1307,2298,True
2282,583700.3062391263,5789630.252105725,1308,2296,True
2283,583700.6792783081,5789631.620443148,1308,2294,True
2284,583701.0523174898,5789632.988780569,1309,2292,True
2285,583701.4253566716,5789634.357117992,1309,2291,True
2286,583701.7983958534,5789635.725455414,1310,2289,True
2287,583702.1714350352,5789637.093792836,1310,2287,True
2288,583702.544474217,5789638.462130258,1311,2285,True
2289,583702.9175133988,5789639.8304676805,1311,2283,True
2290,583703.2905525806,5789641.198805103,1312,2281,True
2291,583703.6635917624,5789642.567142525,1312,2279,True
2292,583704.0366309441,5789643.935479947,1313,2278,True
2293,583704.4096701259,5789645.303817369,1313,2276,True
2294,583704.7827093077,5789646.672154792,1314,2274,True
2295,583705.1557484895,5789648.040492214,1314,2272,True
2296,583705.5287876714,5789649.408829636,1315,2270,True
2297,583705.9018268532,5789650.777167059,1315,2268,True
2298,583706.274866035,5789652.14550448,1316,2266,True
2299,583706.6479052168,5789653.513841903,1316,2265,True
2300,583707.0209443985,5789654.882179325,1317,2263,True
2301,583707.3939835803,5789656.250516747,1317,2261,True
2302,583707.7670227621,5789657.61885417,1318,2259,True
2303,583708.1400619439,5789658.987191591,1318,2257,True
2304,583708.5131011257,5789660.355529014,1319,2255,True
2305,583708.8861403075,5789661.723866437,1319,2253,True
2306,583709.2591794893,5789663.092203858,1320,2252,True
2307,583709.6322186711,5789664.460541281,1320,2250,True
2308,583710.0052578528,5789665.828878703,1321,2248,True
2309,583710.3782970347,5789667.197216125,1321,2246,True
2310,583710.7513362165,5789668.565553547,1322,2244,True
2311,583711.1243753983,5789669.9338909695,1322,2242,True
2312,583711.4974145801,5789671.302228392,1323,2240,True
2313,583711.8704537619,5789672.670565814,1323,2239,True
2314,583712.2434929437,5789674.038903236,1324,2237,True
2315,583712.6165321255,5789675.407240658,1324,2235,True
2316,583712.9895713072,5789676.775578081,1325,2233,True
2317,583713.362610489,5789678.143915503,1325,2231,True
2318,583713.7356496708,5789679.512252925,1326,2229,True
2319,583714.1086888526,5789680.880590348,1326,2227,True
2320,583714.4817280344,5789682.248927769,1327,2226,True
2321,583714.8547672163,5789683.617265192,1327,2224,True
2322,583715.2278063981,5789684.9856026145,1328,2222,True
2323,583715.6008455799,5789686.353940036,1329,2220,True
2324,583715.9738847616,5789687.722277459,1329,2218,True
2325,583716.3469239434,5789689.09061488,1330,2216,True
2326,583716.7199631252,5789690.458952303,1330,2214,True
2327,583717.093002307,5789691.827289726,1331,2213,True
2328,583717.4660414888,5789693.195627147,1331,2211,True
2329,583717.8390806706,5789694.56396457,1332,2209,True
2330,583718.2121198524,5789695.932301992,1332,2207,True
2331,583718.5851590342,5789697.300639414,1333,2205,True
2332,583718.9581982159,5789698.668976836,1333,2203,True
2333,583719.3312373977,5789700.0373142585,1334,2202,True
2334,583719.7042765795,5789701.405651681,1334,2200,True
2335,583720.0773157614,5789702.773989103,1335,2198,True
2336,583720.4503549432,5789704.142326525,1335,2196,True
2337,583720.823394125,5789705.510663947,1336,2194,True
2338,583721.1964333068,5789706.87900137,1336,2192,True
2339,583721.5694724886,5789708.247338792,1337,2190,True
2340,583721.9425116703,5789709.615676214,1337,2189,True
2341,583722.3155508521,5789710.984013637,1338,2187,True
2342,583722.6885900339,5789712.352351058,1338,2185,True
2343,583723.0616292157,5789713.720688481,1339,2183,False
2344,583723.4245481163,5789715.075233409,1339,2181,True
2345,583723.7874670167,5789716.429778337,1340,2179,True
2346,583724.1503859173,5789717.784323265,1340,2177,True
2347,583724.5133048178,5789719.138868192,1341,2176,True
2348,583724.8762237183,5789720.4934131205,1341,2174,True
2349,583725.2391426188,5789721.847958049,1342,2172,True
2350,583725.6020615194,5789723.202502976,1342,2170,True
2351,583725.96498042,5789724.5570479045,1343,2168,True
2352,583726.3278993204,5789725.911592832,1343,2166,True
2353,583726.690818221,5789727.26613776,1344,2165,True
2354,583727.0537371215,5789728.620682688,1344,2163,True
2355,583727.416656022,5789729.975227616,1345,2161,True
2356,583727.7795749225,5789731.329772544,1345,2159,True
2357,583728.1424938231,5789732.684317471,1345,2157,True
2358,583728.5054127235,5789734.0388624,1346,2155,True
2359,583728.8683316241,5789735.393407327,1346,2154,True
2360,583729.2312505246,5789736.747952255,1347,2152,True
2361,583729.5941694251,5789738.102497184,1347,2150,True
2362,583729.9570883256,5789739.457042111,1348,2148,True
2363,583730.3200072262,5789740.811587039,1348,2146,True
2364,583730.6829261266,5789742.166131967,1349,2144,True
2365,583731.0458450272,5789743.520676895,1349,2143,True
2366,583731.4087639278,5789744.875221823,1350,2141,True
2367,583731.7716828283,5789746.229766751,1350,2139,True
2368,583732.1346017288,5789747.584311679,1351,2137,True
2369,583732.4975206293,5789748.938856606,1351,2135,True
2370,583732.8604395299,5789750.293401535,1352,2133,True
2371,583733.2233584303,5789751.647946463,1352,2132,True
2372,583733.5862773309,5789753.00249139,1353,2130,True
2373,583733.9491962314,5789754.357036319,1353,2128,True
2374,583734.3121151319,5789755.711581246,1354,2126,True
2375,583734.6750340324,5789757.066126174,1354,2124,True
2376,583735.037952933,5789758.420671103,1355,2122,True
2377,583735.4008718334,5789759.77521603,1355,2121,True
2378,583735.763790734,5789761.129760958,1356,2119,True
2379,583736.1267096346,5789762.484305886,1356,2117,True
2380,583736.4896285351,5789763.838850814,1357,2115,True
2381,583736.8525474356,5789765.193395741,1357,2113,True
2382,583737.2154663361,5789766.54794067,1358,2111,True
2383,583737.5783852367,5789767.902485598,1358,2110,True
2384,583737.9413041371,5789769.257030525,1359,2108,True
2385,583738.3042230377,5789770.611575454,1359,2106,True
2386,583738.6671419382,5789771.966120381,1360,2104,True
2387,583739.0300608387,5789773.320665309,1360,2102,True
2388,583739.3929797392,5789774.6752102375,1361,2100,True
2389,583739.7558986398,5789776.029755165,1361,2099,True
2390,583740.1188175402,5789777.384300093,1362,2097,True
2391,583740.4817364408,5789778.7388450205,1362,2095,True
2392,583740.8446553414,5789780.093389949,1363,2093,True
2393,583741.2075742419,5789781.447934877,1363,2091,True
2394,583741.5704931424,5789782.8024798045,1364,2089,True
2395,583741.9334120429,5789784.157024733,1364,2088,True
2396,583742.2963309435,5789785.51156966,1365,2086,True
2397,583742.6592498439,5789786.866114588,1365,2084,True
2398,583743.0221687445,5789788.220659517,1366,2082,True
2399,583743.385087645,5789789.575204444,1366,2080,True
2400,583743.7480065455,5789790.929749372,1367,2078,True
2401,583744.110925446,5789792.2842943,1367,2077,True
2402,583744.4738443466,5789793.638839228,1368,2075,True
2403,583744.836763247,5789794.993384155,1368,2073,True
2404,583745.1996821476,5789796.347929084,1369,2071,True
2405,583745.5626010482,5789797.702474012,1369,2069,True
2406,583745.9255199486,5789799.057018939,1370,2067,True
2407,583746.2884388492,5789800.411563868,1370,2066,True
2408,583746.6513577497,5789801.766108795,1371,2064,True
2409,583747.0142766503,5789803.120653723,1371,2062,True
2410,583747.3771955507,5789804.475198652,1372,2060,True
2411,583747.7401144513,5789805.829743579,1372,2058,True
2412,583748.1030333518,5789807.184288507,1373,2056,True
2413,583748.4659522523,5789808.538833435,1373,2055,True
2414,583748.8288711528,5789809.893378363,1374,2053,False
2415,583749.1899759409,5789811.2547721965,1374,2051,True
2416,583749.5510807288,5789812.616166029,1374,2049,True
2417,583749.9121855168,5789813.977559863,1375,2047,True
2418,583750.2732903048,5789815.338953695,1375,2045,True
2419,583750.6343950928,5789816.700347529,1376,2043,True
2420,583750.9954998808,5789818.061741361,1376,2042,True
2421,583751.3566046688,5789819.423135195,1377,2040,True
2422,583751.7177094568,5789820.7845290275,1377,2038,True
2423,583752.0788142448,5789822.145922861,1378,2036,True
2424,583752.4399190327,5789823.507316694,1378,2034,True
2425,583752.8010238208,5789824.868710527,1379,2032,True
2426,583753.1621286088,5789826.23010436,1379,2031,True
2427,583753.5232333968,5789827.591498193,1380,2029,True
2428,583753.8843381847,5789828.952892026,1380,2027,True
2429,583754.2454429728,5789830.314285859,1381,2025,True
2430,583754.6065477608,5789831.675679692,1381,2023,True
2431,583754.9676525488,5789833.037073526,1382,2021,True
2432,583755.3287573367,5789834.398467358,1382,2020,True
2433,583755.6898621247,5789835.759861192,1383,2018,True
2434,583756.0509669128,5789837.121255024,1383,2016,True
2435,583756.4120717008,5789838.482648858,1384,2014,True
2436,583756.7731764887,5789839.8440426905,1384,2012,True
2437,583757.1342812767,5789841.205436524,1385,2010,True
2438,583757.4953860648,5789842.566830357,1385,2008,True
2439,583757.8564908528,5789843.92822419,1386,2007,True
2440,583758.2175956407,5789845.289618023,1386,2005,True
2441,583758.5787004287,5789846.651011856,1387,2003,True
2442,583758.9398052167,5789848.012405689,1387,2001,True
2443,583759.3009100048,5789849.373799522,1388,1999,True
2444,583759.6620147927,5789850.735193355,1388,1997,True
2445,583760.0231195807,5789852.096587189,1389,1996,True
2446,583760.3842243687,5789853.457981021,1389,1994,True
2447,583760.7453291568,5789854.819374855,1390,1992,True
2448,583761.1064339447,5789856.180768687,1390,1990,True
2449,583761.4675387327,5789857.542162521,1391,1988,True
2450,583761.8286435207,5789858.903556353,1391,1986,True
2451,583762.1897483087,5789860.264950187,1392,1984,True
2452,583762.5508530966,5789861.62634402,1392,1983,True
2453,583762.9119578847,5789862.987737853,1393,1981,True
2454,583763.2730626727,5789864.349131686,1393,1979,True
2455,583763.6341674607,5789865.710525519,1394,1977,True
2456,583763.9952722486,5789867.071919352,1394,1975,True
2457,583764.3563770367,5789868.433313185,1395,1973,True
2458,583764.7174818247,5789869.794707018,1395,1972,True
2459,583765.0785866127,5789871.1561008515,1396,1970,True
2460,583765.4396914006,5789872.517494684,1396,1968,True
2461,583765.8007961886,5789873.878888518,1397,1966,True
2462,583766.1619009767,5789875.24028235,1397,1964,True
2463,583766.5230057647,5789876.601676184,1397,1962,True
2464,583766.8841105526,5789877.963070016,1398,1960,True
2465,583767.2452153406,5789879.32446385,1398,1959,True
2466,583767.6063201287,5789880.6858576825,1399,1957,True
2467,583767.9674249167,5789882.047251516,1399,1955,True
2468,583768.3285297046,5789883.408645349,1400,1953,True
2469,583768.6896344926,5789884.770039182,1400,1951,True
2470,583769.0507392806,5789886.131433015,1401,1949,True
2471,583769.4118440687,5789887.492826848,1401,1948,True
2472,583769.7729488566,5789888.854220681,1402,1946,True
2473,583770.1340536446,5789890.215614514,1402,1944,True
2474,583770.4951584326,5789891.577008347,1403,1942,True
2475,583770.8562632207,5789892.938402181,1403,1940,True
2476,583771.2173680086,5789894.299796013,1404,1938,True
2477,583771.5784727966,5789895.661189847,1404,1937,True
2478,583771.9395775846,5789897.022583679,1405,1935,True
2479,583772.3006823726,5789898.383977513,1405,1933,True
2480,583772.6617871606,5789899.745371345,1406,1931,True
2481,583773.0228919486,5789901.106765179,1406,1929,True
2482,583773.3839967366,5789902.468159012,1407,1927,True
2483,583773.7451015246,5789903.829552845,1407,1925,True
2484,583774.1062063125,5789905.190946678,1408,1924,True
2485,583774.4673111006,5789906.552340511,1408,1922,False
2486,583774.8381997305,5789907.920300968,1409,1920,True
2487,583775.2090883605,5789909.288261425,1409,1918,True
2488,583775.5799769905,5789910.656221882,1410,1916,True
2489,583775.9508656205,5789912.024182339,1410,1914,True
2490,583776.3217542504,5789913.392142796,1411,1912,True
2491,583776.6926428805,5789914.760103253,1411,1911,True
2492,583777.0635315104,5789916.1280637095,1412,1909,True
2493,583777.4344201403,5789917.496024167,1412,1907,True
2494,583777.8053087704,5789918.863984624,1413,1905,True
2495,583778.1761974003,5789920.231945081,1413,1903,True
2496,583778.5470860304,5789921.599905537,1414,1901,True
2497,583778.9179746603,5789922.967865995,1414,1900,True
2498,583779.2888632903,5789924.335826452,1415,1898,True
2499,583779.6597519203,5789925.703786909,1415,1896,True
2500,583780.0306405503,5789927.071747365,1416,1894,True
2501,583780.4015291802,5789928.439707822,1416,1892,True
2502,583780.7724178102,5789929.80766828,1417,1890,True
2503,583781.1433064402,5789931.175628737,1417,1888,True
2504,583781.5141950701,5789932.543589193,1418,1887,True
2505,583781.8850837002,5789933.91154965,1418,1885,True
2506,583782.2559723301,5789935.279510107,1419,1883,True
2507,583782.6268609602,5789936.647470565,1419,1881,True
2508,583782.9977495901,5789938.015431021,1420,1879,True
2509,583783.36863822,5789939.383391478,1420,1877,True
2510,583783.73952685,5789940.751351935,1421,1875,True
2511,583784.11041548,5789942.119312392,1421,1874,True
2512,583784.48130411,5789943.487272849,1422,1872,True
2513,583784.85219274,5789944.855233306,1422,1870,True
2514,583785.22308137,5789946.223193763,1423,1868,True
2515,583785.5939699999,5789947.59115422,1423,1866,True
2516,583785.96485863,5789948.959114677,1424,1864,True
2517,583786.3357472599,5789950.327075134,1424,1862,True
2518,583786.7066358898,5789951.695035591,1425,1861,True
2519,583787.0775245199,5789953.062996048,1425,1859,True
2520,583787.4484131498,5789954.430956504,1426,1857,True
2521,583787.8193017798,5789955.798916962,1426,1855,True
2522,583788.1901904098,5789957.166877419,1427,1853,True
2523,583788.5610790398,5789958.5348378755,1427,1851,True
2524,583788.9319676697,5789959.902798332,1428,1849,True
2525,583789.3028562997,5789961.270758789,1428,1848,True
2526,583789.6737449297,5789962.638719247,1429,1846,True
2527,583790.0446335596,5789964.0066797035,1429,1844,True
2528,583790.4155221897,5789965.37464016,1430,1842,True
2529,583790.7864108196,5789966.742600617,1430,1840,True
2530,583791.1572994497,5789968.110561075,1431,1838,True
2531,583791.5281880796,5789969.478521531,1431,1837,True
2532,583791.8990767096,5789970.846481988,1432,1835,True
2533,583792.2699653396,5789972.214442445,1432,1833,True
2534,583792.6408539695,5789973.582402902,1433,1831,True
2535,583793.0117425995,5789974.950363359,1433,1829,True
2536,583793.3826312295,5789976.318323816,1434,1827,True
2537,583793.7535198595,5789977.686284273,1434,1825,True
2538,583794.1244084894,5789979.05424473,1435,1824,True
2539,583794.4952971195,5789980.422205186,1435,1822,True
2540,583794.8661857494,5789981.790165644,1436,1820,True
2541,583795.2370743793,5789983.158126101,1436,1818,True
2542,583795.6079630094,5789984.526086558,1437,1816,True
2543,583795.9788516393,5789985.894047014,1437,1814,True
2544,583796.3497402694,5789987.262007471,1438,1812,True
2545,583796.7206288993,5789988.629967929,1438,1811,True
2546,583797.0915175293,5789989.997928386,1439,1809,True
2547,583797.4624061593,5789991.365888842,1439,1807,True
2548,583797.8332947893,5789992.733849299,1440,1805,True
2549,583798.2041834192,5789994.101809757,1440,1803,True
2550,583798.5750720492,5789995.469770214,1441,1801,True
2551,583798.9459606792,5789996.83773067,1441,1799,True
2552,583799.3168493091,5789998.205691127,1442,1798,True
2553,583799.6877379392,5789999.573651584,1442,1796,True
2554,583800.0586265691,5790000.941612042,1443,1794,True
2555,583800.4295151992,5790002.309572498,1443,1792,True
2556,583800.8004038291,5790003.677532955,1444,1790,False
2557,583801.1678870932,5790005.040606848,1444,1788,True
2558,583801.5353703573,5790006.403680741,1445,1786,True
2559,583801.9028536214,5790007.766754635,1445,1785,True
2560,583802.2703368855,5790009.129828528,1446,1783,True
2561,583802.6378201497,5790010.49290242,1446,1781,True
2562,583803.0053034137,5790011.855976313,1447,1779,True
2563,583803.3727866778,5790013.219050207,1447,1777,True
2564,583803.740269942,5790014.5821241,1448,1775,True
2565,583804.107753206,5790015.945197993,1448,1774,True
2566,583804.4752364702,5790017.308271886,1449,1772,True
2567,583804.8427197343,5790018.671345779,1449,1770,True
2568,583805.2102029984,5790020.034419673,1450,1768,True
2569,583805.5776862625,5790021.397493565,1450,1766,True
2570,583805.9451695266,5790022.760567458,1451,1764,True
2571,583806.3126527907,5790024.123641351,1451,1762,True
2572,583806.6801360549,5790025.486715245,1452,1761,True
2573,583807.0476193189,5790026.849789138,1452,1759,True
2574,583807.415102583,5790028.212863031,1453,1757,True
2575,583807.7825858472,5790029.575936924,1453,1755,True
2576,583808.1500691113,5790030.939010818,1454,1753,True
2577,583808.5175523753,5790032.30208471,1454,1751,True
2578,583808.8850356395,5790033.665158603,1455,1750,True
2579,583809.2525189036,5790035.028232496,1455,1748,True
2580,583809.6200021676,5790036.391306389,1456,1746,True
2581,583809.9874854318,5790037.754380283,1456,1744,True
2582,583810.3549686959,5790039.117454176,1457,1742,True
2583,583810.7224519601,5790040.480528069,1457,1740,True
2584,583811.0899352242,5790041.843601962,1458,1738,True
2585,583811.4574184882,5790043.206675855,1458,1737,True
2586,583811.8249017524,5790044.569749748,1459,1735,True
2587,583812.1923850165,5790045.932823641,1459,1733,True
2588,583812.5598682805,5790047.295897534,1460,1731,True
2589,583812.9273515447,5790048.658971427,1460,1729,True
2590,583813.2948348088,5790050.022045321,1461,1727,True
2591,583813.6623180729,5790051.385119214,1461,1726,True
2592,583814.029801337,5790052.748193107,1462,1724,True
2593,583814.3972846011,5790054.1112669995,1462,1722,True
2594,583814.7647678652,5790055.474340893,1463,1720,True
2595,583815.1322511294,5790056.837414786,1463,1718,True
2596,583815.4997343934,5790058.200488679,1464,1716,True
2597,583815.8672176575,5790059.563562572,1464,1714,True
2598,583816.2347009217,5790060.926636465,1465,1713,True
2599,583816.6021841858,5790062.289710359,1465,1711,True
2600,583816.9696674498,5790063.652784252,1466,1709,True
2601,583817.337150714,5790065.0158581445,1466,1707,True
2602,583817.7046339781,5790066.378932037,1467,1705,True
2603,583818.0721172423,5790067.742005931,1467,1703,True
2604,583818.4396005063,5790069.105079824,1468,1702,True
2605,583818.8070837704,5790070.468153717,1468,1700,True
2606,583819.1745670346,5790071.83122761,1469,1698,True
2607,583819.5420502987,5790073.194301503,1469,1696,True
2608,583819.9095335627,5790074.557375397,1470,1694,True
2609,583820.2770168269,5790075.9204492895,1470,1692,True
2610,583820.644500091,5790077.283523182,1471,1690,True
2611,583821.011983355,5790078.646597075,1471,1689,True
2612,583821.3794666192,5790080.009670969,1472,1687,True
2613,583821.7469498833,5790081.372744862,1472,1685,True
2614,583822.1144331474,5790082.735818755,1473,1683,True
2615,583822.4819164115,5790084.098892648,1473,1681,True
2616,583822.8493996756,5790085.461966542,1474,1679,True
2617,583823.2168829397,5790086.8250404345,1474,1678,True
2618,583823.5843662039,5790088.188114327,1475,1676,True
2619,583823.9518494679,5790089.55118822,1475,1674,True
2620,583824.3193327321,5790090.914262113,1476,1672,True
2621,583824.6868159962,5790092.277336007,1476,1670,True
2622,583825.0542992603,5790093.6404099,1477,1668,True
2623,583825.4217825244,5790095.003483793,1477,1666,True
2624,583825.7892657885,5790096.366557686,1478,1665,True
2625,583826.1567490526,5790097.7296315795,1478,1663,True
2626,583826.5242323168,5790099.092705472,1479,1661,True
2627,583826.8917155808,5790100.455779365,1479,1659,False
2628,583827.2634414622,5790101.822932164,1480,1657,True
2629,583827.6351673435,5790103.190084962,1480,1655,True
2630,583828.0068932249,5790104.557237761,1481,1654,True
2631,583828.3786191063,5790105.924390559,1481,1652,True
2632,583828.7503449877,5790107.291543358,1482,1650,True
2633,583829.1220708691,5790108.658696157,1482,1648,True
2634,583829.4937967504,5790110.025848955,1483,1646,True
2635,583829.8655226318,5790111.393001754,1483,1644,True
2636,583830.2372485131,5790112.760154552,1484,1642,True
2637,583830.6089743945,5790114.127307351,1484,1641,True
2638,583830.9807002759,5790115.49446015,1485,1639,True
2639,583831.3524261572,5790116.861612948,1485,1637,True
2640,583831.7241520386,5790118.228765747,1486,1635,True
2641,583832.09587792,5790119.595918545,1486,1633,True
2642,583832.4676038014,5790120.9630713435,1487,1631,True
2643,583832.8393296828,5790122.330224142,1487,1629,True
2644,583833.2110555641,5790123.69737694,1488,1628,True
2645,583833.5827814455,5790125.064529739,1488,1626,True
2646,583833.9545073268,5790126.431682538,1489,1624,True
2647,583834.3262332082,5790127.798835336,1489,1622,True
2648,583834.6979590895,5790129.165988135,1490,1620,True
2649,583835.0696849709,5790130.533140933,1490,1618,True
2650,583835.4414108524,5790131.900293732,1491,1616,True
2651,583835.8131367337,5790133.267446531,1491,1615,True
2652,583836.1848626151,5790134.634599329,1492,1613,True
2653,583836.5565884964,5790136.001752128,1492,1611,True
2654,583836.9283143778,5790137.368904926,1493,1609,True
2655,583837.3000402591,5790138.736057725,1493,1607,True
2656,583837.6717661405,5790140.103210524,1494,1605,True
2657,583838.0434920219,5790141.470363322,1494,1604,True
2658,583838.4152179032,5790142.837516121,1495,1602,True
2659,583838.7869437847,5790144.204668919,1495,1600,True
2660,583839.158669666,5790145.571821718,1496,1598,True
2661,583839.5303955474,5790146.9389745165,1496,1596,True
2662,583839.9021214287,5790148.306127314,1497,1594,True
2663,583840.2738473101,5790149.673280113,1497,1592,True
2664,583840.6455731915,5790151.040432911,1498,1591,True
2665,583841.0172990728,5790152.40758571,1498,1589,True
2666,583841.3890249542,5790153.774738509,1499,1587,True
2667,583841.7607508356,5790155.141891307,1499,1585,True
2668,583842.132476717,5790156.509044106,1500,1583,True
2669,583842.5042025984,5790157.876196904,1500,1581,True
2670,583842.8759284797,5790159.243349703,1501,1579,True
2671,583843.2476543611,5790160.610502502,1501,1578,True
2672,583843.6193802424,5790161.9776553,1502,1576,True
2673,583843.9911061238,5790163.344808099,1502,1574,True
2674,583844.3628320051,5790164.711960897,1503,1572,True
2675,583844.7345578865,5790166.079113696,1503,1570,True
2676,583845.106283768,5790167.446266495,1504,1568,True
2677,583845.4780096493,5790168.813419293,1504,1566,True
2678,583845.8497355307,5790170.180572092,1505,1565,True
2679,583846.221461412,5790171.54772489,1505,1563,True
2680,583846.5931872934,5790172.9148776885,1506,1561,True
2681,583846.9649131747,5790174.282030487,1506,1559,True
2682,583847.3366390561,5790175.649183285,1507,1557,True
2683,583847.7083649375,5790177.016336084,1507,1555,True
2684,583848.0800908188,5790178.383488883,1508,1553,True
2685,583848.4518167003,5790179.750641681,1508,1552,True
2686,583848.8235425816,5790181.11779448,1509,1550,True
2687,583849.195268463,5790182.484947278,1509,1548,True
2688,583849.5669943443,5790183.852100077,1510,1546,True
2689,583849.9387202257,5790185.219252876,1510,1544,True
2690,583850.3104461071,5790186.586405674,1511,1542,True
2691,583850.6821719884,5790187.953558473,1512,1541,True
2692,583851.0538978698,5790189.320711271,1512,1539,True
2693,583851.4256237511,5790190.68786407,1513,1537,True
2694,583851.7973496326,5790192.055016869,1513,1535,True
2695,583852.169075514,5790193.422169667,1514,1533,True
2696,583852.5408013953,5790194.789322466,1514,1531,True
2697,583852.9125272767,5790196.156475264,1515,1529,True
2698,583853.284253158,5790197.523628063,1515,1528,False
2699,583853.651640621,5790198.893669652,1516,1526,True
2700,583854.0190280839,5790200.263711241,1516,1524,True
2701,583854.3864155469,5790201.63375283,1517,1522,True
2702,583854.7538030099,5790203.0037944205,1517,1520,True
2703,583855.1211904727,5790204.37383601,1518,1518,True
2704,583855.4885779357,5790205.743877599,1518,1516,True
2705,583855.8559653987,5790207.113919188,1519,1515,True
2706,583856.2233528616,5790208.4839607775,1519,1513,True
2707,583856.5907403246,5790209.854002367,1520,1511,True
2708,583856.9581277876,5790211.224043956,1520,1509,True
2709,583857.3255152504,5790212.594085546,1521,1507,True
2710,583857.6929027134,5790213.964127135,1521,1505,True
2711,583858.0602901764,5790215.334168725,1521,1503,True
2712,583858.4276776393,5790216.704210314,1522,1502,True
2713,583858.7950651023,5790218.074251903,1522,1500,True
2714,583859.1624525653,5790219.4442934925,1523,1498,True
2715,583859.5298400281,5790220.814335082,1523,1496,True
2716,583859.8972274911,5790222.184376672,1524,1494,True
2717,583860.2646149541,5790223.554418261,1524,1492,True
2718,583860.632002417,5790224.92445985,1525,1490,True
2719,583860.99938988,5790226.29450144,1525,1489,True
2720,583861.366777343,5790227.664543029,1526,1487,True
2721,583861.7341648059,5790229.034584618,1526,1485,True
2722,583862.1015522688,5790230.404626207,1527,1483,True
2723,583862.4689397318,5790231.774667798,1527,1481,True
2724,583862.8363271947,5790233.144709387,1528,1479,True
2725,583863.2037146577,5790234.514750976,1528,1477,True
2726,583863.5711021207,5790235.884792565,1529,1476,True
2727,583863.9384895836,5790237.254834155,1529,1474,True
2728,583864.3058770465,5790238.624875744,1530,1472,True
2729,583864.6732645095,5790239.994917333,1530,1470,True
2730,583865.0406519724,5790241.364958923,1531,1468,True
2731,583865.4080394354,5790242.735000513,1531,1466,True
2732,583865.7754268984,5790244.105042102,1532,1464,True
2733,583866.1428143613,5790245.475083691,1532,1463,True
2734,583866.5102018242,5790246.84512528,1533,1461,True
2735,583866.8775892871,5790248.21516687,1533,1459,True
2736,583867.2449767501,5790249.585208459,1534,1457,True
2737,583867.6123642131,5790250.955250048,1534,1455,True
2738,583867.979751676,5790252.325291638,1535,1453,True
2739,583868.347139139,5790253.6953332275,1535,1451,True
2740,583868.714526602,5790255.065374817,1536,1450,True
2741,583869.0819140648,5790256.435416406,1536,1448,True
2742,583869.4493015278,5790257.805457995,1537,1446,True
2743,583869.8166889908,5790259.1754995845,1537,1444,True
2744,583870.1840764537,5790260.545541174,1538,1442,True
2745,583870.5514639167,5790261.915582764,1538,1440,True
2746,583870.9188513797,5790263.285624353,1539,1438,True
2747,583871.2862388425,5790264.6556659425,1539,1437,True
2748,583871.6536263055,5790266.025707532,1540,1435,True
2749,583872.0210137685,5790267.395749121,1540,1433,True
2750,583872.3884012314,5790268.76579071,1541,1431,True
2751,583872.7557886944,5790270.1358322995,1541,1429,True
2752,583873.1231761574,5790271.50587389,1542,1427,True
2753,583873.4905636202,5790272.875915479,1542,1425,True
2754,583873.8579510832,5790274.245957068,1543,1424,True
2755,583874.2253385462,5790275.615998657,1543,1422,True
2756,583874.5927260091,5790276.986040247,1544,1420,True
2757,583874.9601134721,5790278.356081836,1544,1418,True
2758,583875.3275009351,5790279.726123425,1545,1416,True
2759,583875.6948883979,5790281.096165015,1545,1414,True
2760,583876.0622758609,5790282.466206605,1546,1412,True
2761,583876.4296633239,5790283.836248194,1546,1411,True
2762,583876.7970507868,5790285.206289783,1547,1409,True
2763,583877.1644382498,5790286.576331372,1547,1407,True
2764,583877.5318257128,5790287.946372962,1548,1405,True
2765,583877.8992131756,5790289.316414551,1548,1403,True
2766,583878.2666006386,5790290.686456141,1549,1401,True
2767,583878.6339881016,5790292.05649773,1549,1400,True
2768,583879.0013755645,5790293.42653932,1550,1398,True
2769,583879.3687630275,5790294.796580909,1550,1396,False
2770,583879.7375560554,5790296.166300682,1551,1394,True
2771,583880.1063490834,5790297.536020455,1551,1392,True
2772,583880.4751421113,5790298.9057402285,1552,1390,True
2773,583880.8439351391,5790300.275460002,1552,1388,True
2774,583881.2127281671,5790301.645179776,1553,1387,True
2775,583881.581521195,5790303.014899548,1553,1385,True
2776,583881.950314223,5790304.384619322,1554,1383,True
2777,583882.3191072509,5790305.754339095,1554,1381,True
2778,583882.6879002788,5790307.124058868,1555,1379,True
2779,583883.0566933068,5790308.493778641,1555,1377,True
2780,583883.4254863346,5790309.863498415,1556,1375,True
2781,583883.7942793625,5790311.2332181875,1556,1374,True
2782,583884.1630723905,5790312.602937961,1557,1372,True
2783,583884.5318654184,5790313.9726577345,1557,1370,True
2784,583884.9006584464,5790315.342377508,1558,1368,True
2785,583885.2694514743,5790316.712097281,1558,1366,True
2786,583885.6382445022,5790318.081817054,1559,1364,True
2787,583886.0070375301,5790319.451536828,1559,1362,True
2788,583886.375830558,5790320.8212566,1560,1361,True
2789,583886.744623586,5790322.190976374,1560,1359,True
2790,583887.1134166139,5790323.560696147,1561,1357,True
2791,583887.4822096418,5790324.93041592,1561,1355,True
2792,583887.8510026698,5790326.3001356935,1562,1353,True
2793,583888.2197956977,5790327.669855467,1562,1351,True
2794,583888.5885887255,5790329.039575241,1563,1349,True
2795,583888.9573817535,5790330.409295013,1563,1348,True
2796,583889.3261747814,5790331.779014787,1564,1346,True
2797,583889.6949678094,5790333.14873456,1564,1344,True
2798,583890.0637608373,5790334.518454333,1565,1342,True
2799,583890.4325538652,5790335.888174106,1565,1340,True
2800,583890.8013468932,5790337.25789388,1566,1338,True
2801,583891.170139921,5790338.627613653,1566,1336,True
2802,583891.538932949,5790339.997333426,1567,1335,True
2803,583891.9077259769,5790341.3670532,1567,1333,True
2804,583892.2765190048,5790342.736772973,1568,1331,True
2805,583892.6453120328,5790344.106492746,1568,1329,True
2806,583893.0141050607,5790345.476212519,1569,1327,True
2807,583893.3828980887,5790346.845932293,1569,1325,True
2808,583893.7516911166,5790348.215652065,1570,1323,True
2809,583894.1204841444,5790349.585371839,1570,1322,True
2810,583894.4892771724,5790350.955091612,1571,1320,True
2811,583894.8580702003,5790352.324811386,1571,1318,True
2812,583895.2268632283,5790353.694531159,1572,1316,True
2813,583895.5956562562,5790355.064250932,1572,1314,True
2814,583895.9644492841,5790356.433970706,1573,1312,True
2815,583896.3332423121,5790357.803690478,1573,1310,True
2816,583896.7020353399,5790359.173410252,1574,1309,True
2817,583897.0708283678,5790360.543130025,1574,1307,True
2818,583897.4396213958,5790361.912849799,1575,1305,True
2819,583897.8084144237,5790363.282569571,1575,1303,True
2820,583898.1772074517,5790364.652289345,1576,1301,True
2821,583898.5460004796,5790366.022009118,1576,1299,True
2822,583898.9147935075,5790367.391728891,1577,1297,True
2823,583899.2835865354,5790368.761448665,1577,1296,True
2824,583899.6523795633,5790370.131168438,1578,1294,True
2825,583900.0211725913,5790371.500888211,1578,1292,True
2826,583900.3899656192,5790372.870607984,1579,1290,True
2827,583900.7587586471,5790374.240327758,1579,1288,True
2828,583901.1275516751,5790375.610047531,1580,1286,True
2829,583901.496344703,5790376.979767304,1580,1284,True
2830,583901.8651377308,5790378.349487077,1581,1283,True
2831,583902.2339307588,5790379.719206851,1581,1281,True
2832,583902.6027237867,5790381.088926624,1582,1279,True
2833,583902.9715168147,5790382.458646397,1582,1277,True
2834,583903.3403098426,5790383.828366171,1583,1275,True
2835,583903.7091028705,5790385.198085943,1583,1273,True
2836,583904.0778958985,5790386.567805717,1584,1271,True
2837,583904.4466889263,5790387.93752549,1584,1270,True
2838,583904.8154819543,5790389.307245264,1585,1268,True
2839,583905.1842749822,5790390.676965036,1585,1266,True
2840,583905.5530680101,5790392.04668481,1586,1264,False
2841,583905.9128901658,5790393.390095519,1586,1262,True
2842,583906.2727123215,5790394.733506229,1587,1260,True
2843,583906.6325344773,5790396.076916938,1587,1259,True
2844,583906.992356633,5790397.420327648,1588,1257,True
2845,583907.3521787886,5790398.7637383565,1588,1255,True
2846,583907.7120009443,5790400.107149066,1589,1253,True
2847,583908.0718231,5790401.450559775,1589,1251,True
2848,583908.4316452558,5790402.793970485,1590,1249,True
2849,583908.7914674114,5790404.137381194,1590,1248,True
2850,583909.1512895671,5790405.480791904,1591,1246,True
2851,583909.5111117228,5790406.824202613,1591,1244,True
2852,583909.8709338785,5790408.167613323,1592,1242,True
2853,583910.2307560343,5790409.511024032,1592,1240,True
2854,583910.5905781899,5790410.854434742,1593,1239,True
2855,583910.9504003456,5790412.197845451,1593,1237,True
2856,583911.3102225013,5790413.5412561605,1594,1235,True
2857,583911.670044657,5790414.884666869,1594,1233,True
2858,583912.0298668128,5790416.228077579,1595,1231,True
2859,583912.3896889684,5790417.571488288,1595,1229,True
2860,583912.7495111241,5790418.914898998,1596,1228,True
2861,583913.1093332798,5790420.258309707,1596,1226,True
2862,583913.4691554355,5790421.601720417,1597,1224,True
2863,583913.8289775912,5790422.945131126,1597,1222,True
2864,583914.1887997469,5790424.288541835,1598,1220,True
2865,583914.5486219026,5790425.631952545,1598,1219,True
2866,583914.9084440583,5790426.975363254,1599,1217,True
2867,583915.2682662139,5790428.3187739635,1599,1215,True
2868,583915.6280883697,5790429.662184672,1599,1213,True
2869,583915.9879105254,5790431.005595382,1600,1211,True
2870,583916.3477326811,5790432.349006091,1600,1209,True
2871,583916.7075548368,5790433.692416801,1601,1208,True
2872,583917.0673769924,5790435.03582751,1601,1206,True
2873,583917.4271991482,5790436.37923822,1602,1204,True
2874,583917.7870213039,5790437.722648929,1602,1202,True
2875,583918.1468434596,5790439.066059639,1603,1200,True
2876,583918.5066656152,5790440.409470348,1603,1199,True
2877,583918.8664877709,5790441.752881058,1604,1197,True
2878,583919.2263099266,5790443.0962917665,1604,1195,True
2879,583919.5861320824,5790444.439702476,1605,1193,True
2880,583919.9459542381,5790445.783113185,1605,1191,True
2881,583920.3057763937,5790447.126523895,1606,1189,True
2882,583920.6655985494,5790448.469934604,1606,1188,True
2883,583921.0254207051,5790449.813345314,1607,1186,True
2884,583921.3852428609,5790451.156756023,1607,1184,True
2885,583921.7450650166,5790452.500166733,1608,1182,True
2886,583922.1048871722,5790453.843577442,1608,1180,True
2887,583922.4647093279,5790455.186988152,1609,1179,True
2888,583922.8245314836,5790456.530398861,1609,1177,True
2889,583923.1843536394,5790457.8738095695,1610,1175,True
2890,583923.544175795,5790459.217220279,1610,1173,True
2891,583923.9039979507,5790460.560630988,1611,1171,True
2892,583924.2638201064,5790461.904041698,1611,1169,True
2893,583924.6236422621,5790463.247452407,1612,1168,True
2894,583924.9834644179,5790464.590863117,1612,1166,True
2895,583925.3432865735,5790465.934273826,1613,1164,True
2896,583925.7031087292,5790467.277684536,1613,1162,True
2897,583926.0629308849,5790468.621095245,1614,1160,True
2898,583926.4227530406,5790469.964505955,1614,1158,True
2899,583926.7825751964,5790471.307916664,1615,1157,True
2900,583927.142397352,5790472.651327373,1615,1155,True
2901,583927.5022195077,5790473.994738082,1616,1153,True
2902,583927.8620416634,5790475.338148792,1616,1151,True
2903,583928.221863819,5790476.681559501,1617,1149,True
2904,583928.5816859748,5790478.024970211,1617,1148,True
2905,583928.9415081305,5790479.36838092,1618,1146,True
2906,583929.3013302862,5790480.71179163,1618,1144,True
2907,583929.6611524419,5790482.055202339,1618,1142,True
2908,583930.0209745975,5790483.398613049,1619,1140,True
2909,583930.3807967533,5790484.742023758,1619,1138,True
2910,583930.740618909,5790486.0854344675,1620,1137,True
2911,583931.1004410647,5790487.4288451765,1620,1135,False
2912,583931.4667916815,5790488.795873428,1621,1133,True
2913,583931.8331422984,5790490.162901679,1621,1131,True
2914,583932.1994929152,5790491.52992993,1622,1129,True
2915,583932.5658435321,5790492.896958183,1622,1127,True
2916,583932.9321941489,5790494.263986434,1623,1126,True
2917,583933.2985447657,5790495.631014685,1623,1124,True
2918,583933.6648953826,5790496.998042936,1624,1122,True
2919,583934.0312459994,5790498.365071188,1624,1120,True
2920,583934.3975966162,5790499.732099439,1625,1118,True
2921,583934.7639472331,5790501.09912769,1625,1116,True
2922,583935.1302978499,5790502.4661559425,1626,1114,True
2923,583935.4966484668,5790503.833184194,1626,1113,True
2924,583935.8629990836,5790505.200212445,1627,1111,True
2925,583936.2293497004,5790506.567240696,1627,1109,True
2926,583936.5957003173,5790507.934268948,1628,1107,True
2927,583936.9620509341,5790509.301297199,1628,1105,True
2928,583937.3284015509,5790510.66832545,1629,1103,True
2929,583937.6947521678,5790512.0353537025,1629,1101,True
2930,583938.0611027846,5790513.402381954,1630,1100,True
2931,583938.4274534015,5790514.769410205,1630,1098,True
2932,583938.7938040183,5790516.136438456,1631,1096,True
2933,583939.1601546351,5790517.503466708,1631,1094,True
2934,583939.526505252,5790518.870494959,1632,1092,True
2935,583939.8928558688,5790520.23752321,1632,1090,True
2936,583940.2592064857,5790521.604551462,1633,1089,True
2937,583940.6255571025,5790522.971579714,1633,1087,True
2938,583940.9919077193,5790524.338607965,1634,1085,True
2939,583941.3582583362,5790525.705636216,1634,1083,True
2940,583941.724608953,5790527.072664468,1635,1081,True
2941,583942.0909595698,5790528.439692719,1635,1079,True
2942,583942.4573101867,5790529.80672097,1636,1077,True
2943,583942.8236608035,5790531.173749222,1636,1076,True
2944,583943.1900114204,5790532.540777474,1637,1074,True
2945,583943.5563620372,5790533.907805725,1637,1072,True
2946,583943.922712654,5790535.274833976,1638,1070,True
2947,583944.2890632709,5790536.641862228,1638,1068,True
2948,583944.6554138877,5790538.008890479,1639,1066,True
2949,583945.0217645045,5790539.37591873,1639,1064,True
2950,583945.3881151214,5790540.742946981,1640,1063,True
2951,583945.7544657382,5790542.109975234,1640,1061,True
2952,583946.1208163551,5790543.477003485,1641,1059,True
2953,583946.4871669719,5790544.844031736,1641,1057,True
2954,583946.8535175887,5790546.211059988,1642,1055,True
2955,583947.2198682056,5790547.578088239,1642,1053,True
2956,583947.5862188224,5790548.94511649,1643,1051,True
2957,583947.9525694392,5790550.312144741,1643,1050,True
2958,583948.3189200561,5790551.679172994,1644,1048,True
2959,583948.6852706729,5790553.046201245,1644,1046,True
2960,583949.0516212898,5790554.413229496,1645,1044,True
2961,583949.4179719066,5790555.7802577475,1645,1042,True
2962,583949.7843225234,5790557.147285999,1646,1040,True
2963,583950.1506731403,5790558.51431425,1646,1039,True
2964,583950.5170237571,5790559.881342501,1647,1037,True
2965,583950.883374374,5790561.248370754,1647,1035,True
2966,583951.2497249908,5790562.615399005,1648,1033,True
2967,583951.6160756076,5790563.982427256,1648,1031,True
2968,583951.9824262245,5790565.3494555075,1649,1029,True
2969,583952.3487768413,5790566.716483759,1649,1027,True
2970,583952.7151274581,5790568.08351201,1650,1026,True
2971,583953.081478075,5790569.450540261,1650,1024,True
2972,583953.4478286918,5790570.817568514,1651,1022,True
2973,583953.8141793087,5790572.184596765,1651,1020,True
2974,583954.1805299255,5790573.551625016,1652,1018,True
2975,583954.5468805423,5790574.918653267,1652,1016,True
2976,583954.9132311592,5790576.285681519,1653,1014,True
2977,583955.279581776,5790577.65270977,1653,1013,True
2978,583955.6459323928,5790579.019738021,1654,1011,True
2979,583956.0122830097,5790580.3867662735,1654,1009,True
2980,583956.3786336265,5790581.753794525,1655,1007,True
2981,583956.7449842434,5790583.120822776,1655,1005,True
2982,583957.1113348602,5790584.487851027,1656,1003,False
2983,583957.4719608277,5790585.82462078,1656,1002,True
2984,583957.8325867951,5790587.161390532,1657,1000,True
2985,583958.1932127626,5790588.498160284,1657,998,True
2986,583958.5538387301,5790589.834930035,1658,996,True
2987,583958.9144646976,5790591.1716997875,1658,994,True
2988,583959.275090665,5790592.50846954,1659,992,True
2989,583959.6357166325,5790593.845239292,1659,991,True
2990,583959.9963426,5790595.182009044,1660,989,True
2991,583960.3569685675,5790596.518778796,1660,987,True
2992,583960.7175945349,5790597.855548548,1661,985,True
2993,583961.0782205024,5790599.1923183,1661,983,True
2994,583961.4388464699,5790600.529088052,1662,982,True
2995,583961.7994724374,5790601.865857804,1662,980,True
2996,583962.1600984047,5790603.202627556,1663,978,True
2997,583962.5207243722,5790604.539397309,1663,976,True
2998,583962.8813503397,5790605.876167061,1664,974,True
2999,583963.2419763071,5790607.212936812,1664,973,True
3000,583963.6026022746,5790608.549706564,1664,971,True
3001,583963.9632282421,5790609.8864763165,1665,969,True
3002,583964.3238542096,5790611.223246069,1665,967,True
3003,583964.684480177,5790612.560015821,1666,965,True
3004,583965.0451061445,5790613.896785573,1666,963,True
3005,583965.405732112,5790615.233555324,1667,962,True
3006,583965.7663580795,5790616.570325077,1667,960,True
3007,583966.1269840469,5790617.907094829,1668,958,True
3008,583966.4876100144,5790619.243864581,1668,956,True
3009,583966.8482359819,5790620.580634333,1669,954,True
3010,583967.2088619494,5790621.917404085,1669,953,True
3011,583967.5694879168,5790623.254173838,1670,951,True
3012,583967.9301138843,5790624.590943589,1670,949,True
3013,583968.2907398518,5790625.927713341,1671,947,True
3014,583968.6513658192,5790627.264483093,1671,945,True
3015,583969.0119917867,5790628.6012528455,1672,944,True
3016,583969.3726177542,5790629.938022598,1672,942,True
3017,583969.7332437217,5790631.27479235,1673,940,True
3018,583970.093869689,5790632.611562101,1673,938,True
3019,583970.4544956565,5790633.948331853,1674,936,True
3020,583970.815121624,5790635.285101606,1674,935,True
3021,583971.1757475915,5790636.621871358,1675,933,True
3022,583971.5363735589,5790637.95864111,1675,931,True
3023,583971.8969995264,5790639.295410862,1676,929,True
3024,583972.2576254939,5790640.632180613,1676,927,True
3025,583972.6182514613,5790641.968950366,1677,925,True
3026,583972.9788774288,5790643.305720118,1677,924,True
3027,583973.3395033963,5790644.64248987,1678,922,True
3028,583973.7001293638,5790645.979259622,1678,920,True
3029,583974.0607553312,5790647.3160293745,1679,918,True
3030,583974.4213812987,5790648.652799127,1679,916,True
3031,583974.7820072662,5790649.989568878,1680,915,True
3032,583975.1426332337,5790651.32633863,1680,913,True
3033,583975.5032592011,5790652.663108382,1681,911,True
3034,583975.8638851686,5790653.999878135,1681,909,True
3035,583976.2245111361,5790655.336647887,1682,907,True
3036,583976.5851371036,5790656.673417639,1682,906,True
3037,583976.945763071,5790658.01018739,1683,904,True
3038,583977.3063890385,5790659.346957142,1683,902,True
3039,583977.667015006,5790660.683726895,1684,900,True
3040,583978.0276409733,5790662.020496647,1684,898,True
3041,583978.3882669408,5790663.357266399,1685,896,True
3042,583978.7488929083,5790664.694036151,1685,895,True
3043,583979.1095188758,5790666.0308059035,1685,893,True
3044,583979.4701448432,5790667.367575655,1686,891,True
3045,583979.8307708107,5790668.704345407,1686,889,True
3046,583980.1913967782,5790670.041115159,1687,887,True
3047,583980.5520227457,5790671.377884911,1687,886,True
3048,583980.9126487131,5790672.714654664,1688,884,True
3049,583981.2732746806,5790674.051424416,1688,882,True
3050,583981.6339006481,5790675.388194167,1689,880,True
3051,583981.9945266156,5790676.724963919,1689,878,True
3052,583982.355152583,5790678.061733671,1690,877,True
3053,583982.7157785505,5790679.398503424,1690,875,False
3054,583982.8063440692,5790679.576410786,1690,875,True
3055,583982.896909588,5790679.754318149,1691,874,True
3056,583982.9874751067,5790679.932225511,1691,874,True
3057,583983.0780406256,5790680.110132874,1691,874,True
3058,583983.1686061443,5790680.288040237,1691,874,True
3059,583983.2591716631,5790680.465947599,1691,873,True
3060,583983.3497371818,5790680.643854962,1691,873,True
3061,583983.4403027005,5790680.821762324,1691,873,True
3062,583983.5308682193,5790680.999669687,1691,873,True
3063,583983.621433738,5790681.1775770495,1692,872,True
3064,583983.7119992569,5790681.355484412,1692,872,True
3065,583983.8025647756,5790681.533391775,1692,872,True
3066,583983.8931302943,5790681.711299137,1692,872,True
3067,583983.9836958131,5790681.8892065,1692,871,True
3068,583984.0742613318,5790682.067113862,1692,871,True
3069,583984.1648268506,5790682.245021225,1692,871,True
3070,583984.2553923693,5790682.4229285875,1692,871,True
3071,583984.3459578882,5790682.60083595,1693,870,True
3072,583984.4365234069,5790682.778743313,1693,870,True
3073,583984.5270889256,5790682.956650675,1693,870,True
3074,583984.6176544444,5790683.134558038,1693,870,True
3075,583984.7082199631,5790683.3124654,1693,869,True
3076,583984.798785482,5790683.490372763,1693,869,True
3077,583984.8893510007,5790683.668280126,1693,869,True
3078,583984.9799165195,5790683.846187488,1693,869,True
3079,583985.0704820382,5790684.024094851,1694,868,True
3080,583985.1610475569,5790684.202002213,1694,868,True
3081,583985.2516130757,5790684.379909576,1694,868,True
3082,583985.3421785944,5790684.5578169385,1694,868,True
3083,583985.4327441133,5790684.735724301,1694,868,True
3084,583985.523309632,5790684.913631664,1694,867,True
3085,583985.6138751508,5790685.091539026,1694,867,True
3086,583985.7044406695,5790685.269446389,1694,867,True
3087,583985.7950061882,5790685.447353751,1695,867,True
3088,583985.885571707,5790685.625261114,1695,866,True
3089,583985.9761372257,5790685.803168476,1695,866,True
3090,583986.0667027446,5790685.981075838,1695,866,True
3091,583986.1572682633,5790686.158983201,1695,866,True
3092,583986.247833782,5790686.336890563,1695,865,True
3093,583986.3383993008,5790686.514797926,1695,865,True
3094,583986.4289648195,5790686.6927052885,1695,865,True
3095,583986.5195303384,5790686.870612651,1696,865,True
3096,583986.6100958571,5790687.048520014,1696,864,True
3097,583986.7006613759,5790687.226427376,1696,864,True
3098,583986.7912268946,5790687.404334739,1696,864,True
3099,583986.8817924133,5790687.582242101,1696,864,True
3100,583986.9723579321,5790687.760149464,1696,863,True
3101,583987.0629234508,5790687.938056827,1696,863,True
3102,583987.1534889697,5790688.115964189,1696,863,True
3103,583987.2440544884,5790688.293871552,1697,863,True
3104,583987.3346200072,5790688.471778914,1697,862,True
3105,583987.4251855259,5790688.649686277,1697,862,True
3106,583987.5157510446,5790688.8275936395,1697,862,True
3107,583987.6063165634,5790689.005501002,1697,862,True
3108,583987.6968820821,5790689.183408365,1697,862,True
3109,583987.787447601,5790689.361315727,1697,861,True
3110,583987.8780131197,5790689.53922309,1697,861,True
3111,583987.9685786385,5790689.717130452,1697,861,True
3112,583988.0591441572,5790689.895037815,1698,861,True
3113,583988.1497096759,5790690.072945178,1698,860,True
3114,583988.2402751948,5790690.25085254,1698,860,True
3115,583988.3308407135,5790690.428759903,1698,860,True
3116,583988.4214062323,5790690.606667265,1698,860,True
3117,583988.511971751,5790690.784574628,1698,859,True
3118,583988.6025372697,5790690.96248199,1698,859,True
3119,583988.6931027885,5790691.140389353,1698,859,True
3120,583988.7836683072,5790691.318296716,1699,859,True
3121,583988.8742338261,5790691.496204078,1699,858,True
3122,583988.9647993448,5790691.674111441,1699,858,True
3123,583989.0553648636,5790691.852018803,1699,858,True
3124,583989.1459303823,5790692.029926166,1699,858,False
3125,583990.5593578982,5790691.645194411,1701,858,True
3126,583991.972785414,5790691.260462657,1703,859,True
3127,583993.3862129299,5790690.875730902,1705,859,True
3128,583994.7996404457,5790690.490999147,1707,860,True
3129,583996.2130679616,5790690.106267393,1709,860,True
3130,583997.6264954774,5790689.721535638,1711,861,True
3131,583999.0399229933,5790689.336803883,1712,861,True
3132,584000.4533505092,5790688.952072129,1714,862,True
3133,584001.8667780249,5790688.567340374,1716,862,True
3134,584003.2802055408,5790688.182608619,1718,863,True
3135,584004.6936330567,5790687.797876865,1720,863,True
3136,584006.1070605725,5790687.41314511,1722,864,True
3137,584007.5204880884,5790687.028413355,1724,864,True
3138,584008.9339156043,5790686.643681601,1726,865,True
3139,584010.3473431201,5790686.258949846,1728,865,True
3140,584011.7607706359,5790685.874218091,1730,866,True
3141,584013.1741981518,5790685.489486337,1732,867,True
3142,584014.5876256677,5790685.104754581,1734,867,True
3143,584016.0010531835,5790684.720022826,1735,868,True
3144,584017.4144806993,5790684.335291072,1737,868,True
3145,584018.8279082152,5790683.950559317,1739,869,True
3146,584020.241335731,5790683.5658275625,1741,869,True
3147,584021.6547632469,5790683.181095808,1743,870,True
3148,584023.0681907628,5790682.796364053,1745,870,True
3149,584024.4816182787,5790682.4116322985,1747,871,True
3150,584025.8950457944,5790682.026900544,1749,871,True
3151,584027.3084733103,5790681.642168789,1751,872,True
3152,584028.7219008262,5790681.2574370345,1753,872,True
3153,584030.135328342,5790680.87270528,1755,873,True
3154,584031.5487558579,5790680.487973525,1757,873,True
3155,584032.9621833737,5790680.1032417705,1758,874,True
3156,584034.3756108896,5790679.718510016,1760,874,True
3157,584035.7890384054,5790679.333778261,1762,875,True
3158,584037.2024659213,5790678.949046507,1764,875,True
3159,584038.6158934372,5790678.564314752,1766,876,True
3160,584040.029320953,5790678.179582997,1768,876,True
3161,584041.4427484688,5790677.794851243,1770,877,True
3162,584042.8561759847,5790677.410119488,1772,877,True
3163,584044.2696035005,5790677.025387733,1774,878,True
3164,584045.6830310164,5790676.640655979,1776,878,True
3165,584047.0964585323,5790676.255924224,1778,879,True
3166,584048.5098860482,5790675.871192469,1780,880,True
3167,584049.9233135639,5790675.486460715,1781,880,True
3168,584051.3367410798,5790675.10172896,1783,881,True
3169,584052.7501685957,5790674.716997205,1785,881,True
3170,584054.1635961115,5790674.332265451,1787,882,True
3171,584055.5770236274,5790673.947533696,1789,882,True
3172,584056.9904511432,5790673.562801941,1791,883,True
3173,584058.4038786591,5790673.178070187,1793,883,True
3174,584059.8173061749,5790672.793338432,1795,884,True
3175,584061.2307336908,5790672.408606677,1797,884,True
3176,584062.6441612067,5790672.023874923,1799,885,True
3177,584064.0575887224,5790671.639143168,1801,885,True
3178,584065.4710162383,5790671.254411412,1802,886,True
3179,584066.8844437542,5790670.869679658,1804,886,True
3180,584068.29787127,5790670.484947903,1806,887,True
3181,584069.7112987859,5790670.100216148,1808,887,True
3182,584071.1247263018,5790669.715484394,1810,888,True
3183,584072.5381538176,5790669.330752639,1812,888,True
3184,584073.9515813334,5790668.946020884,1814,889,True
3185,584075.3650088493,5790668.56128913,1816,889,True
3186,584076.7784363652,5790668.176557375,1818,890,True
3187,584078.191863881,5790667.79182562,1820,890,True
3188,584079.6052913968,5790667.407093866,1822,891,True
3189,584081.0187189127,5790667.022362111,1824,892,True
3190,584082.4321464285,5790666.6376303565,1825,892,True
3191,584083.8455739444,5790666.252898602,1827,893,True
3192,584085.2590014603,5790665.868166847,1829,893,True
3193,584086.6724289762,5790665.4834350925,1831,894,True
3194,584088.0858564919,5790665.098703338,1833,894,True
3195,584089.4992840078,5790664.713971583,1835,895,False
3196,584090.8265634667,5790664.337159428,1837,895,True
3197,584092.1538429256,5790663.960347272,1839,896,True
3198,584093.4811223845,5790663.583535116,1840,896,True
3199,584094.8084018434,5790663.206722961,1842,897,True
3200,584096.1356813023,5790662.829910805,1844,897,True
3201,584097.4629607612,5790662.45309865,1846,898,True
3202,584098.79024022,5790662.076286494,1848,898,True
3203,584100.1175196789,5790661.699474338,1849,899,True
3204,584101.4447991379,5790661.322662183,1851,899,True
3205,584102.7720785968,5790660.945850028,1853,900,True
3206,584104.0993580556,5790660.569037871,1855,900,True
3207,584105.4266375145,5790660.192225716,1857,901,True
3208,584106.7539169734,5790659.815413561,1858,901,True
3209,584108.0811964324,5790659.438601405,1860,902,True
3210,584109.4084758912,5790659.061789249,1862,902,True
3211,584110.7357553501,5790658.684977094,1864,903,True
3212,584112.063034809,5790658.308164938,1866,903,True
3213,584113.3903142678,5790657.931352783,1867,904,True
3214,584114.7175937267,5790657.554540627,1869,904,True
3215,584116.0448731857,5790657.177728471,1871,905,True
3216,584117.3721526446,5790656.800916316,1873,905,True
3217,584118.6994321034,5790656.424104161,1875,906,True
3218,584120.0267115623,5790656.047292004,1876,906,True
3219,584121.3539910212,5790655.670479849,1878,907,True
3220,584122.6812704802,5790655.293667694,1880,907,True
3221,584124.008549939,5790654.916855538,1882,908,True
3222,584125.3358293979,5790654.540043383,1884,908,True
3223,584126.6631088568,5790654.163231227,1885,909,True
3224,584127.9903883156,5790653.786419071,1887,909,True
3225,584129.3176677745,5790653.409606916,1889,910,True
3226,584130.6449472335,5790653.032794761,1891,910,True
3227,584131.9722266924,5790652.655982604,1893,911,True
3228,584133.2995061512,5790652.279170449,1894,912,True
3229,584134.6267856101,5790651.9023582935,1896,912,True
3230,584135.954065069,5790651.525546138,1898,913,True
3231,584137.281344528,5790651.148733982,1900,913,True
3232,584138.6086239868,5790650.7719218265,1902,914,True
3233,584139.9359034457,5790650.395109671,1903,914,True
3234,584141.2631829046,5790650.018297516,1905,915,True
3235,584142.5904623634,5790649.6414853595,1907,915,True
3236,584143.9177418224,5790649.264673204,1909,916,True
3237,584145.2450212813,5790648.887861049,1911,916,True
3238,584146.5723007402,5790648.511048893,1912,917,True
3239,584147.899580199,5790648.134236737,1914,917,True
3240,584149.2268596579,5790647.757424582,1916,918,True
3241,584150.5541391168,5790647.380612426,1918,918,True
3242,584151.8814185758,5790647.003800271,1920,919,True
3243,584153.2086980346,5790646.626988116,1921,919,True
3244,584154.5359774935,5790646.250175959,1923,920,True
3245,584155.8632569524,5790645.873363804,1925,920,True
3246,584157.1905364112,5790645.496551649,1927,921,True
3247,584158.5178158702,5790645.119739493,1929,921,True
3248,584159.8450953291,5790644.742927337,1930,922,True
3249,584161.172374788,5790644.366115182,1932,922,True
3250,584162.4996542468,5790643.989303026,1934,923,True
3251,584163.8269337057,5790643.612490871,1936,923,True
3252,584165.1542131646,5790643.235678715,1938,924,True
3253,584166.4814926236,5790642.858866559,1939,924,True
3254,584167.8087720824,5790642.482054404,1941,925,True
3255,584169.1360515413,5790642.105242249,1943,925,True
3256,584170.4633310002,5790641.728430092,1945,926,True
3257,584171.790610459,5790641.351617937,1947,926,True
3258,584173.117889918,5790640.974805782,1948,927,True
3259,584174.4451693769,5790640.597993626,1950,927,True
3260,584175.7724488358,5790640.22118147,1952,928,True
3261,584177.0997282946,5790639.844369315,1954,928,True
3262,584178.4270077535,5790639.467557159,1956,929,True
3263,584179.7542872124,5790639.090745004,1957,929,True
3264,584181.0815666714,5790638.713932848,1959,930,True
3265,584182.4088461302,5790638.337120692,1961,930,True
3266,584183.7361255891,5790637.960308537,1963,931,False
3267,584183.9882884326,5790637.850389055,1963,931,True
3268,584184.2404512761,5790637.740469573,1963,931,True
3269,584184.4926141197,5790637.63055009,1964,931,True
3270,584184.7447769631,5790637.520630608,1964,931,True
3271,584184.9969398066,5790637.410711126,1964,932,True
3272,584185.2491026501,5790637.3007916445,1965,932,True
3273,584185.5012654936,5790637.190872163,1965,932,True
3274,584185.753428337,5790637.080952681,1965,932,True
3275,584186.0055911806,5790636.971033198,1966,932,True
3276,584186.2577540241,5790636.861113716,1966,932,True
3277,584186.5099168676,5790636.751194234,1966,933,True
3278,584186.7620797111,5790636.641274752,1967,933,True
3279,584187.0142425545,5790636.53135527,1967,933,True
3280,584187.266405398,5790636.421435787,1967,933,True
3281,584187.5185682416,5790636.311516305,1968,933,True
3282,584187.7707310851,5790636.2015968235,1968,933,True
3283,584188.0228939286,5790636.091677342,1969,933,True
3284,584188.275056772,5790635.98175786,1969,934,True
3285,584188.5272196155,5790635.871838378,1969,934,True
3286,584188.779382459,5790635.761918895,1970,934,True
3287,584189.0315453026,5790635.651999413,1970,934,True
3288,584189.2837081461,5790635.542079931,1970,934,True
3289,584189.5358709896,5790635.432160449,1971,934,True
3290,584189.788033833,5790635.322240967,1971,934,True
3291,584190.0401966765,5790635.212321484,1971,935,True
3292,584190.29235952,5790635.102402003,1972,935,True
3293,584190.5445223636,5790634.992482521,1972,935,True
3294,584190.796685207,5790634.882563039,1972,935,True
3295,584191.0488480505,5790634.772643557,1973,935,True
3296,584191.301010894,5790634.662724075,1973,935,True
3297,584191.5531737375,5790634.552804592,1973,936,True
3298,584191.805336581,5790634.44288511,1974,936,True
3299,584192.0574994246,5790634.332965628,1974,936,True
3300,584192.309662268,5790634.223046146,1974,936,True
3301,584192.5618251115,5790634.113126664,1975,936,True
3302,584192.813987955,5790634.003207182,1975,936,True
3303,584193.0661507985,5790633.8932877,1975,936,True
3304,584193.3183136419,5790633.783368218,1976,937,True
3305,584193.5704764855,5790633.673448736,1976,937,True
3306,584193.822639329,5790633.563529254,1976,937,True
3307,584194.0748021725,5790633.453609771,1977,937,True
3308,584194.326965016,5790633.343690289,1977,937,True
3309,584194.5791278594,5790633.233770807,1977,937,True
3310,584194.8312907029,5790633.123851325,1978,937,True
3311,584195.0834535465,5790633.013931843,1978,938,True
3312,584195.33561639,5790632.904012362,1978,938,True
3313,584195.5877792335,5790632.794092879,1979,938,True
3314,584195.839942077,5790632.684173397,1979,938,True
3315,584196.0921049204,5790632.574253915,1979,938,True
3316,584196.3442677639,5790632.464334433,1980,938,True
3317,584196.5964306075,5790632.354414951,1980,938,True
3318,584196.848593451,5790632.244495468,1980,939,True
3319,584197.1007562944,5790632.134575986,1981,939,True
3320,584197.3529191379,5790632.024656504,1981,939,True
3321,584197.6050819814,5790631.9147370225,1981,939,True
3322,584197.8572448249,5790631.804817541,1982,939,True
3323,584198.1094076685,5790631.694898059,1982,939,True
3324,584198.361570512,5790631.584978576,1983,940,True
3325,584198.6137333554,5790631.475059094,1983,940,True
3326,584198.8658961989,5790631.365139612,1983,940,True
3327,584199.1180590424,5790631.25522013,1984,940,True
3328,584199.3702218859,5790631.145300648,1984,940,True
3329,584199.6223847294,5790631.035381165,1984,940,True
3330,584199.8745475729,5790630.925461683,1985,940,True
3331,584200.1267104164,5790630.8155422015,1985,941,True
3332,584200.3788732599,5790630.70562272,1985,941,True
3333,584200.6310361034,5790630.595703238,1986,941,True
3334,584200.8831989468,5790630.485783756,1986,941,True
3335,584201.1353617904,5790630.375864273,1986,941,True
3336,584201.3875246339,5790630.265944791,1987,941,True
3337,584201.6396874774,5790630.156025309,1987,941,False
3338,584201.2889761162,5790628.732702344,1986,943,True
3339,584200.9382647551,5790627.309379379,1986,945,True
3340,584200.587553394,5790625.886056414,1986,947,True
3341,584200.2368420329,5790624.4627334485,1985,949,True
3342,584199.8861306717,5790623.039410483,1985,951,True
3343,584199.5354193106,5790621.616087519,1984,953,True
3344,584199.1847079494,5790620.192764553,1984,955,True
3345,584198.8339965882,5790618.769441588,1983,957,True
3346,584198.4832852272,5790617.346118623,1983,959,True
3347,584198.132573866,5790615.922795658,1982,961,True
3348,584197.7818625049,5790614.499472693,1982,963,True
3349,584197.4311511437,5790613.076149728,1981,965,True
3350,584197.0804397826,5790611.652826763,1981,967,True
3351,584196.7297284215,5790610.229503797,1980,968,True
3352,584196.3790170604,5790608.806180832,1980,970,True
3353,584196.0283056992,5790607.3828578675,1979,972,True
3354,584195.6775943381,5790605.959534902,1979,974,True
3355,584195.3268829769,5790604.536211937,1978,976,True
3356,584194.9761716158,5790603.112888972,1978,978,True
3357,584194.6254602547,5790601.689566007,1977,980,True
3358,584194.2747488936,5790600.2662430415,1977,982,True
3359,584193.9240375324,5790598.842920077,1976,984,True
3360,584193.5733261713,5790597.419597112,1976,986,True
3361,584193.2226148101,5790595.996274146,1976,988,True
3362,584192.8719034491,5790594.572951181,1975,990,True
3363,584192.5211920879,5790593.149628216,1975,992,True
3364,584192.1704807268,5790591.726305251,1974,994,True
3365,584191.8197693656,5790590.302982286,1974,995,True
3366,584191.4690580044,5790588.879659321,1973,997,True
3367,584191.1183466433,5790587.456336356,1973,999,True
3368,584190.7676352822,5790586.03301339,1972,1001,True
3369,584190.4169239211,5790584.609690425,1972,1003,True
3370,584190.0662125599,5790583.1863674605,1971,1005,True
3371,584189.7155011988,5790581.763044495,1971,1007,True
3372,584189.3647898376,5790580.33972153,1970,1009,True
3373,584189.0140784766,5790578.916398565,1970,1011,True
3374,584188.6633671154,5790577.4930756,1969,1013,True
3375,584188.3126557543,5790576.0697526345,1969,1015,True
3376,584187.9619443931,5790574.64642967,1968,1017,True
3377,584187.611233032,5790573.223106705,1968,1019,True
3378,584187.2605216709,5790571.799783739,1967,1021,True
3379,584186.9098103098,5790570.376460774,1967,1022,True
3380,584186.5590989486,5790568.953137809,1967,1024,True
3381,584186.2083875875,5790567.529814844,1966,1026,True
3382,584185.8576762263,5790566.106491879,1966,1028,True
3383,584185.5069648651,5790564.683168914,1965,1030,True
3384,584185.1562535041,5790563.259845949,1965,1032,True
3385,584184.805542143,5790561.836522983,1964,1034,True
3386,584184.4548307818,5790560.413200018,1964,1036,True
3387,584184.1041194206,5790558.989877054,1963,1038,True
3388,584183.7534080595,5790557.566554088,1963,1040,True
3389,584183.4026966984,5790556.143231123,1962,1042,True
3390,584183.0519853373,5790554.719908158,1962,1044,True
3391,584182.7012739761,5790553.296585193,1961,1046,True
3392,584182.350562615,5790551.8732622275,1961,1048,True
3393,584181.9998512538,5790550.449939263,1960,1049,True
3394,584181.6491398927,5790549.026616298,1960,1051,True
3395,584181.2984285316,5790547.603293332,1959,1053,True
3396,584180.9477171705,5790546.179970367,1959,1055,True
3397,584180.5970058093,5790544.756647402,1958,1057,True
3398,584180.2462944482,5790543.333324437,1958,1059,True
3399,584179.895583087,5790541.910001472,1957,1061,True
3400,584179.544871726,5790540.486678507,1957,1063,True
3401,584179.1941603648,5790539.063355542,1957,1065,True
3402,584178.8434490036,5790537.640032576,1956,1067,True
3403,584178.4927376425,5790536.216709612,1956,1069,True
3404,584178.1420262813,5790534.793386647,1955,1071,True
3405,584177.7913149202,5790533.370063681,1955,1073,True
3406,584177.4406035591,5790531.946740716,1954,1075,True
3407,584177.089892198,5790530.523417751,1954,1076,True
3408,584176.7391808368,5790529.100094786,1953,1078,False
3409,584176.3812587853,5790527.747991286,1953,1080,True
3410,584176.0233367336,5790526.3958877865,1952,1082,True
3411,584175.665414682,5790525.043784287,1952,1084,True
3412,584175.3074926303,5790523.691680787,1951,1086,True
3413,584174.9495705788,5790522.339577287,1951,1088,True
3414,584174.5916485271,5790520.987473788,1950,1089,True
3415,584174.2337264755,5790519.635370288,1950,1091,True
3416,584173.8758044238,5790518.283266788,1949,1093,True
3417,584173.5178823723,5790516.931163289,1949,1095,True
3418,584173.1599603206,5790515.579059789,1948,1097,True
3419,584172.802038269,5790514.226956289,1948,1099,True
3420,584172.4441162173,5790512.87485279,1947,1100,True
3421,584172.0861941657,5790511.52274929,1947,1102,True
3422,584171.7282721141,5790510.17064579,1946,1104,True
3423,584171.3703500625,5790508.8185422905,1946,1106,True
3424,584171.0124280108,5790507.466438791,1945,1108,True
3425,584170.6545059592,5790506.114335291,1945,1110,True
3426,584170.2965839076,5790504.762231791,1944,1111,True
3427,584169.938661856,5790503.410128292,1944,1113,True
3428,584169.5807398043,5790502.058024792,1944,1115,True
3429,584169.2228177527,5790500.705921292,1943,1117,True
3430,584168.8648957011,5790499.353817793,1943,1119,True
3431,584168.5069736495,5790498.001714293,1942,1121,True
3432,584168.1490515978,5790496.649610793,1942,1122,True
3433,584167.7911295462,5790495.2975072935,1941,1124,True
3434,584167.4332074946,5790493.945403794,1941,1126,True
3435,584167.075285443,5790492.593300294,1940,1128,True
3436,584166.7173633913,5790491.241196794,1940,1130,True
3437,584166.3594413397,5790489.889093295,1939,1131,True
3438,584166.001519288,5790488.536989795,1939,1133,True
3439,584165.6435972365,5790487.184886295,1938,1135,True
3440,584165.2856751848,5790485.832782796,1938,1137,True
3441,584164.9277531332,5790484.480679296,1937,1139,True
3442,584164.5698310815,5790483.128575796,1937,1141,True
3443,584164.21190903,5790481.776472297,1936,1142,True
3444,584163.8539869783,5790480.424368797,1936,1144,True
3445,584163.4960649267,5790479.072265297,1935,1146,True
3446,584163.138142875,5790477.7201617975,1935,1148,True
3447,584162.7802208235,5790476.368058298,1934,1150,True
3448,584162.4222987718,5790475.015954798,1934,1152,True
3449,584162.0643767202,5790473.663851298,1933,1153,True
3450,584161.7064546685,5790472.311747799,1933,1155,True
3451,584161.348532617,5790470.959644299,1932,1157,True
3452,584160.9906105653,5790469.607540799,1932,1159,True
3453,584160.6326885137,5790468.2554373,1931,1161,True
3454,584160.274766462,5790466.9033338,1931,1163,True
3455,584159.9168444105,5790465.5512303,1930,1164,True
3456,584159.5589223588,5790464.1991268005,1930,1166,True
3457,584159.2010003072,5790462.847023301,1929,1168,True
3458,584158.8430782555,5790461.494919801,1929,1170,True
3459,584158.485156204,5790460.142816301,1928,1172,True
3460,584158.1272341523,5790458.790712802,1928,1174,True
3461,584157.7693121007,5790457.438609302,1928,1175,True
3462,584157.411390049,5790456.086505802,1927,1177,True
3463,584157.0534679975,5790454.734402303,1927,1179,True
3464,584156.6955459458,5790453.382298803,1926,1181,True
3465,584156.3376238942,5790452.030195303,1926,1183,True
3466,584155.9797018425,5790450.678091804,1925,1185,True
3467,584155.621779791,5790449.325988304,1925,1186,True
3468,584155.2638577393,5790447.973884804,1924,1188,True
3469,584154.9059356877,5790446.6217813045,1924,1190,True
3470,584154.548013636,5790445.269677805,1923,1192,True
3471,584154.1900915845,5790443.917574305,1923,1194,True
3472,584153.8321695328,5790442.565470805,1922,1196,True
3473,584153.4742474812,5790441.213367306,1922,1197,True
3474,584153.1163254295,5790439.861263806,1921,1199,True
3475,584152.758403378,5790438.509160306,1921,1201,True
3476,584152.4004813263,5790437.157056807,1920,1203,True
3477,584152.0425592747,5790435.804953307,1920,1205,True
3478,584151.684637223,5790434.452849807,1919,1207,True
3479,584151.3267151715,5790433.1007463075,1919,1208,False
3480,584150.9589876977,5790431.74634562,1918,1210,True
3481,584150.5912602241,5790430.391944933,1918,1212,True
3482,584150.2235327504,5790429.037544245,1917,1214,True
3483,584149.8558052767,5790427.683143557,1917,1216,True
3484,584149.4880778029,5790426.328742869,1916,1218,True
3485,584149.1203503293,5790424.974342182,1916,1219,True
3486,584148.7526228556,5790423.619941494,1915,1221,True
3487,584148.3848953819,5790422.265540807,1915,1223,True
3488,584148.0171679083,5790420.911140119,1914,1225,True
3489,584147.6494404345,5790419.556739432,1914,1227,True
3490,584147.2817129608,5790418.202338744,1913,1229,True
3491,584146.9139854871,5790416.847938056,1913,1230,True
3492,584146.5462580135,5790415.493537368,1912,1232,True
3493,584146.1785305397,5790414.139136681,1912,1234,True
3494,584145.810803066,5790412.7847359935,1911,1236,True
3495,584145.4430755924,5790411.430335306,1911,1238,True
3496,584145.0753481187,5790410.075934619,1910,1240,True
3497,584144.707620645,5790408.721533931,1910,1241,True
3498,584144.3398931712,5790407.367133243,1909,1243,True
3499,584143.9721656976,5790406.012732555,1909,1245,True
3500,584143.6044382239,5790404.658331868,1908,1247,True
3501,584143.2367107501,5790403.30393118,1908,1249,True
3502,584142.8689832764,5790401.949530493,1907,1251,True
3503,584142.5012558028,5790400.595129805,1907,1252,True
3504,584142.1335283291,5790399.240729118,1906,1254,True
3505,584141.7658008554,5790397.88632843,1906,1256,True
3506,584141.3980733817,5790396.531927742,1905,1258,True
3507,584141.030345908,5790395.177527054,1905,1260,True
3508,584140.6626184343,5790393.823126367,1904,1262,True
3509,584140.2948909606,5790392.468725679,1904,1263,True
3510,584139.927163487,5790391.114324992,1903,1265,True
3511,584139.5594360132,5790389.759924305,1903,1267,True
3512,584139.1917085395,5790388.405523617,1902,1269,True
3513,584138.8239810659,5790387.051122929,1902,1271,True
3514,584138.4562535922,5790385.696722241,1901,1273,True
3515,584138.0885261184,5790384.342321554,1901,1274,True
3516,584137.7207986447,5790382.987920866,1900,1276,True
3517,584137.3530711711,5790381.6335201785,1900,1278,True
3518,584136.9853436974,5790380.279119491,1899,1280,True
3519,584136.6176162236,5790378.924718804,1899,1282,True
3520,584136.24988875,5790377.570318116,1898,1284,True
3521,584135.8821612763,5790376.215917428,1898,1285,True
3522,584135.5144338026,5790374.861516741,1897,1287,True
3523,584135.1467063288,5790373.507116053,1897,1289,True
3524,584134.7789788552,5790372.152715365,1896,1291,True
3525,584134.4112513815,5790370.798314678,1896,1293,True
3526,584134.0435239078,5790369.443913991,1895,1295,True
3527,584133.6757964342,5790368.089513303,1895,1296,True
3528,584133.3080689604,5790366.735112615,1894,1298,True
3529,584132.9403414867,5790365.380711927,1894,1300,True
3530,584132.572614013,5790364.02631124,1893,1302,True
3531,584132.2048865394,5790362.671910552,1893,1304,True
3532,584131.8371590656,5790361.317509864,1892,1306,True
3533,584131.4694315919,5790359.963109177,1892,1308,True
3534,584131.1017041182,5790358.60870849,1891,1309,True
3535,584130.7339766446,5790357.254307802,1891,1311,True
3536,584130.3662491709,5790355.899907114,1890,1313,True
3537,584129.9985216971,5790354.545506427,1890,1315,True
3538,584129.6307942235,5790353.191105739,1889,1317,True
3539,584129.2630667498,5790351.836705051,1889,1319,True
3540,584128.8953392761,5790350.4823043635,1888,1320,True
3541,584128.5276118023,5790349.127903677,1888,1322,True
3542,584128.1598843287,5790347.773502989,1887,1324,True
3543,584127.792156855,5790346.419102301,1887,1326,True
3544,584127.4244293813,5790345.064701613,1886,1328,True
3545,584127.0567019077,5790343.710300926,1886,1330,True
3546,584126.6889744339,5790342.355900238,1885,1331,True
3547,584126.3212469602,5790341.00149955,1885,1333,True
3548,584125.9535194865,5790339.647098863,1884,1335,True
3549,584125.5857920129,5790338.292698176,1884,1337,True
3550,584125.2180645391,5790336.938297488,1883,1339,False
3551,584124.8269733653,5790335.56992176,1883,1341,True
3552,584124.4358821914,5790334.201546032,1882,1342,True
3553,584124.0447910177,5790332.833170303,1882,1344,True
3554,584123.6536998438,5790331.464794575,1881,1346,True
3555,584123.2626086699,5790330.096418847,1881,1348,True
3556,584122.8715174961,5790328.728043119,1880,1350,True
3557,584122.4804263222,5790327.359667391,1880,1352,True
3558,584122.0893351485,5790325.991291663,1879,1354,True
3559,584121.6982439746,5790324.622915935,1879,1355,True
3560,584121.3071528007,5790323.254540207,1878,1357,True
3561,584120.9160616269,5790321.886164479,1878,1359,True
3562,584120.5249704531,5790320.51778875,1877,1361,True
3563,584120.1338792793,5790319.149413022,1877,1363,True
3564,584119.7427881054,5790317.781037294,1876,1365,True
3565,584119.3516969315,5790316.412661566,1875,1367,True
3566,584118.9606057577,5790315.044285838,1875,1368,True
3567,584118.5695145839,5790313.67591011,1874,1370,True
3568,584118.17842341,5790312.307534382,1874,1372,True
3569,584117.7873322362,5790310.939158654,1873,1374,True
3570,584117.3962410623,5790309.570782925,1873,1376,True
3571,584117.0051498885,5790308.202407197,1872,1378,True
3572,584116.6140587147,5790306.834031469,1872,1379,True
3573,584116.2229675408,5790305.465655741,1871,1381,True
3574,584115.831876367,5790304.097280013,1871,1383,True
3575,584115.4407851931,5790302.728904285,1870,1385,True
3576,584115.0496940193,5790301.360528557,1870,1387,True
3577,584114.6586028455,5790299.992152829,1869,1389,True
3578,584114.2675116716,5790298.623777101,1869,1391,True
3579,584113.8764204978,5790297.255401372,1868,1392,True
3580,584113.4853293239,5790295.887025644,1868,1394,True
3581,584113.0942381502,5790294.518649916,1867,1396,True
3582,584112.7031469763,5790293.150274188,1866,1398,True
3583,584112.3120558024,5790291.78189846,1866,1400,True
3584,584111.9209646286,5790290.4135227315,1865,1402,True
3585,584111.5298734547,5790289.045147004,1865,1404,True
3586,584111.138782281,5790287.676771276,1864,1405,True
3587,584110.7476911071,5790286.308395548,1864,1407,True
3588,584110.3565999332,5790284.940019819,1863,1409,True
3589,584109.9655087594,5790283.571644091,1863,1411,True
3590,584109.5744175855,5790282.203268363,1862,1413,True
3591,584109.1833264118,5790280.834892635,1862,1415,True
3592,584108.7922352379,5790279.466516907,1861,1417,True
3593,584108.401144064,5790278.0981411785,1861,1418,True
3594,584108.0100528902,5790276.729765451,1860,1420,True
3595,584107.6189617164,5790275.361389723,1860,1422,True
3596,584107.2278705426,5790273.993013995,1859,1424,True
3597,584106.8367793687,5790272.624638266,1859,1426,True
3598,584106.4456881948,5790271.256262538,1858,1428,True
3599,584106.054597021,5790269.88788681,1857,1430,True
3600,584105.6635058472,5790268.519511082,1857,1431,True
3601,584105.2724146734,5790267.151135354,1856,1433,True
3602,584104.8813234995,5790265.782759625,1856,1435,True
3603,584104.4902323256,5790264.414383898,1855,1437,True
3604,584104.0991411518,5790263.04600817,1855,1439,True
3605,584103.708049978,5790261.677632442,1854,1441,True
3606,584103.3169588041,5790260.309256713,1854,1443,True
3607,584102.9258676303,5790258.940880985,1853,1444,True
3608,584102.5347764564,5790257.572505257,1853,1446,True
3609,584102.1436852826,5790256.204129529,1852,1448,True
3610,584101.7525941088,5790254.8357538,1852,1450,True
3611,584101.361502935,5790253.467378072,1851,1452,True
3612,584100.9704117611,5790252.0990023445,1851,1454,True
3613,584100.5793205872,5790250.730626617,1850,1455,True
3614,584100.1882294135,5790249.362250889,1850,1457,True
3615,584099.7971382396,5790247.99387516,1849,1459,True
3616,584099.4060470657,5790246.625499432,1848,1461,True
3617,584099.0149558919,5790245.257123704,1848,1463,True
3618,584098.623864718,5790243.888747976,1847,1465,True
3619,584098.2327735443,5790242.520372247,1847,1467,True
3620,584097.8416823704,5790241.151996519,1846,1468,True
3621,584097.4505911965,5790239.7836207915,1846,1470,False
3622,584097.094720978,5790238.432256124,1845,1472,True
3623,584096.7388507597,5790237.080891456,1845,1474,True
3624,584096.3829805412,5790235.729526788,1844,1476,True
3625,584096.0271103228,5790234.3781621205,1844,1478,True
3626,584095.6712401044,5790233.026797453,1843,1479,True
3627,584095.315369886,5790231.675432785,1843,1481,True
3628,584094.9594996675,5790230.324068118,1842,1483,True
3629,584094.6036294491,5790228.972703449,1842,1485,True
3630,584094.2477592307,5790227.621338782,1841,1487,True
3631,584093.8918890123,5790226.269974114,1841,1489,True
3632,584093.5360187938,5790224.918609447,1841,1490,True
3633,584093.1801485755,5790223.567244778,1840,1492,True
3634,584092.824278357,5790222.215880111,1840,1494,True
3635,584092.4684081386,5790220.864515443,1839,1496,True
3636,584092.1125379201,5790219.513150776,1839,1498,True
3637,584091.7566677018,5790218.161786108,1838,1500,True
3638,584091.4007974833,5790216.81042144,1838,1501,True
3639,584091.0449272649,5790215.459056772,1837,1503,True
3640,584090.6890570464,5790214.107692105,1837,1505,True
3641,584090.3331868281,5790212.756327437,1836,1507,True
3642,584089.9773166096,5790211.40496277,1836,1509,True
3643,584089.6214463912,5790210.053598101,1835,1511,True
3644,584089.2655761727,5790208.702233434,1835,1512,True
3645,584088.9097059544,5790207.350868766,1834,1514,True
3646,584088.5538357359,5790205.999504099,1834,1516,True
3647,584088.1979655175,5790204.648139431,1833,1518,True
3648,584087.842095299,5790203.296774763,1833,1520,True
3649,584087.4862250807,5790201.945410095,1832,1522,True
3650,584087.1303548622,5790200.594045428,1832,1523,True
3651,584086.7744846438,5790199.24268076,1831,1525,True
3652,584086.4186144253,5790197.891316092,1831,1527,True
3653,584086.062744207,5790196.539951424,1830,1529,True
3654,584085.7068739885,5790195.188586757,1830,1531,True
3655,584085.3510037701,5790193.837222089,1829,1533,True
3656,584084.9951335517,5790192.4858574215,1829,1534,True
3657,584084.6392633333,5790191.134492753,1828,1536,True
3658,584084.2833931148,5790189.783128086,1828,1538,True
3659,584083.9275228964,5790188.431763418,1827,1540,True
3660,584083.571652678,5790187.0803987505,1827,1542,True
3661,584083.2157824596,5790185.729034083,1827,1544,True
3662,584082.8599122411,5790184.3776694145,1826,1545,True
3663,584082.5040420227,5790183.026304747,1826,1547,True
3664,584082.1481718043,5790181.674940079,1825,1549,True
3665,584081.7923015859,5790180.323575412,1825,1551,True
3666,584081.4364313674,5790178.972210743,1824,1553,True
3667,584081.080561149,5790177.620846076,1824,1555,True
3668,584080.7246909306,5790176.269481408,1823,1556,True
3669,584080.3688207122,5790174.918116741,1823,1558,True
3670,584080.0129504937,5790173.566752073,1822,1560,True
3671,584079.6570802754,5790172.215387405,1822,1562,True
3672,584079.3012100569,5790170.864022737,1821,1564,True
3673,584078.9453398385,5790169.51265807,1821,1566,True
3674,584078.58946962,5790168.161293402,1820,1567,True
3675,584078.2335994017,5790166.809928735,1820,1569,True
3676,584077.8777291832,5790165.458564066,1819,1571,True
3677,584077.5218589648,5790164.107199399,1819,1573,True
3678,584077.1659887463,5790162.755834731,1818,1575,True
3679,584076.810118528,5790161.404470064,1818,1577,True
3680,584076.4542483095,5790160.053105396,1817,1578,True
3681,584076.0983780911,5790158.701740728,1817,1580,True
3682,584075.7425078726,5790157.35037606,1816,1582,True
3683,584075.3866376543,5790155.999011393,1816,1584,True
3684,584075.0307674358,5790154.647646725,1815,1586,True
3685,584074.6748972174,5790153.296282057,1815,1587,True
3686,584074.319026999,5790151.944917389,1814,1589,True
3687,584073.9631567806,5790150.593552722,1814,1591,True
3688,584073.6072865621,5790149.242188054,1814,1593,True
3689,584073.2514163437,5790147.890823387,1813,1595,True
3690,584072.8955461252,5790146.539458718,1813,1597,True
3691,584072.5396759069,5790145.188094051,1812,1598,True
3692,584072.1838056884,5790143.836729383,1812,1600,False
3693,584071.803844578,5790142.477993465,1811,1602,True
3694,584071.4238834676,5790141.119257547,1811,1604,True
3695,584071.0439223571,5790139.760521629,1810,1606,True
3696,584070.6639612467,5790138.401785711,1810,1608,True
3697,584070.2840001363,5790137.043049793,1809,1610,True
3698,584069.9040390259,5790135.684313875,1808,1611,True
3699,584069.5240779155,5790134.325577957,1808,1613,True
3700,584069.144116805,5790132.966842038,1807,1615,True
3701,584068.7641556946,5790131.60810612,1807,1617,True
3702,584068.3841945842,5790130.2493702015,1806,1619,True
3703,584068.0042334738,5790128.890634283,1806,1621,True
3704,584067.6242723634,5790127.531898365,1805,1622,True
3705,584067.244311253,5790126.173162447,1805,1624,True
3706,584066.8643501425,5790124.814426529,1804,1626,True
3707,584066.4843890321,5790123.455690611,1804,1628,True
3708,584066.1044279217,5790122.096954693,1803,1630,True
3709,584065.7244668113,5790120.738218775,1803,1632,True
3710,584065.3445057009,5790119.379482857,1802,1633,True
3711,584064.9645445904,5790118.020746939,1802,1635,True
3712,584064.58458348,5790116.662011021,1801,1637,True
3713,584064.2046223696,5790115.303275103,1801,1639,True
3714,584063.8246612592,5790113.944539184,1800,1641,True
3715,584063.4447001488,5790112.585803266,1800,1643,True
3716,584063.0647390384,5790111.227067348,1799,1644,True
3717,584062.6847779279,5790109.86833143,1799,1646,True
3718,584062.3048168175,5790108.5095955115,1798,1648,True
3719,584061.9248557071,5790107.150859593,1798,1650,True
3720,584061.5448945967,5790105.792123675,1797,1652,True
3721,584061.1649334863,5790104.433387757,1797,1654,True
3722,584060.7849723758,5790103.074651839,1796,1656,True
3723,584060.4050112654,5790101.715915921,1796,1657,True
3724,584060.025050155,5790100.357180003,1795,1659,True
3725,584059.6450890446,5790098.998444085,1795,1661,True
3726,584059.2651279342,5790097.639708167,1794,1663,True
3727,584058.8851668237,5790096.280972249,1794,1665,True
3728,584058.5052057132,5790094.92223633,1793,1667,True
3729,584058.1252446028,5790093.563500412,1793,1668,True
3730,584057.7452834924,5790092.204764494,1792,1670,True
3731,584057.365322382,5790090.846028576,1791,1672,True
3732,584056.9853612715,5790089.487292658,1791,1674,True
3733,584056.6054001611,5790088.12855674,1790,1676,True
3734,584056.2254390507,5790086.7698208215,1790,1678,True
3735,584055.8454779403,5790085.411084903,1789,1679,True
3736,584055.4655168299,5790084.052348985,1789,1681,True
3737,584055.0855557194,5790082.693613067,1788,1683,True
3738,584054.705594609,5790081.334877149,1788,1685,True
3739,584054.3256334986,5790079.976141231,1787,1687,True
3740,584053.9456723882,5790078.617405313,1787,1689,True
3741,584053.5657112778,5790077.258669395,1786,1690,True
3742,584053.1857501674,5790075.899933476,1786,1692,True
3743,584052.8057890569,5790074.541197558,1785,1694,True
3744,584052.4258279465,5790073.18246164,1785,1696,True
3745,584052.0458668361,5790071.823725722,1784,1698,True
3746,584051.6659057257,5790070.464989804,1784,1700,True
3747,584051.2859446153,5790069.106253886,1783,1702,True
3748,584050.9059835048,5790067.747517968,1783,1703,True
3749,584050.5260223944,5790066.3887820495,1782,1705,True
3750,584050.146061284,5790065.030046131,1782,1707,True
3751,584049.7661001736,5790063.671310213,1781,1709,True
3752,584049.3861390632,5790062.312574295,1781,1711,True
3753,584049.0061779527,5790060.953838377,1780,1713,True
3754,584048.6262168423,5790059.595102459,1780,1714,True
3755,584048.2462557319,5790058.236366541,1779,1716,True
3756,584047.8662946215,5790056.877630622,1779,1718,True
3757,584047.4863335111,5790055.518894704,1778,1720,True
3758,584047.1063724007,5790054.160158786,1778,1722,True
3759,584046.7264112902,5790052.801422868,1777,1724,True
3760,584046.3464501798,5790051.44268695,1777,1725,True
3761,584045.9664890694,5790050.083951032,1776,1727,True
3762,584045.586527959,5790048.725215114,1776,1729,True
3763,584045.2065668486,5790047.366479196,1775,1731,False
3764,584044.8534762537,5790046.002239368,1775,1733,True
3765,584044.5003856589,5790044.63799954,1774,1735,True
3766,584044.1472950641,5790043.273759712,1774,1737,True
3767,584043.7942044693,5790041.909519885,1773,1738,True
3768,584043.4411138744,5790040.545280057,1773,1740,True
3769,584043.0880232797,5790039.181040229,1772,1742,True
3770,584042.7349326848,5790037.816800402,1772,1744,True
3771,584042.38184209,5790036.452560573,1771,1746,True
3772,584042.0287514952,5790035.088320745,1771,1748,True
3773,584041.6756609004,5790033.724080917,1770,1749,True
3774,584041.3225703056,5790032.35984109,1770,1751,True
3775,584040.9694797108,5790030.995601262,1769,1753,True
3776,584040.6163891159,5790029.631361434,1769,1755,True
3777,584040.2632985212,5790028.2671216065,1768,1757,True
3778,584039.9102079263,5790026.902881779,1768,1759,True
3779,584039.5571173315,5790025.538641951,1767,1761,True
3780,584039.2040267367,5790024.174402123,1767,1762,True
3781,584038.8509361419,5790022.810162296,1766,1764,True
3782,584038.497845547,5790021.445922468,1766,1766,True
3783,584038.1447549523,5790020.08168264,1765,1768,True
3784,584037.7916643574,5790018.717442812,1765,1770,True
3785,584037.4385737627,5790017.353202984,1765,1772,True
3786,584037.0854831678,5790015.988963156,1764,1773,True
3787,584036.7323925729,5790014.624723328,1764,1775,True
3788,584036.3793019782,5790013.260483501,1763,1777,True
3789,584036.0262113833,5790011.896243673,1763,1779,True
3790,584035.6731207885,5790010.532003845,1762,1781,True
3791,584035.3200301937,5790009.167764017,1762,1783,True
3792,584034.9669395989,5790007.80352419,1761,1785,True
3793,584034.613849004,5790006.439284362,1761,1786,True
3794,584034.2607584093,5790005.075044534,1760,1788,True
3795,584033.9076678144,5790003.710804706,1760,1790,True
3796,584033.5545772196,5790002.346564879,1759,1792,True
3797,584033.2014866248,5790000.982325051,1759,1794,True
3798,584032.84839603,5789999.618085223,1758,1796,True
3799,584032.4953054351,5789998.253845395,1758,1798,True
3800,584032.1422148404,5789996.889605567,1757,1799,True
3801,584031.7891242455,5789995.525365739,1757,1801,True
3802,584031.4360336508,5789994.161125911,1756,1803,True
3803,584031.0829430559,5789992.796886084,1756,1805,True
3804,584030.7298524611,5789991.432646256,1755,1807,True
3805,584030.3767618663,5789990.068406428,1755,1809,True
3806,584030.0236712715,5789988.7041666005,1754,1810,True
3807,584029.6705806766,5789987.339926773,1754,1812,True
3808,584029.3174900819,5789985.975686945,1754,1814,True
3809,584028.964399487,5789984.611447117,1753,1816,True
3810,584028.6113088923,5789983.24720729,1753,1818,True
3811,584028.2582182974,5789981.882967462,1752,1820,True
3812,584027.9051277025,5789980.518727634,1752,1822,True
3813,584027.5520371078,5789979.154487805,1751,1823,True
3814,584027.1989465129,5789977.790247978,1751,1825,True
3815,584026.8458559181,5789976.42600815,1750,1827,True
3816,584026.4927653233,5789975.061768322,1750,1829,True
3817,584026.1396747285,5789973.6975284945,1749,1831,True
3818,584025.7865841336,5789972.333288667,1749,1833,True
3819,584025.4334935389,5789970.969048839,1748,1834,True
3820,584025.080402944,5789969.604809011,1748,1836,True
3821,584024.7273123492,5789968.240569184,1747,1838,True
3822,584024.3742217544,5789966.876329356,1747,1840,True
3823,584024.0211311596,5789965.512089528,1746,1842,True
3824,584023.6680405647,5789964.1478497,1746,1844,True
3825,584023.31494997,5789962.783609873,1745,1846,True
3826,584022.9618593751,5789961.419370045,1745,1847,True
3827,584022.6087687804,5789960.055130216,1744,1849,True
3828,584022.2556781855,5789958.690890389,1744,1851,True
3829,584021.9025875907,5789957.326650561,1743,1853,True
3830,584021.5494969959,5789955.962410733,1743,1855,True
3831,584021.1964064011,5789954.598170905,1743,1857,True
3832,584020.8433158062,5789953.233931078,1742,1859,True
3833,584020.4902252115,5789951.86969125,1742,1860,True
3834,584020.1371346166,5789950.505451422,1741,1862,False
3835,584019.7807262414,5789949.137501411,1741,1864,True
3836,584019.4243178663,5789947.769551399,1740,1866,True
3837,584019.0679094911,5789946.401601388,1740,1868,True
3838,584018.711501116,5789945.033651376,1739,1870,True
3839,584018.3550927409,5789943.665701365,1739,1871,True
3840,584017.9986843658,5789942.297751353,1738,1873,True
3841,584017.6422759906,5789940.929801342,1738,1875,True
3842,584017.2858676155,5789939.56185133,1737,1877,True
3843,584016.9294592403,5789938.193901319,1737,1879,True
3844,584016.5730508652,5789936.825951307,1736,1881,True
3845,584016.21664249,5789935.458001296,1736,1883,True
3846,584015.8602341149,5789934.090051284,1735,1884,True
3847,584015.5038257397,5789932.722101273,1735,1886,True
3848,584015.1474173646,5789931.354151261,1734,1888,True
3849,584014.7910089894,5789929.98620125,1734,1890,True
3850,584014.4346006144,5789928.618251238,1733,1892,True
3851,584014.0781922392,5789927.250301227,1733,1894,True
3852,584013.7217838641,5789925.882351215,1732,1896,True
3853,584013.3653754889,5789924.514401204,1732,1897,True
3854,584013.0089671138,5789923.146451192,1731,1899,True
3855,584012.6525587386,5789921.778501181,1731,1901,True
3856,584012.2961503635,5789920.410551169,1730,1903,True
3857,584011.9397419883,5789919.042601158,1730,1905,True
3858,584011.5833336132,5789917.674651147,1729,1907,True
3859,584011.226925238,5789916.306701135,1729,1909,True
3860,584010.870516863,5789914.938751124,1729,1910,True
3861,584010.5141084878,5789913.570801112,1728,1912,True
3862,584010.1577001127,5789912.202851101,1728,1914,True
3863,584009.8012917375,5789910.834901089,1727,1916,True
3864,584009.4448833624,5789909.466951078,1727,1918,True
3865,584009.0884749872,5789908.099001066,1726,1920,True
3866,584008.7320666121,5789906.731051055,1726,1922,True
3867,584008.3756582369,5789905.363101043,1725,1923,True
3868,584008.0192498618,5789903.995151032,1725,1925,True
3869,584007.6628414866,5789902.62720102,1724,1927,True
3870,584007.3064331115,5789901.259251009,1724,1929,True
3871,584006.9500247363,5789899.891300997,1723,1931,True
3872,584006.5936163613,5789898.523350986,1723,1933,True
3873,584006.2372079861,5789897.155400974,1722,1934,True
3874,584005.880799611,5789895.787450963,1722,1936,True
3875,584005.5243912358,5789894.419500951,1721,1938,True
3876,584005.1679828607,5789893.05155094,1721,1940,True
3877,584004.8115744855,5789891.683600928,1720,1942,True
3878,584004.4551661104,5789890.315650917,1720,1944,True
3879,584004.0987577352,5789888.947700905,1719,1946,True
3880,584003.7423493601,5789887.579750894,1719,1947,True
3881,584003.3859409849,5789886.211800882,1718,1949,True
3882,584003.0295326099,5789884.843850871,1718,1951,True
3883,584002.6731242347,5789883.47590086,1717,1953,True
3884,584002.3167158596,5789882.107950848,1717,1955,True
3885,584001.9603074844,5789880.740000837,1716,1957,True
3886,584001.6038991093,5789879.372050825,1716,1959,True
3887,584001.2474907341,5789878.0041008135,1715,1960,True
3888,584000.891082359,5789876.636150802,1715,1962,True
3889,584000.5346739838,5789875.2682007905,1715,1964,True
3890,584000.1782656087,5789873.9002507785,1714,1966,True
3891,583999.8218572335,5789872.5323007675,1714,1968,True
3892,583999.4654488584,5789871.1643507555,1713,1970,True
3893,583999.1090404833,5789869.7964007445,1713,1972,True
3894,583998.7526321082,5789868.4284507325,1712,1973,True
3895,583998.396223733,5789867.060500721,1712,1975,True
3896,583998.0398153579,5789865.6925507095,1711,1977,True
3897,583997.6834069827,5789864.324600698,1711,1979,True
3898,583997.3269986076,5789862.956650686,1710,1981,True
3899,583996.9705902324,5789861.588700675,1710,1983,True
3900,583996.6141818573,5789860.220750663,1709,1985,True
3901,583996.2577734821,5789858.852800652,1709,1986,True
3902,583995.901365107,5789857.48485064,1708,1988,True
3903,583995.5449567318,5789856.116900629,1708,1990,True
3904,583995.1885483568,5789854.748950617,1707,1992,True
3905,583994.8321399816,5789853.381000606,1707,1994,False
3906,583994.4547676569,5789852.032240402,1706,1996,True
3907,583994.077395332,5789850.6834801985,1706,1997,True
3908,583993.7000230073,5789849.334719994,1705,1999,True
3909,583993.3226506825,5789847.985959791,1705,2001,True
3910,583992.9452783578,5789846.637199586,1704,2003,True
3911,583992.567906033,5789845.288439382,1704,2005,True
3912,583992.1905337083,5789843.939679178,1703,2007,True
3913,583991.8131613835,5789842.590918974,1703,2008,True
3914,583991.4357890588,5789841.24215877,1702,2010,True
3915,583991.058416734,5789839.893398566,1702,2012,True
3916,583990.6810444093,5789838.544638362,1701,2014,True
3917,583990.3036720845,5789837.195878158,1701,2016,True
3918,583989.9262997598,5789835.847117954,1700,2018,True
3919,583989.548927435,5789834.49835775,1700,2019,True
3920,583989.1715551103,5789833.149597546,1699,2021,True
3921,583988.7941827856,5789831.800837342,1699,2023,True
3922,583988.4168104607,5789830.452077137,1698,2025,True
3923,583988.039438136,5789829.103316934,1698,2027,True
3924,583987.6620658112,5789827.754556729,1697,2029,True
3925,583987.2846934865,5789826.405796526,1697,2030,True
3926,583986.9073211617,5789825.057036322,1696,2032,True
3927,583986.529948837,5789823.708276117,1696,2034,True
3928,583986.1525765122,5789822.359515914,1695,2036,True
3929,583985.7752041875,5789821.010755709,1695,2038,True
3930,583985.3978318627,5789819.661995506,1694,2039,True
3931,583985.020459538,5789818.3132353015,1693,2041,True
3932,583984.6430872132,5789816.964475097,1693,2043,True
3933,583984.2657148885,5789815.615714894,1692,2045,True
3934,583983.8883425638,5789814.266954689,1692,2047,True
3935,583983.510970239,5789812.918194485,1691,2049,True
3936,583983.1335979142,5789811.569434281,1691,2050,True
3937,583982.7562255894,5789810.220674077,1690,2052,True
3938,583982.3788532647,5789808.871913874,1690,2054,True
3939,583982.0014809399,5789807.523153669,1689,2056,True
3940,583981.6241086152,5789806.174393465,1689,2058,True
3941,583981.2467362904,5789804.825633261,1688,2060,True
3942,583980.8693639657,5789803.476873057,1688,2061,True
3943,583980.4919916409,5789802.128112853,1687,2063,True
3944,583980.1146193162,5789800.779352649,1687,2065,True
3945,583979.7372469914,5789799.430592445,1686,2067,True
3946,583979.3598746667,5789798.081832241,1686,2069,True
3947,583978.9825023419,5789796.733072037,1685,2071,True
3948,583978.6051300172,5789795.3843118325,1685,2072,True
3949,583978.2277576925,5789794.035551629,1684,2074,True
3950,583977.8503853676,5789792.686791425,1684,2076,True
3951,583977.4730130429,5789791.33803122,1683,2078,True
3952,583977.0956407181,5789789.989271017,1683,2080,True
3953,583976.7182683934,5789788.640510812,1682,2081,True
3954,583976.3408960686,5789787.291750609,1682,2083,True
3955,583975.9635237439,5789785.942990405,1681,2085,True
3956,583975.5861514191,5789784.5942302,1681,2087,True
3957,583975.2087790944,5789783.245469997,1680,2089,True
3958,583974.8314067696,5789781.896709792,1680,2091,True
3959,583974.4540344449,5789780.547949589,1679,2092,True
3960,583974.0766621201,5789779.1991893845,1679,2094,True
3961,583973.6992897954,5789777.85042918,1678,2096,True
3962,583973.3219174707,5789776.501668977,1678,2098,True
3963,583972.9445451458,5789775.152908772,1677,2100,True
3964,583972.5671728211,5789773.804148568,1677,2102,True
3965,583972.1898004963,5789772.455388364,1676,2103,True
3966,583971.8124281716,5789771.10662816,1676,2105,True
3967,583971.4350558468,5789769.7578679565,1675,2107,True
3968,583971.0576835221,5789768.409107752,1675,2109,True
3969,583970.6803111973,5789767.060347548,1674,2111,True
3970,583970.3029388726,5789765.711587344,1674,2113,True
3971,583969.9255665478,5789764.36282714,1673,2114,True
3972,583969.5481942231,5789763.0140669355,1673,2116,True
3973,583969.1708218983,5789761.665306732,1672,2118,True
3974,583968.7934495736,5789760.316546528,1672,2120,True
3975,583968.4160772488,5789758.967786324,1671,2122,True
3976,583968.038704924,5789757.61902612,1670,2124,False
3977,583967.6758651311,5789756.2583278455,1670,2125,True
3978,583967.313025338,5789754.897629571,1670,2127,True
3979,583966.950185545,5789753.536931297,1669,2129,True
3980,583966.587345752,5789752.1762330225,1669,2131,True
3981,583966.224505959,5789750.815534749,1668,2133,True
3982,583965.861666166,5789749.454836475,1668,2135,True
3983,583965.498826373,5789748.0941382,1667,2136,True
3984,583965.1359865799,5789746.733439926,1667,2138,True
3985,583964.773146787,5789745.372741652,1666,2140,True
3986,583964.4103069939,5789744.012043377,1666,2142,True
3987,583964.0474672009,5789742.651345103,1665,2144,True
3988,583963.6846274079,5789741.290646829,1665,2146,True
3989,583963.3217876148,5789739.929948554,1664,2147,True
3990,583962.9589478219,5789738.569250281,1664,2149,True
3991,583962.5961080289,5789737.208552007,1663,2151,True
3992,583962.2332682358,5789735.847853732,1663,2153,True
3993,583961.8704284428,5789734.487155458,1662,2155,True
3994,583961.5075886499,5789733.126457184,1662,2157,True
3995,583961.1447488568,5789731.765758909,1661,2159,True
3996,583960.7819090638,5789730.405060635,1661,2160,True
3997,583960.4190692708,5789729.044362361,1660,2162,True
3998,583960.0562294777,5789727.683664086,1660,2164,True
3999,583959.6933896848,5789726.322965813,1659,2166,True
4000,583959.3305498918,5789724.9622675385,1659,2168,True
4001,583958.9677100987,5789723.601569264,1658,2170,True
4002,583958.6048703057,5789722.24087099,1658,2171,True
4003,583958.2420305127,5789720.8801727155,1657,2173,True
4004,583957.8791907197,5789719.519474441,1657,2175,True
4005,583957.5163509267,5789718.158776167,1656,2177,True
4006,583957.1535111336,5789716.7980778925,1656,2179,True
4007,583956.7906713407,5789715.437379618,1655,2181,True
4008,583956.4278315477,5789714.076681345,1655,2183,True
4009,583956.0649917546,5789712.71598307,1654,2184,True
4010,583955.7021519616,5789711.355284796,1654,2186,True
4011,583955.3393121687,5789709.994586522,1653,2188,True
4012,583954.9764723756,5789708.633888247,1653,2190,True
4013,583954.6136325826,5789707.273189973,1652,2192,True
4014,583954.2507927896,5789705.912491699,1652,2194,True
4015,583953.8879529965,5789704.551793424,1651,2195,True
4016,583953.5251132036,5789703.191095151,1651,2197,True
4017,583953.1622734106,5789701.830396877,1650,2199,True
4018,583952.7994336175,5789700.469698602,1650,2201,True
4019,583952.4365938245,5789699.109000328,1649,2203,True
4020,583952.0737540316,5789697.748302054,1649,2205,True
4021,583951.7109142385,5789696.387603779,1648,2206,True
4022,583951.3480744455,5789695.026905505,1648,2208,True
4023,583950.9852346524,5789693.666207231,1647,2210,True
4024,583950.6223948594,5789692.305508956,1647,2212,True
4025,583950.2595550665,5789690.944810683,1646,2214,True
4026,583949.8967152734,5789689.584112409,1646,2216,True
4027,583949.5338754804,5789688.223414134,1645,2218,True
4028,583949.1710356874,5789686.86271586,1645,2219,True
4029,583948.8081958944,5789685.502017586,1644,2221,True
4030,583948.4453561014,5789684.141319311,1644,2223,True
4031,583948.0825163084,5789682.780621037,1643,2225,True
4032,583947.7196765153,5789681.419922763,1643,2227,True
4033,583947.3568367223,5789680.059224488,1642,2229,True
4034,583946.9939969294,5789678.698526215,1642,2230,True
4035,583946.6311571363,5789677.3378279405,1641,2232,True
4036,583946.2683173433,5789675.977129666,1641,2234,True
4037,583945.9054775503,5789674.616431392,1641,2236,True
4038,583945.5426377573,5789673.255733117,1640,2238,True
4039,583945.1797979643,5789671.895034843,1640,2240,True
4040,583944.8169581712,5789670.534336569,1639,2241,True
4041,583944.4541183782,5789669.173638294,1639,2243,True
4042,583944.0912785853,5789667.81294002,1638,2245,True
4043,583943.7284387922,5789666.452241747,1638,2247,True
4044,583943.3655989992,5789665.091543472,1637,2249,True
4045,583943.0027592062,5789663.730845198,1637,2251,True
4046,583942.6399194131,5789662.370146924,1636,2253,True
4047,583942.2770796202,5789661.009448649,1636,2254,False
4048,583941.902275892,5789659.655470557,1635,2256,True
4049,583941.5274721637,5789658.301492464,1635,2258,True
4050,583941.1526684355,5789656.947514371,1634,2260,True
4051,583940.7778647073,5789655.593536278,1634,2262,True
4052,583940.403060979,5789654.239558185,1633,2264,True
4053,583940.0282572508,5789652.885580093,1633,2265,True
4054,583939.6534535226,5789651.531602,1632,2267,True
4055,583939.2786497944,5789650.177623907,1632,2269,True
4056,583938.9038460661,5789648.823645814,1631,2271,True
4057,583938.5290423379,5789647.469667722,1631,2273,True
4058,583938.1542386097,5789646.115689629,1630,2275,True
4059,583937.7794348814,5789644.761711536,1629,2276,True
4060,583937.4046311532,5789643.407733443,1629,2278,True
4061,583937.029827425,5789642.05375535,1628,2280,True
4062,583936.6550236967,5789640.699777258,1628,2282,True
4063,583936.2802199685,5789639.345799165,1627,2284,True
4064,583935.9054162403,5789637.991821072,1627,2286,True
4065,583935.530612512,5789636.637842979,1626,2287,True
4066,583935.1558087838,5789635.2838648865,1626,2289,True
4067,583934.7810050556,5789633.929886794,1625,2291,True
4068,583934.4062013273,5789632.575908701,1625,2293,True
4069,583934.0313975991,5789631.221930608,1624,2295,True
4070,583933.656593871,5789629.867952515,1624,2297,True
4071,583933.2817901428,5789628.513974423,1623,2298,True
4072,583932.9069864145,5789627.15999633,1623,2300,True
4073,583932.5321826863,5789625.806018237,1622,2302,True
4074,583932.1573789581,5789624.452040144,1622,2304,True
4075,583931.7825752298,5789623.098062051,1621,2306,True
4076,583931.4077715016,5789621.744083959,1621,2308,True
4077,583931.0329677734,5789620.390105866,1620,2309,True
4078,583930.6581640451,5789619.036127773,1620,2311,True
4079,583930.2833603169,5789617.68214968,1619,2313,True
4080,583929.9085565887,5789616.328171588,1619,2315,True
4081,583929.5337528604,5789614.974193495,1618,2317,True
4082,583929.1589491322,5789613.620215402,1618,2319,True
4083,583928.784145404,5789612.266237308,1617,2320,True
4084,583928.4093416758,5789610.9122592155,1617,2322,True
4085,583928.0345379475,5789609.558281123,1616,2324,True
4086,583927.6597342193,5789608.20430303,1616,2326,True
4087,583927.2849304911,5789606.850324937,1615,2328,True
4088,583926.9101267628,5789605.496346844,1615,2330,True
4089,583926.5353230346,5789604.142368752,1614,2331,True
4090,583926.1605193064,5789602.788390659,1614,2333,True
4091,583925.7857155781,5789601.434412566,1613,2335,True
4092,583925.4109118499,5789600.080434473,1613,2337,True
4093,583925.0361081217,5789598.72645638,1612,2339,True
4094,583924.6613043934,5789597.372478288,1612,2341,True
4095,583924.2865006652,5789596.018500195,1611,2342,True
4096,583923.911696937,5789594.664522102,1611,2344,True
4097,583923.5368932089,5789593.310544009,1610,2346,True
4098,583923.1620894806,5789591.956565917,1610,2348,True
4099,583922.7872857524,5789590.602587824,1609,2350,True
4100,583922.4124820242,5789589.248609731,1609,2352,True
4101,583922.0376782959,5789587.894631638,1608,2353,True
4102,583921.6628745677,5789586.540653545,1608,2355,True
4103,583921.2880708395,5789585.186675453,1607,2357,True
4104,583920.9132671112,5789583.83269736,1607,2359,True
4105,583920.538463383,5789582.478719267,1606,2361,True
4106,583920.1636596548,5789581.124741174,1606,2363,True
4107,583919.7888559265,5789579.7707630815,1605,2364,True
4108,583919.4140521983,5789578.416784989,1605,2366,True
4109,583919.0392484701,5789577.062806896,1604,2368,True
4110,583918.6644447418,5789575.708828803,1604,2370,True
4111,583918.2896410136,5789574.35485071,1603,2372,True
4112,583917.9148372854,5789573.000872618,1603,2374,True
4113,583917.5400335572,5789571.646894525,1602,2375,True
4114,583917.1652298289,5789570.292916432,1602,2377,True
4115,583916.7904261007,5789568.938938339,1601,2379,True
4116,583916.4156223725,5789567.584960246,1601,2381,True
4117,583916.0408186442,5789566.230982154,1600,2383,True
4118,583915.666014916,5789564.877004061,1600,2385,False
4119,583915.3054906134,5789563.521312093,1599,2386,True
4120,583914.9449663109,5789562.165620125,1599,2388,True
4121,583914.5844420084,5789560.809928157,1598,2390,True
4122,583914.2239177058,5789559.454236189,1598,2392,True
4123,583913.8633934032,5789558.098544221,1597,2394,True
4124,583913.5028691007,5789556.742852254,1597,2396,True
4125,583913.1423447981,5789555.387160285,1596,2397,True
4126,583912.7818204956,5789554.031468318,1596,2399,True
4127,583912.421296193,5789552.67577635,1595,2401,True
4128,583912.0607718905,5789551.320084382,1595,2403,True
4129,583911.7002475879,5789549.964392414,1594,2405,True
4130,583911.3397232854,5789548.608700446,1594,2407,True
4131,583910.9791989828,5789547.253008478,1593,2409,True
4132,583910.6186746802,5789545.897316511,1593,2410,True
4133,583910.2581503777,5789544.541624542,1592,2412,True
4134,583909.8976260751,5789543.185932575,1592,2414,True
4135,583909.5371017726,5789541.830240607,1591,2416,True
4136,583909.17657747,5789540.474548639,1591,2418,True
4137,583908.8160531675,5789539.118856671,1590,2420,True
4138,583908.4555288649,5789537.763164703,1590,2421,True
4139,583908.0950045623,5789536.407472735,1589,2423,True
4140,583907.7344802598,5789535.051780768,1589,2425,True
4141,583907.3739559572,5789533.696088799,1588,2427,True
4142,583907.0134316547,5789532.340396832,1588,2429,True
4143,583906.6529073521,5789530.984704863,1587,2431,True
4144,583906.2923830495,5789529.629012896,1587,2432,True
4145,583905.931858747,5789528.273320928,1586,2434,True
4146,583905.5713344445,5789526.91762896,1586,2436,True
4147,583905.2108101419,5789525.561936992,1585,2438,True
4148,583904.8502858393,5789524.206245025,1585,2440,True
4149,583904.4897615368,5789522.850553056,1584,2442,True
4150,583904.1292372342,5789521.494861089,1584,2443,True
4151,583903.7687129317,5789520.13916912,1583,2445,True
4152,583903.4081886291,5789518.783477153,1583,2447,True
4153,583903.0476643265,5789517.427785185,1582,2449,True
4154,583902.687140024,5789516.072093217,1582,2451,True
4155,583902.3266157215,5789514.716401249,1581,2453,True
4156,583901.9660914189,5789513.360709282,1581,2454,True
4157,583901.6055671163,5789512.005017313,1580,2456,True
4158,583901.2450428137,5789510.649325346,1580,2458,True
4159,583900.8845185112,5789509.293633377,1580,2460,True
4160,583900.5239942087,5789507.93794141,1579,2462,True
4161,583900.1634699061,5789506.582249442,1579,2464,True
4162,583899.8029456035,5789505.226557474,1578,2465,True
4163,583899.442421301,5789503.870865506,1578,2467,True
4164,583899.0818969985,5789502.515173539,1577,2469,True
4165,583898.7213726959,5789501.15948157,1577,2471,True
4166,583898.3608483933,5789499.803789603,1576,2473,True
4167,583898.0003240907,5789498.448097634,1576,2475,True
4168,583897.6397997882,5789497.092405667,1575,2476,True
4169,583897.2792754857,5789495.736713699,1575,2478,True
4170,583896.9187511831,5789494.381021731,1574,2480,True
4171,583896.5582268805,5789493.025329763,1574,2482,True
4172,583896.1977025779,5789491.669637795,1573,2484,True
4173,583895.8371782755,5789490.313945827,1573,2486,True
4174,583895.4766539729,5789488.95825386,1572,2487,True
4175,583895.1161296703,5789487.602561891,1572,2489,True
4176,583894.7556053677,5789486.246869924,1571,2491,True
4177,583894.3950810651,5789484.891177956,1571,2493,True
4178,583894.0345567627,5789483.535485988,1570,2495,True
4179,583893.6740324601,5789482.17979402,1570,2497,True
4180,583893.3135081575,5789480.824102052,1569,2498,True
4181,583892.9529838549,5789479.468410084,1569,2500,True
4182,583892.5924595525,5789478.1127181165,1568,2502,True
4183,583892.2319352499,5789476.757026148,1568,2504,True
4184,583891.8714109473,5789475.4013341805,1567,2506,True
4185,583891.5108866447,5789474.045642213,1567,2508,True
4186,583891.1503623421,5789472.6899502445,1566,2510,True
4187,583890.7898380397,5789471.334258277,1566,2511,True
4188,583890.4293137371,5789469.9785663085,1565,2513,True
4189,583890.0687894345,5789468.622874341,1565,2515,False
4190,583889.7001522452,5789467.251595449,1564,2517,True
4191,583889.331515056,5789465.880316557,1564,2519,True
4192,583888.9628778668,5789464.509037665,1563,2521,True
4193,583888.5942406775,5789463.137758773,1563,2522,True
4194,583888.2256034883,5789461.766479881,1562,2524,True
4195,583887.856966299,5789460.395200989,1562,2526,True
4196,583887.4883291097,5789459.023922097,1561,2528,True
4197,583887.1196919206,5789457.652643205,1561,2530,True
4198,583886.7510547313,5789456.281364312,1560,2532,True
4199,583886.382417542,5789454.910085421,1560,2534,True
4200,583886.0137803528,5789453.538806529,1559,2535,True
4201,583885.6451431636,5789452.1675276365,1559,2537,True
4202,583885.2765059744,5789450.796248744,1558,2539,True
4203,583884.9078687851,5789449.424969853,1558,2541,True
4204,583884.5392315958,5789448.053690961,1557,2543,True
4205,583884.1705944065,5789446.682412068,1557,2545,True
4206,583883.8019572174,5789445.311133177,1556,2547,True
4207,583883.4333200281,5789443.939854285,1556,2548,True
4208,583883.0646828389,5789442.5685753925,1555,2550,True
4209,583882.6960456496,5789441.1972965,1555,2552,True
4210,583882.3274084603,5789439.826017609,1554,2554,True
4211,583881.9587712712,5789438.454738717,1554,2556,True
4212,583881.5901340819,5789437.083459824,1553,2558,True
4213,583881.2214968926,5789435.712180932,1553,2560,True
4214,583880.8528597034,5789434.340902041,1552,2561,True
4215,583880.4842225141,5789432.969623148,1552,2563,True
4216,583880.1155853249,5789431.598344256,1551,2565,True
4217,583879.7469481357,5789430.227065364,1551,2567,True
4218,583879.3783109464,5789428.855786473,1550,2569,True
4219,583879.0096737571,5789427.48450758,1550,2571,True
4220,583878.641036568,5789426.113228688,1549,2573,True
4221,583878.2723993787,5789424.741949797,1549,2574,True
4222,583877.9037621894,5789423.370670904,1548,2576,True
4223,583877.5351250002,5789421.999392012,1548,2578,True
4224,583877.1664878109,5789420.62811312,1547,2580,True
4225,583876.7978506217,5789419.2568342285,1547,2582,True
4226,583876.4292134325,5789417.885555336,1546,2584,True
4227,583876.0605762432,5789416.514276444,1546,2586,True
4228,583875.6919390539,5789415.142997552,1545,2587,True
4229,583875.3233018647,5789413.77171866,1545,2589,True
4230,583874.9546646755,5789412.400439768,1544,2591,True
4231,583874.5860274862,5789411.029160876,1544,2593,True
4232,583874.217390297,5789409.6578819845,1543,2595,True
4233,583873.8487531077,5789408.286603092,1543,2597,True
4234,583873.4801159186,5789406.9153242,1542,2599,True
4235,583873.1114787293,5789405.544045308,1542,2600,True
4236,583872.74284154,5789404.172766416,1541,2602,True
4237,583872.3742043508,5789402.801487524,1541,2604,True
4238,583872.0055671615,5789401.430208632,1540,2606,True
4239,583871.6369299723,5789400.0589297395,1540,2608,True
4240,583871.2682927831,5789398.687650848,1539,2610,True
4241,583870.8996555938,5789397.316371956,1539,2612,True
4242,583870.5310184045,5789395.945093064,1538,2613,True
4243,583870.1623812153,5789394.573814171,1538,2615,True
4244,583869.7937440261,5789393.20253528,1537,2617,True
4245,583869.4251068368,5789391.831256388,1537,2619,True
4246,583869.0564696476,5789390.4599774955,1536,2621,True
4247,583868.6878324583,5789389.088698604,1536,2623,True
4248,583868.319195269,5789387.717419712,1535,2625,True
4249,583867.9505580799,5789386.34614082,1535,2626,True
4250,583867.5819208906,5789384.974861927,1534,2628,True
4251,583867.2132837013,5789383.603583036,1534,2630,True
4252,583866.8446465121,5789382.232304144,1533,2632,True
4253,583866.4760093229,5789380.861025251,1533,2634,True
4254,583866.1073721336,5789379.489746359,1532,2636,True
4255,583865.7387349444,5789378.118467468,1532,2638,True
4256,583865.3700977551,5789376.747188576,1531,2639,True
4257,583865.0014605658,5789375.375909683,1531,2641,True
4258,583864.6328233767,5789374.004630791,1530,2643,True
4259,583864.2641861874,5789372.6333519,1530,2645,True
4260,583863.8955489981,5789371.262073007,1529,2647,False
4261,583863.5254809749,5789369.901784566,1529,2649,True
4262,583863.1554129516,5789368.541496125,1528,2651,True
4263,583862.7853449284,5789367.181207683,1528,2652,True
4264,583862.415276905,5789365.820919242,1527,2654,True
4265,583862.0452088818,5789364.460630801,1527,2656,True
4266,583861.6751408585,5789363.100342359,1526,2658,True
4267,583861.3050728353,5789361.740053918,1526,2660,True
4268,583860.935004812,5789360.379765476,1525,2662,True
4269,583860.5649367888,5789359.019477035,1525,2664,True
4270,583860.1948687654,5789357.659188594,1524,2665,True
4271,583859.8248007422,5789356.298900153,1524,2667,True
4272,583859.454732719,5789354.93861171,1523,2669,True
4273,583859.0846646957,5789353.578323269,1523,2671,True
4274,583858.7145966724,5789352.218034828,1522,2673,True
4275,583858.3445286491,5789350.857746387,1522,2675,True
4276,583857.9744606259,5789349.497457946,1521,2676,True
4277,583857.6043926026,5789348.137169504,1521,2678,True
4278,583857.2343245794,5789346.776881062,1520,2680,True
4279,583856.864256556,5789345.416592621,1520,2682,True
4280,583856.4941885328,5789344.05630418,1519,2684,True
4281,583856.1241205096,5789342.696015739,1519,2686,True
4282,583855.7540524863,5789341.335727297,1518,2687,True
4283,583855.383984463,5789339.975438856,1518,2689,True
4284,583855.0139164397,5789338.615150414,1517,2691,True
4285,583854.6438484165,5789337.254861973,1517,2693,True
4286,583854.2737803932,5789335.894573532,1516,2695,True
4287,583853.90371237,5789334.53428509,1516,2697,True
4288,583853.5336443466,5789333.173996649,1515,2699,True
4289,583853.1635763234,5789331.813708208,1515,2700,True
4290,583852.7935083001,5789330.453419766,1514,2702,True
4291,583852.4234402769,5789329.093131324,1514,2704,True
4292,583852.0533722537,5789327.732842883,1513,2706,True
4293,583851.6833042303,5789326.372554442,1513,2708,True
4294,583851.3132362071,5789325.012266001,1512,2710,True
4295,583850.9431681838,5789323.65197756,1512,2711,True
4296,583850.5731001606,5789322.291689117,1511,2713,True
4297,583850.2030321372,5789320.931400676,1511,2715,True
4298,583849.832964114,5789319.571112235,1510,2717,True
4299,583849.4628960907,5789318.210823794,1510,2719,True
4300,583849.0928280675,5789316.850535353,1509,2721,True
4301,583848.7227600443,5789315.490246911,1509,2722,True
4302,583848.3526920209,5789314.129958469,1508,2724,True
4303,583847.9826239977,5789312.769670028,1508,2726,True
4304,583847.6125559744,5789311.409381587,1507,2728,True
4305,583847.2424879512,5789310.049093145,1507,2730,True
4306,583846.8724199279,5789308.688804704,1506,2732,True
4307,583846.5023519046,5789307.328516263,1506,2734,True
4308,583846.1322838813,5789305.968227821,1505,2735,True
4309,583845.7622158581,5789304.60793938,1505,2737,True
4310,583845.3921478348,5789303.247650938,1504,2739,True
4311,583845.0220798115,5789301.887362497,1504,2741,True
4312,583844.6520117883,5789300.527074056,1503,2743,True
4313,583844.281943765,5789299.166785615,1503,2745,True
4314,583843.9118757418,5789297.806497173,1502,2746,True
4315,583843.5418077185,5789296.446208731,1502,2748,True
4316,583843.1717396952,5789295.08592029,1501,2750,True
4317,583842.8016716719,5789293.725631849,1501,2752,True
4318,583842.4316036487,5789292.365343408,1500,2754,True
4319,583842.0615356254,5789291.005054967,1500,2756,True
4320,583841.6914676022,5789289.644766524,1499,2757,True
4321,583841.3213995789,5789288.284478083,1499,2759,True
4322,583840.9513315556,5789286.924189642,1498,2761,True
4323,583840.5812635324,5789285.563901201,1498,2763,True
4324,583840.2111955091,5789284.203612759,1497,2765,True
4325,583839.8411274859,5789282.843324318,1497,2767,True
4326,583839.4710594625,5789281.483035876,1496,2769,True
4327,583839.1009914393,5789280.122747435,1496,2770,True
4328,583838.730923416,5789278.762458994,1495,2772,True
4329,583838.3608553928,5789277.402170552,1495,2774,True
4330,583837.9907873694,5789276.041882111,1494,2776,True
4331,583837.6207193462,5789274.68159367,1494,2778,False
4332,583837.2507160564,5789273.322875838,1493,2780,True
4333,583836.8807127665,5789271.964158007,1493,2781,True
4334,583836.5107094768,5789270.605440175,1492,2783,True
4335,583836.140706187,5789269.246722343,1492,2785,True
4336,583835.7707028972,5789267.888004512,1491,2787,True
4337,583835.4006996073,5789266.529286681,1491,2789,True
4338,583835.0306963176,5789265.170568849,1490,2791,True
4339,583834.6606930278,5789263.811851017,1490,2792,True
4340,583834.2906897379,5789262.453133186,1489,2794,True
4341,583833.9206864481,5789261.094415355,1489,2796,True
4342,583833.5506831583,5789259.735697523,1488,2798,True
4343,583833.1806798684,5789258.376979691,1488,2800,True
4344,583832.8106765787,5789257.01826186,1487,2802,True
4345,583832.4406732889,5789255.659544028,1487,2804,True
4346,583832.0706699991,5789254.300826197,1486,2805,True
4347,583831.7006667092,5789252.942108366,1486,2807,True
4348,583831.3306634194,5789251.583390534,1485,2809,True
4349,583830.9606601297,5789250.224672702,1485,2811,True
4350,583830.5906568398,5789248.86595487,1484,2813,True
4351,583830.22065355,5789247.5072370395,1484,2815,True
4352,583829.8506502602,5789246.148519208,1483,2816,True
4353,583829.4806469703,5789244.789801376,1483,2818,True
4354,583829.1106436806,5789243.431083544,1482,2820,True
4355,583828.7406403908,5789242.072365713,1482,2822,True
4356,583828.370637101,5789240.7136478815,1481,2824,True
4357,583828.0006338111,5789239.35493005,1481,2826,True
4358,583827.6306305213,5789237.996212219,1480,2827,True
4359,583827.2606272316,5789236.637494387,1480,2829,True
4360,583826.8906239417,5789235.278776555,1479,2831,True
4361,583826.5206206519,5789233.920058724,1479,2833,True
4362,583826.1506173621,5789232.561340893,1478,2835,True
4363,583825.7806140723,5789231.202623061,1478,2837,True
4364,583825.4106107824,5789229.843905229,1477,2839,True
4365,583825.0406074927,5789228.485187398,1477,2840,True
4366,583824.6706042029,5789227.1264695665,1476,2842,True
4367,583824.300600913,5789225.767751735,1476,2844,True
4368,583823.9305976232,5789224.409033903,1475,2846,True
4369,583823.5605943335,5789223.050316072,1475,2848,True
4370,583823.1905910436,5789221.69159824,1474,2850,True
4371,583822.8205877538,5789220.3328804085,1474,2851,True
4372,583822.450584464,5789218.974162578,1473,2853,True
4373,583822.0805811742,5789217.615444746,1473,2855,True
4374,583821.7105778843,5789216.256726914,1472,2857,True
4375,583821.3405745946,5789214.898009082,1472,2859,True
4376,583820.9705713048,5789213.539291251,1471,2861,True
4377,583820.6005680149,5789212.18057342,1471,2862,True
4378,583820.2305647251,5789210.821855588,1470,2864,True
4379,583819.8605614353,5789209.463137757,1470,2866,True
4380,583819.4905581456,5789208.104419925,1469,2868,True
4381,583819.1205548557,5789206.7457020935,1469,2870,True
4382,583818.7505515659,5789205.386984262,1468,2872,True
4383,583818.3805482761,5789204.028266431,1468,2873,True
4384,583818.0105449862,5789202.669548599,1467,2875,True
4385,583817.6405416965,5789201.310830767,1467,2877,True
4386,583817.2705384067,5789199.9521129355,1466,2879,True
4387,583816.9005351168,5789198.593395105,1466,2881,True
4388,583816.530531827,5789197.234677273,1465,2883,True
4389,583816.1605285372,5789195.875959441,1465,2885,True
4390,583815.7905252475,5789194.51724161,1464,2886,True
4391,583815.4205219576,5789193.158523778,1464,2888,True
4392,583815.0505186678,5789191.799805947,1463,2890,True
4393,583814.680515378,5789190.441088115,1463,2892,True
4394,583814.3105120881,5789189.082370284,1462,2894,True
4395,583813.9405087983,5789187.723652452,1462,2896,True
4396,583813.5705055086,5789186.36493462,1461,2897,True
4397,583813.2005022187,5789185.00621679,1461,2899,True
4398,583812.8304989289,5789183.647498958,1460,2901,True
4399,583812.4604956391,5789182.288781126,1460,2903,True
4400,583812.0904923494,5789180.930063294,1459,2905,True
4401,583811.7204890595,5789179.571345463,1459,2907,True
4402,583811.3504857697,5789178.212627632,1458,2908,False
4403,583810.9844800609,5789176.847277035,1458,2910,True
4404,583810.6184743519,5789175.481926438,1457,2912,True
4405,583810.2524686431,5789174.116575842,1457,2914,True
4406,583809.8864629343,5789172.751225244,1456,2916,True
4407,583809.5204572254,5789171.385874648,1456,2918,True
4408,583809.1544515166,5789170.020524051,1455,2920,True
4409,583808.7884458076,5789168.655173454,1455,2921,True
4410,583808.4224400988,5789167.289822858,1454,2923,True
4411,583808.05643439,5789165.924472261,1454,2925,True
4412,583807.6904286811,5789164.559121665,1453,2927,True
4413,583807.3244229723,5789163.193771067,1453,2929,True
4414,583806.9584172635,5789161.8284204705,1452,2931,True
4415,583806.5924115545,5789160.463069874,1452,2932,True
4416,583806.2264058457,5789159.097719277,1451,2934,True
4417,583805.8604001369,5789157.732368681,1451,2936,True
4418,583805.494394428,5789156.367018084,1450,2938,True
4419,583805.1283887192,5789155.001667487,1450,2940,True
4420,583804.7623830102,5789153.63631689,1449,2942,True
4421,583804.3963773014,5789152.270966293,1449,2944,True
4422,583804.0303715926,5789150.905615697,1448,2945,True
4423,583803.6643658837,5789149.5402651,1448,2947,True
4424,583803.2983601749,5789148.1749145035,1447,2949,True
4425,583802.9323544661,5789146.809563907,1447,2951,True
4426,583802.5663487571,5789145.44421331,1446,2953,True
4427,583802.2003430483,5789144.078862713,1446,2955,True
4428,583801.8343373394,5789142.713512116,1445,2957,True
4429,583801.4683316306,5789141.3481615195,1445,2958,True
4430,583801.1023259218,5789139.982810923,1444,2960,True
4431,583800.7363202128,5789138.617460326,1444,2962,True
4432,583800.370314504,5789137.25210973,1443,2964,True
4433,583800.0043087952,5789135.886759133,1443,2966,True
4434,583799.6383030863,5789134.521408536,1442,2968,True
4435,583799.2722973775,5789133.156057939,1442,2969,True
4436,583798.9062916687,5789131.790707342,1441,2971,True
4437,583798.5402859597,5789130.425356746,1441,2973,True
4438,583798.1742802509,5789129.060006149,1440,2975,True
4439,583797.808274542,5789127.6946555525,1440,2977,True
4440,583797.4422688332,5789126.329304956,1439,2979,True
4441,583797.0762631244,5789124.963954359,1439,2981,True
4442,583796.7102574154,5789123.598603762,1438,2982,True
4443,583796.3442517066,5789122.233253165,1438,2984,True
4444,583795.9782459978,5789120.867902569,1437,2986,True
4445,583795.6122402889,5789119.502551972,1437,2988,True
4446,583795.2462345801,5789118.137201375,1436,2990,True
4447,583794.8802288712,5789116.771850779,1436,2992,True
4448,583794.5142231623,5789115.406500182,1435,2994,True
4449,583794.1482174535,5789114.041149585,1435,2995,True
4450,583793.7822117446,5789112.675798988,1434,2997,True
4451,583793.4162060358,5789111.310448391,1434,2999,True
4452,583793.050200327,5789109.945097795,1433,3001,True
4453,583792.684194618,5789108.579747198,1433,3003,True
4454,583792.3181889092,5789107.214396602,1432,3005,True
4455,583791.9521832004,5789105.849046005,1432,3006,True
4456,583791.5861774915,5789104.483695407,1431,3008,True
4457,583791.2201717827,5789103.118344811,1431,3010,True
4458,583790.8541660737,5789101.752994214,1430,3012,True
4459,583790.4881603649,5789100.387643618,1430,3014,True
4460,583790.1221546561,5789099.022293021,1429,3016,True
4461,583789.7561489472,5789097.656942424,1429,3018,True
4462,583789.3901432384,5789096.291591828,1428,3019,True
4463,583789.0241375295,5789094.92624123,1428,3021,True
4464,583788.6581318206,5789093.560890634,1427,3023,True
4465,583788.2921261118,5789092.195540037,1427,3025,True
4466,583787.926120403,5789090.83018944,1426,3027,True
4467,583787.5601146941,5789089.464838844,1426,3029,True
4468,583787.1941089852,5789088.099488247,1425,3031,True
4469,583786.8281032763,5789086.734137651,1425,3032,True
4470,583786.4620975675,5789085.368787053,1425,3034,True
4471,583786.0960918587,5789084.003436456,1424,3036,True
4472,583785.7300861498,5789082.63808586,1424,3038,True
4473,583785.364080441,5789081.272735263,1423,3040,False
4474,583785.0014067253,5789079.917976951,1423,3042,True
4475,583784.6387330097,5789078.56321864,1422,3043,True
4476,583784.276059294,5789077.208460328,1422,3045,True
4477,583783.9133855784,5789075.853702016,1421,3047,True
4478,583783.5507118627,5789074.498943704,1421,3049,True
4479,583783.1880381472,5789073.144185393,1420,3051,True
4480,583782.8253644315,5789071.789427081,1420,3053,True
4481,583782.4626907159,5789070.434668769,1419,3054,True
4482,583782.1000170002,5789069.079910457,1419,3056,True
4483,583781.7373432847,5789067.725152146,1418,3058,True
4484,583781.374669569,5789066.370393834,1418,3060,True
4485,583781.0119958533,5789065.015635522,1417,3062,True
4486,583780.6493221377,5789063.66087721,1417,3064,True
4487,583780.286648422,5789062.306118899,1416,3065,True
4488,583779.9239747064,5789060.951360587,1416,3067,True
4489,583779.5613009908,5789059.596602275,1415,3069,True
4490,583779.1986272752,5789058.241843964,1415,3071,True
4491,583778.8359535595,5789056.887085652,1414,3073,True
4492,583778.4732798439,5789055.53232734,1414,3075,True
4493,583778.1106061282,5789054.177569028,1413,3076,True
4494,583777.7479324125,5789052.822810717,1413,3078,True
4495,583777.385258697,5789051.468052405,1412,3080,True
4496,583777.0225849813,5789050.113294093,1412,3082,True
4497,583776.6599112657,5789048.758535781,1411,3084,True
4498,583776.29723755,5789047.40377747,1411,3086,True
4499,583775.9345638345,5789046.049019158,1410,3087,True
4500,583775.5718901188,5789044.694260846,1410,3089,True
4501,583775.2092164032,5789043.339502534,1409,3091,True
4502,583774.8465426875,5789041.984744223,1409,3093,True
4503,583774.4838689719,5789040.629985911,1408,3095,True
4504,583774.1211952562,5789039.275227599,1408,3097,True
4505,583773.7585215406,5789037.920469288,1407,3099,True
4506,583773.395847825,5789036.565710976,1407,3100,True
4507,583773.0331741093,5789035.210952664,1406,3102,True
4508,583772.6705003937,5789033.856194352,1406,3104,True
4509,583772.307826678,5789032.501436041,1405,3106,True
4510,583771.9451529625,5789031.146677729,1405,3108,True
4511,583771.5824792468,5789029.791919417,1404,3110,True
4512,583771.2198055312,5789028.437161105,1404,3111,True
4513,583770.8571318155,5789027.082402794,1403,3113,True
4514,583770.4944580998,5789025.727644482,1403,3115,True
4515,583770.1317843843,5789024.37288617,1402,3117,True
4516,583769.7691106686,5789023.018127859,1402,3119,True
4517,583769.406436953,5789021.663369547,1401,3121,True
4518,583769.0437632373,5789020.308611235,1401,3122,True
4519,583768.6810895217,5789018.953852923,1400,3124,True
4520,583768.318415806,5789017.599094612,1400,3126,True
4521,583767.9557420905,5789016.2443363,1399,3128,True
4522,583767.5930683748,5789014.889577988,1399,3130,True
4523,583767.2303946592,5789013.534819676,1398,3132,True
4524,583766.8677209435,5789012.180061365,1398,3133,True
4525,583766.5050472278,5789010.825303053,1397,3135,True
4526,583766.1423735123,5789009.470544741,1397,3137,True
4527,583765.7796997966,5789008.115786429,1396,3139,True
4528,583765.417026081,5789006.7610281175,1396,3141,True
4529,583765.0543523653,5789005.4062698055,1396,3143,True
4530,583764.6916786497,5789004.0515114935,1395,3144,True
4531,583764.329004934,5789002.696753182,1395,3146,True
4532,583763.9663312185,5789001.34199487,1394,3148,True
4533,583763.6036575028,5788999.987236558,1394,3150,True
4534,583763.2409837871,5788998.632478246,1393,3152,True
4535,583762.8783100715,5788997.277719935,1393,3154,True
4536,583762.5156363558,5788995.922961623,1392,3155,True
4537,583762.1529626403,5788994.568203311,1392,3157,True
4538,583761.7902889246,5788993.213444999,1391,3159,True
4539,583761.427615209,5788991.858686688,1391,3161,True
4540,583761.0649414933,5788990.503928376,1390,3163,True
4541,583760.7022677778,5788989.149170064,1390,3165,True
4542,583760.3395940621,5788987.794411752,1389,3166,True
4543,583759.9769203465,5788986.439653441,1389,3168,True
4544,583759.6142466308,5788985.084895129,1388,3170,False
4545,583759.2487647636,5788983.716772746,1388,3172,True
4546,583758.8832828964,5788982.348650363,1387,3174,True
4547,583758.5178010291,5788980.98052798,1387,3176,True
4548,583758.1523191618,5788979.612405598,1386,3177,True
4549,583757.7868372946,5788978.244283215,1386,3179,True
4550,583757.4213554274,5788976.876160832,1385,3181,True
4551,583757.0558735601,5788975.508038449,1385,3183,True
4552,583756.6903916929,5788974.139916066,1384,3185,True
4553,583756.3249098257,5788972.771793683,1384,3187,True
4554,583755.9594279585,5788971.403671301,1383,3189,True
4555,583755.5939460911,5788970.035548918,1383,3190,True
4556,583755.2284642239,5788968.667426535,1382,3192,True
4557,583754.8629823567,5788967.299304152,1382,3194,True
4558,583754.4975004895,5788965.931181769,1381,3196,True
4559,583754.1320186222,5788964.563059386,1381,3198,True
4560,583753.766536755,5788963.194937003,1380,3200,True
4561,583753.4010548878,5788961.826814621,1380,3202,True
4562,583753.0355730205,5788960.458692238,1379,3203,True
4563,583752.6700911532,5788959.090569855,1379,3205,True
4564,583752.304609286,5788957.722447472,1378,3207,True
4565,583751.9391274188,5788956.354325089,1378,3209,True
4566,583751.5736455516,5788954.986202706,1377,3211,True
4567,583751.2081636844,5788953.618080324,1377,3213,True
4568,583750.8426818171,5788952.249957941,1376,3215,True
4569,583750.4771999498,5788950.8818355575,1376,3216,True
4570,583750.1117180826,5788949.5137131745,1375,3218,True
4571,583749.7462362153,5788948.1455907915,1375,3220,True
4572,583749.3807543481,5788946.777468408,1374,3222,True
4573,583749.0152724809,5788945.409346025,1374,3224,True
4574,583748.6497906137,5788944.041223643,1373,3226,True
4575,583748.2843087465,5788942.67310126,1373,3228,True
4576,583747.9188268791,5788941.304978877,1372,3229,True
4577,583747.5533450119,5788939.936856494,1372,3231,True
4578,583747.1878631447,5788938.568734111,1371,3233,True
4579,583746.8223812775,5788937.200611728,1371,3235,True
4580,583746.4568994102,5788935.832489346,1370,3237,True
4581,583746.091417543,5788934.464366963,1370,3239,True
4582,583745.7259356758,5788933.09624458,1369,3241,True
4583,583745.3604538086,5788931.728122197,1369,3242,True
4584,583744.9949719412,5788930.359999814,1368,3244,True
4585,583744.629490074,5788928.991877431,1368,3246,True
4586,583744.2640082068,5788927.623755049,1367,3248,True
4587,583743.8985263396,5788926.255632666,1367,3250,True
4588,583743.5330444723,5788924.887510283,1366,3252,True
4589,583743.1675626051,5788923.5193879,1366,3253,True
4590,583742.8020807379,5788922.151265517,1365,3255,True
4591,583742.4365988706,5788920.783143134,1365,3257,True
4592,583742.0711170033,5788919.415020751,1364,3259,True
4593,583741.7056351361,5788918.046898369,1364,3261,True
4594,583741.3401532689,5788916.678775986,1363,3263,True
4595,583740.9746714017,5788915.310653603,1363,3265,True
4596,583740.6091895344,5788913.94253122,1362,3266,True
4597,583740.2437076672,5788912.574408837,1362,3268,True
4598,583739.8782257999,5788911.206286454,1361,3270,True
4599,583739.5127439327,5788909.838164072,1361,3272,True
4600,583739.1472620654,5788908.4700416885,1360,3274,True
4601,583738.7817801982,5788907.1019193055,1360,3276,True
4602,583738.416298331,5788905.7337969225,1359,3278,True
4603,583738.0508164638,5788904.3656745395,1359,3279,True
4604,583737.6853345966,5788902.997552156,1358,3281,True
4605,583737.3198527292,5788901.629429773,1358,3283,True
4606,583736.954370862,5788900.261307391,1357,3285,True
4607,583736.5888889948,5788898.893185008,1357,3287,True
4608,583736.2234071275,5788897.525062625,1356,3289,True
4609,583735.8579252603,5788896.156940242,1356,3291,True
4610,583735.4924433931,5788894.788817859,1355,3292,True
4611,583735.1269615259,5788893.420695476,1355,3294,True
4612,583734.7614796585,5788892.052573094,1354,3296,True
4613,583734.3959977913,5788890.684450711,1354,3298,True
4614,583734.0305159241,5788889.316328328,1353,3300,True
4615,583733.6650340569,5788887.948205945,1353,3302,False
4616,583733.2975020009,5788886.589801259,1352,3304,True
4617,583732.9299699449,5788885.231396574,1352,3305,True
4618,583732.5624378889,5788883.872991887,1351,3307,True
4619,583732.1949058329,5788882.514587201,1351,3309,True
4620,583731.8273737769,5788881.156182515,1350,3311,True
4621,583731.459841721,5788879.79777783,1350,3313,True
4622,583731.0923096649,5788878.439373144,1349,3315,True
4623,583730.724777609,5788877.080968458,1349,3316,True
4624,583730.3572455529,5788875.7225637715,1348,3318,True
4625,583729.989713497,5788874.364159086,1348,3320,True
4626,583729.622181441,5788873.0057544,1347,3322,True
4627,583729.254649385,5788871.647349714,1347,3324,True
4628,583728.887117329,5788870.288945029,1347,3326,True
4629,583728.519585273,5788868.930540343,1346,3327,True
4630,583728.152053217,5788867.572135656,1346,3329,True
4631,583727.784521161,5788866.21373097,1345,3331,True
4632,583727.416989105,5788864.855326285,1345,3333,True
4633,583727.0494570491,5788863.496921599,1344,3335,True
4634,583726.681924993,5788862.138516913,1344,3337,True
4635,583726.3143929371,5788860.780112227,1343,3338,True
4636,583725.946860881,5788859.421707541,1343,3340,True
4637,583725.5793288251,5788858.063302855,1342,3342,True
4638,583725.2117967692,5788856.704898169,1342,3344,True
4639,583724.8442647131,5788855.3464934835,1341,3346,True
4640,583724.4767326572,5788853.988088798,1341,3348,True
4641,583724.1092006011,5788852.629684112,1340,3350,True
4642,583723.7416685452,5788851.271279425,1340,3351,True
4643,583723.3741364892,5788849.91287474,1339,3353,True
4644,583723.0066044332,5788848.554470054,1339,3355,True
4645,583722.6390723772,5788847.196065368,1338,3357,True
4646,583722.2715403212,5788845.837660682,1338,3359,True
4647,583721.9040082652,5788844.479255997,1337,3361,True
4648,583721.5364762093,5788843.12085131,1337,3362,True
4649,583721.1689441532,5788841.762446624,1336,3364,True
4650,583720.8014120973,5788840.4040419385,1336,3366,True
4651,583720.4338800412,5788839.045637253,1335,3368,True
4652,583720.0663479853,5788837.687232567,1335,3370,True
4653,583719.6988159292,5788836.328827881,1334,3372,True
4654,583719.3312838733,5788834.970423195,1334,3373,True
4655,583718.9637518174,5788833.612018509,1333,3375,True
4656,583718.5962197613,5788832.253613823,1333,3377,True
4657,583718.2286877054,5788830.895209137,1332,3379,True
4658,583717.8611556493,5788829.536804452,1332,3381,True
4659,583717.4936235934,5788828.178399766,1331,3383,True
4660,583717.1260915374,5788826.819995079,1331,3384,True
4661,583716.7585594814,5788825.461590393,1330,3386,True
4662,583716.3910274254,5788824.103185708,1330,3388,True
4663,583716.0234953694,5788822.744781022,1329,3390,True
4664,583715.6559633134,5788821.386376336,1329,3392,True
4665,583715.2884312575,5788820.0279716505,1328,3394,True
4666,583714.9208992014,5788818.669566964,1328,3396,True
4667,583714.5533671455,5788817.311162278,1327,3397,True
4668,583714.1858350894,5788815.952757592,1327,3399,True
4669,583713.8183030335,5788814.594352907,1326,3401,True
4670,583713.4507709775,5788813.235948221,1326,3403,True
4671,583713.0832389215,5788811.877543535,1325,3405,True
4672,583712.7157068655,5788810.519138848,1325,3407,True
4673,583712.3481748095,5788809.160734163,1324,3408,True
4674,583711.9806427535,5788807.802329477,1324,3410,True
4675,583711.6131106975,5788806.443924791,1323,3412,True
4676,583711.2455786415,5788805.085520105,1323,3414,True
4677,583710.8780465856,5788803.72711542,1322,3416,True
4678,583710.5105145295,5788802.368710733,1322,3418,True
4679,583710.1429824736,5788801.010306047,1321,3419,True
4680,583709.7754504175,5788799.6519013615,1321,3421,True
4681,583709.4079183616,5788798.293496676,1320,3423,True
4682,583709.0403863057,5788796.93509199,1320,3425,True
4683,583708.6728542496,5788795.576687304,1319,3427,True
4684,583708.3053221937,5788794.218282618,1319,3429,True
4685,583707.9377901376,5788792.859877932,1318,3430,True
4686,583707.5702580817,5788791.501473246,1318,3432,False
4687,583707.2002863877,5788790.1584381005,1317,3434,True
4688,583706.8303146937,5788788.815402955,1317,3436,True
4689,583706.4603429999,5788787.472367808,1316,3438,True
4690,583706.0903713059,5788786.129332663,1316,3440,True
4691,583705.720399612,5788784.786297517,1315,3441,True
4692,583705.350427918,5788783.443262371,1315,3443,True
4693,583704.9804562242,5788782.100227225,1314,3445,True
4694,583704.6104845302,5788780.757192079,1314,3447,True
4695,583704.2405128363,5788779.414156933,1313,3449,True
4696,583703.8705411423,5788778.071121788,1313,3451,True
4697,583703.5005694485,5788776.728086642,1312,3452,True
4698,583703.1305977545,5788775.385051495,1312,3454,True
4699,583702.7606260605,5788774.04201635,1311,3456,True
4700,583702.3906543666,5788772.698981204,1311,3458,True
4701,583702.0206826727,5788771.355946058,1310,3460,True
4702,583701.6507109788,5788770.012910912,1310,3461,True
4703,583701.2807392848,5788768.669875766,1309,3463,True
4704,583700.9107675909,5788767.3268406205,1309,3465,True
4705,583700.540795897,5788765.983805475,1308,3467,True
4706,583700.170824203,5788764.640770328,1308,3469,True
4707,583699.8008525091,5788763.297735183,1307,3471,True
4708,583699.4308808151,5788761.954700037,1307,3472,True
4709,583699.0609091213,5788760.611664891,1306,3474,True
4710,583698.6909374273,5788759.268629746,1306,3476,True
4711,583698.3209657334,5788757.925594599,1305,3478,True
4712,583697.9509940394,5788756.582559453,1305,3480,True
4713,583697.5810223455,5788755.239524308,1304,3481,True
4714,583697.2110506516,5788753.896489162,1304,3483,True
4715,583696.8410789577,5788752.553454015,1303,3485,True
4716,583696.4711072637,5788751.21041887,1303,3487,True
4717,583696.1011355697,5788749.867383724,1302,3489,True
4718,583695.7311638759,5788748.524348578,1302,3491,True
4719,583695.3611921819,5788747.181313433,1301,3492,True
4720,583694.991220488,5788745.838278286,1301,3494,True
4721,583694.621248794,5788744.4952431405,1300,3496,True
4722,583694.2512771002,5788743.152207995,1300,3498,True
4723,583693.8813054062,5788741.809172849,1299,3500,True
4724,583693.5113337123,5788740.466137703,1299,3501,True
4725,583693.1413620183,5788739.123102557,1298,3503,True
4726,583692.7713903245,5788737.780067411,1298,3505,True
4727,583692.4014186305,5788736.437032266,1297,3507,True
4728,583692.0314469365,5788735.09399712,1297,3509,True
4729,583691.6614752426,5788733.750961973,1296,3511,True
4730,583691.2915035487,5788732.407926828,1296,3512,True
4731,583690.9215318548,5788731.064891682,1295,3514,True
4732,583690.5515601608,5788729.721856536,1295,3516,True
4733,583690.1815884669,5788728.37882139,1294,3518,True
4734,583689.8116167729,5788727.035786244,1294,3520,True
4735,583689.4416450791,5788725.692751098,1293,3521,True
4736,583689.0716733851,5788724.349715953,1293,3523,True
4737,583688.7017016911,5788723.006680807,1292,3525,True
4738,583688.3317299972,5788721.6636456605,1292,3527,True
4739,583687.9617583033,5788720.320610515,1291,3529,True
4740,583687.5917866094,5788718.977575369,1291,3531,True
4741,583687.2218149154,5788717.6345402235,1290,3532,True
4742,583686.8518432215,5788716.291505077,1290,3534,True
4743,583686.4818715276,5788714.948469931,1289,3536,True
4744,583686.1118998337,5788713.605434786,1289,3538,True
4745,583685.7419281397,5788712.26239964,1288,3540,True
4746,583685.3719564457,5788710.919364493,1288,3542,True
4747,583685.0019847519,5788709.576329348,1287,3543,True
4748,583684.6320130579,5788708.233294202,1287,3545,True
4749,583684.262041364,5788706.890259056,1286,3547,True
4750,583683.89206967,5788705.547223911,1286,3549,True
4751,583683.5220979762,5788704.204188764,1285,3551,True
4752,583683.1521262822,5788702.861153618,1285,3552,True
4753,583682.7821545883,5788701.518118473,1284,3554,True
4754,583682.4121828943,5788700.175083327,1284,3556,True
4755,583682.0422112005,5788698.8320481805,1283,3558,True
4756,583681.6722395065,5788697.489013035,1283,3560,True
4757,583681.3022678125,5788696.145977889,1282,3562,False
4758,583681.2706486264,5788695.862218228,1282,3562,True
4759,583681.2390294402,5788695.578458568,1282,3562,True
4760,583681.207410254,5788695.294698907,1282,3563,True
4761,583681.1757910678,5788695.010939247,1282,3563,True
4762,583681.1441718816,5788694.727179586,1282,3563,True
4763,583681.1125526954,5788694.443419925,1282,3564,True
4764,583681.0809335093,5788694.159660265,1282,3564,True
4765,583681.0493143231,5788693.875900604,1282,3565,True
4766,583681.017695137,5788693.592140944,1282,3565,True
4767,583680.9860759508,5788693.308381283,1282,3565,True
4768,583680.9544567645,5788693.024621622,1282,3566,True
4769,583680.9228375783,5788692.740861962,1282,3566,True
4770,583680.8912183922,5788692.457102301,1281,3567,True
4771,583680.859599206,5788692.1733426405,1281,3567,True
4772,583680.8279800199,5788691.8895829795,1281,3567,True
4773,583680.7963608337,5788691.605823319,1281,3568,True
4774,583680.7647416475,5788691.322063658,1281,3568,True
4775,583680.7331224612,5788691.038303997,1281,3568,True
4776,583680.7015032751,5788690.754544337,1281,3569,True
4777,583680.6698840889,5788690.470784676,1281,3569,True
4778,583680.6382649028,5788690.187025016,1281,3570,True
4779,583680.6066457166,5788689.903265355,1281,3570,True
4780,583680.5750265304,5788689.619505694,1281,3570,True
4781,583680.5434073443,5788689.335746034,1281,3571,True
4782,583680.511788158,5788689.051986373,1281,3571,True
4783,583680.4801689718,5788688.768226713,1281,3572,True
4784,583680.4485497857,5788688.484467052,1281,3572,True
4785,583680.4169305995,5788688.200707391,1281,3572,True
4786,583680.3853114133,5788687.916947731,1281,3573,True
4787,583680.3536922272,5788687.63318807,1281,3573,True
4788,583680.322073041,5788687.34942841,1281,3573,True
4789,583680.2904538547,5788687.065668749,1281,3574,True
4790,583680.2588346686,5788686.781909088,1281,3574,True
4791,583680.2272154824,5788686.498149428,1281,3575,True
4792,583680.1955962962,5788686.214389767,1281,3575,True
4793,583680.1639771101,5788685.9306301065,1280,3575,True
4794,583680.1323579239,5788685.646870445,1280,3576,True
4795,583680.1007387377,5788685.363110785,1280,3576,True
4796,583680.0691195516,5788685.079351124,1280,3577,True
4797,583680.0375003653,5788684.795591463,1280,3577,True
4798,583680.0058811791,5788684.511831803,1280,3577,True
4799,583679.974261993,5788684.228072142,1280,3578,True
4800,583679.9426428068,5788683.944312482,1280,3578,True
4801,583679.9110236206,5788683.660552821,1280,3578,True
4802,583679.8794044345,5788683.37679316,1280,3579,True
4803,583679.8477852483,5788683.0930335,1280,3579,True
4804,583679.816166062,5788682.809273839,1280,3580,True
4805,583679.7845468759,5788682.525514179,1280,3580,True
4806,583679.7529276897,5788682.241754518,1280,3580,True
4807,583679.7213085035,5788681.957994857,1280,3581,True
4808,583679.6896893174,5788681.674235197,1280,3581,True
4809,583679.6580701312,5788681.390475536,1280,3582,True
4810,583679.626450945,5788681.106715876,1280,3582,True
4811,583679.5948317588,5788680.822956215,1280,3582,True
4812,583679.5632125726,5788680.539196554,1280,3583,True
4813,583679.5315933864,5788680.255436894,1280,3583,True
4814,583679.4999742003,5788679.9716772325,1280,3583,True
4815,583679.4683550141,5788679.687917572,1280,3584,True
4816,583679.4367358279,5788679.404157911,1280,3584,True
4817,583679.4051166418,5788679.120398251,1279,3585,True
4818,583679.3734974555,5788678.83663859,1279,3585,True
4819,583679.3418782693,5788678.552878929,1279,3585,True
4820,583679.3102590832,5788678.269119269,1279,3586,True
4821,583679.278639897,5788677.985359608,1279,3586,True
4822,583679.2470207108,5788677.701599948,1279,3587,True
4823,583679.2154015247,5788677.417840287,1279,3587,True
4824,583679.1837823385,5788677.134080626,1279,3587,True
4825,583679.1521631522,5788676.850320966,1279,3588,True
4826,583679.1205439661,5788676.566561305,1279,3588,True
4827,583679.0889247799,5788676.282801645,1279,3588,True
4828,583679.0573055937,5788675.999041984,1279,3589,False
4829,583680.4653356343,5788675.562625115,1281,3589,True
4830,583681.8733656749,5788675.126208246,1283,3590,True
4831,583683.2813957154,5788674.689791377,1285,3591,True
4832,583684.689425756,5788674.253374507,1287,3591,True
4833,583686.0974557966,5788673.816957638,1289,3592,True
4834,583687.5054858371,5788673.380540769,1290,3592,True
4835,583688.9135158777,5788672.9441239,1292,3593,True
4836,583690.3215459181,5788672.5077070305,1294,3594,True
4837,583691.7295759587,5788672.071290161,1296,3594,True
4838,583693.1376059992,5788671.6348732915,1298,3595,True
4839,583694.5456360398,5788671.198456422,1300,3595,True
4840,583695.9536660804,5788670.762039553,1302,3596,True
4841,583697.3616961209,5788670.325622684,1304,3596,True
4842,583698.7697261615,5788669.889205815,1306,3597,True
4843,583700.177756202,5788669.452788946,1308,3598,True
4844,583701.5857862426,5788669.016372077,1310,3598,True
4845,583702.9938162832,5788668.579955207,1311,3599,True
4846,583704.4018463237,5788668.143538338,1313,3599,True
4847,583705.8098763643,5788667.707121469,1315,3600,True
4848,583707.2179064049,5788667.2707046,1317,3601,True
4849,583708.6259364454,5788666.834287731,1319,3601,True
4850,583710.0339664859,5788666.397870862,1321,3602,True
4851,583711.4419965264,5788665.961453992,1323,3602,True
4852,583712.850026567,5788665.525037123,1325,3603,True
4853,583714.2580566076,5788665.088620254,1327,3604,True
4854,583715.6660866481,5788664.652203385,1329,3604,True
4855,583717.0741166887,5788664.215786516,1331,3605,True
4856,583718.4821467292,5788663.779369647,1332,3605,True
4857,583719.8901767698,5788663.342952778,1334,3606,True
4858,583721.2982068104,5788662.906535908,1336,3607,True
4859,583722.7062368509,5788662.470119039,1338,3607,True
4860,583724.1142668915,5788662.03370217,1340,3608,True
4861,583725.5222969321,5788661.5972853005,1342,3608,True
4862,583726.9303269726,5788661.160868431,1344,3609,True
4863,583728.3383570132,5788660.724451562,1346,3610,True
4864,583729.7463870536,5788660.288034692,1348,3610,True
4865,583731.1544170942,5788659.851617823,1350,3611,True
4866,583732.5624471348,5788659.415200954,1351,3611,True
4867,583733.9704771753,5788658.978784085,1353,3612,True
4868,583735.3785072159,5788658.542367216,1355,3612,True
4869,583736.7865372564,5788658.105950347,1357,3613,True
4870,583738.194567297,5788657.669533477,1359,3614,True
4871,583739.6025973376,5788657.233116608,1361,3614,True
4872,583741.0106273781,5788656.796699739,1363,3615,True
4873,583742.4186574187,5788656.36028287,1365,3615,True
4874,583743.8266874593,5788655.923866001,1367,3616,True
4875,583745.2347174998,5788655.487449132,1369,3617,True
4876,583746.6427475404,5788655.051032263,1371,3617,True
4877,583748.0507775809,5788654.614615393,1372,3618,True
4878,583749.4588076214,5788654.178198524,1374,3618,True
4879,583750.866837662,5788653.741781655,1376,3619,True
4880,583752.2748677025,5788653.305364786,1378,3620,True
4881,583753.6828977431,5788652.868947917,1380,3620,True
4882,583755.0909277836,5788652.432531048,1382,3621,True
4883,583756.4989578242,5788651.996114178,1384,3621,True
4884,583757.9069878648,5788651.559697309,1386,3622,True
4885,583759.3150179053,5788651.1232804395,1388,3623,True
4886,583760.7230479459,5788650.6868635705,1390,3623,True
4887,583762.1310779864,5788650.250446701,1392,3624,True
4888,583763.539108027,5788649.814029832,1393,3624,True
4889,583764.9471380676,5788649.377612963,1395,3625,True
4890,583766.3551681081,5788648.941196093,1397,3625,True
4891,583767.7631981487,5788648.504779224,1399,3626,True
4892,583769.1712281891,5788648.068362355,1401,3627,True
4893,583770.5792582297,5788647.631945486,1403,3627,True
4894,583771.9872882703,5788647.195528617,1405,3628,True
4895,583773.3953183108,5788646.759111748,1407,3628,True
4896,583774.8033483514,5788646.322694878,1409,3629,True
4897,583776.211378392,5788645.886278009,1411,3630,True
4898,583777.6194084325,5788645.44986114,1413,3630,True
4899,583779.0274384731,5788645.013444271,1414,3631,False
4900,583780.3474786851,5788644.619176955,1416,3631,True
4901,583781.6675188971,5788644.224909639,1418,3632,True
4902,583782.9875591091,5788643.830642323,1420,3632,True
4903,583784.3075993211,5788643.436375007,1422,3633,True
4904,583785.6276395331,5788643.042107691,1423,3633,True
4905,583786.9476797451,5788642.647840375,1425,3634,True
4906,583788.2677199572,5788642.253573059,1427,3635,True
4907,583789.5877601692,5788641.859305743,1429,3635,True
4908,583790.9078003812,5788641.465038427,1431,3636,True
4909,583792.2278405932,5788641.070771111,1432,3636,True
4910,583793.5478808052,5788640.676503795,1434,3637,True
4911,583794.8679210172,5788640.282236479,1436,3637,True
4912,583796.1879612292,5788639.887969163,1438,3638,True
4913,583797.5080014413,5788639.493701847,1439,3638,True
4914,583798.8280416533,5788639.099434531,1441,3639,True
4915,583800.1480818653,5788638.705167215,1443,3639,True
4916,583801.4681220773,5788638.310899899,1445,3640,True
4917,583802.7881622892,5788637.916632583,1447,3640,True
4918,583804.1082025012,5788637.522365267,1448,3641,True
4919,583805.4282427132,5788637.128097951,1450,3641,True
4920,583806.7482829252,5788636.733830635,1452,3642,True
4921,583808.0683231372,5788636.339563319,1454,3643,True
4922,583809.3883633493,5788635.9452960035,1456,3643,True
4923,583810.7084035613,5788635.5510286875,1457,3644,True
4924,583812.0284437733,5788635.1567613715,1459,3644,True
4925,583813.3484839853,5788634.762494056,1461,3645,True
4926,583814.6685241973,5788634.36822674,1463,3645,True
4927,583815.9885644093,5788633.973959424,1465,3646,True
4928,583817.3086046213,5788633.579692108,1466,3646,True
4929,583818.6286448333,5788633.185424792,1468,3647,True
4930,583819.9486850454,5788632.791157476,1470,3647,True
4931,583821.2687252574,5788632.39689016,1472,3648,True
4932,583822.5887654694,5788632.002622844,1473,3648,True
4933,583823.9088056814,5788631.608355528,1475,3649,True
4934,583825.2288458934,5788631.214088212,1477,3649,True
4935,583826.5488861054,5788630.819820895,1479,3650,True
4936,583827.8689263174,5788630.425553579,1481,3651,True
4937,583829.1889665294,5788630.031286263,1482,3651,True
4938,583830.5090067415,5788629.637018947,1484,3652,True
4939,583831.8290469535,5788629.242751631,1486,3652,True
4940,583833.1490871655,5788628.848484315,1488,3653,True
4941,583834.4691273775,5788628.454216999,1490,3653,True
4942,583835.7891675895,5788628.059949683,1491,3654,True
4943,583837.1092078015,5788627.665682367,1493,3654,True
4944,583838.4292480135,5788627.271415051,1495,3655,True
4945,583839.7492882255,5788626.877147735,1497,3655,True
4946,583841.0693284376,5788626.482880419,1498,3656,True
4947,583842.3893686496,5788626.088613103,1500,3656,True
4948,583843.7094088616,5788625.694345787,1502,3657,True
4949,583845.0294490736,5788625.300078471,1504,3657,True
4950,583846.3494892856,5788624.905811155,1506,3658,True
4951,583847.6695294976,5788624.511543839,1507,3659,True
4952,583848.9895697096,5788624.117276523,1509,3659,True
4953,583850.3096099215,5788623.723009207,1511,3660,True
4954,583851.6296501335,5788623.328741891,1513,3660,True
4955,583852.9496903456,5788622.934474575,1515,3661,True
4956,583854.2697305576,5788622.540207259,1516,3661,True
4957,583855.5897707696,5788622.145939943,1518,3662,True
4958,583856.9098109816,5788621.751672627,1520,3662,True
4959,583858.2298511936,5788621.357405311,1522,3663,True
4960,583859.5498914056,5788620.963137995,1524,3663,True
4961,583860.8699316176,5788620.5688706795,1525,3664,True
4962,583862.1899718296,5788620.1746033635,1527,3664,True
4963,583863.5100120417,5788619.7803360475,1529,3665,True
4964,583864.8300522537,5788619.386068732,1531,3666,True
4965,583866.1500924657,5788618.991801416,1532,3666,True
4966,583867.4701326777,5788618.5975341,1534,3667,True
4967,583868.7901728897,5788618.203266784,1536,3667,True
4968,583870.1102131017,5788617.808999468,1538,3668,True
4969,583871.4302533137,5788617.414732152,1540,3668,True
4970,583872.7502935258,5788617.020464836,1541,3669,False
4971,583873.030405001,5788616.980686658,1542,3669,True
4972,583873.3105164762,5788616.940908481,1542,3669,True
4973,583873.5906279514,5788616.901130304,1543,3669,True
4974,583873.8707394267,5788616.861352127,1543,3669,True
4975,583874.1508509018,5788616.821573949,1543,3669,True
4976,583874.4309623771,5788616.781795772,1544,3669,True
4977,583874.7110738524,5788616.742017595,1544,3669,True
4978,583874.9911853275,5788616.7022394175,1544,3669,True
4979,583875.2712968028,5788616.662461241,1545,3669,True
4980,583875.551408278,5788616.622683063,1545,3669,True
4981,583875.8315197532,5788616.5829048855,1546,3669,True
4982,583876.1116312285,5788616.543126709,1546,3669,True
4983,583876.3917427037,5788616.503348531,1546,3669,True
4984,583876.6718541789,5788616.4635703545,1547,3669,True
4985,583876.9519656542,5788616.423792177,1547,3670,True
4986,583877.2320771294,5788616.384014,1547,3670,True
4987,583877.5121886046,5788616.344235823,1548,3670,True
4988,583877.7923000798,5788616.304457645,1548,3670,True
4989,583878.0724115551,5788616.264679468,1549,3670,True
4990,583878.3525230304,5788616.224901291,1549,3670,True
4991,583878.6326345055,5788616.185123114,1549,3670,True
4992,583878.9127459808,5788616.145344936,1550,3670,True
4993,583879.192857456,5788616.105566759,1550,3670,True
4994,583879.4729689312,5788616.065788582,1551,3670,True
4995,583879.7530804065,5788616.026010404,1551,3670,True
4996,583880.0331918817,5788615.986232228,1551,3670,True
4997,583880.3133033569,5788615.94645405,1552,3670,True
4998,583880.5934148321,5788615.906675872,1552,3670,True
4999,583880.8735263074,5788615.866897696,1552,3670,True
5000,583881.1536377826,5788615.827119518,1553,3670,True
5001,583881.4337492578,5788615.787341341,1553,3670,True
5002,583881.7138607331,5788615.747563164,1554,3670,True
5003,583881.9939722082,5788615.707784986,1554,3670,True
5004,583882.2740836835,5788615.668006809,1554,3671,True
5005,583882.5541951588,5788615.628228632,1555,3671,True
5006,583882.8343066339,5788615.588450455,1555,3671,True
5007,583883.1144181092,5788615.5486722775,1555,3671,True
5008,583883.3945295844,5788615.508894101,1556,3671,True
5009,583883.6746410596,5788615.469115923,1556,3671,True
5010,583883.9547525349,5788615.4293377455,1557,3671,True
5011,583884.2348640101,5788615.389559569,1557,3671,True
5012,583884.5149754853,5788615.349781391,1557,3671,True
5013,583884.7950869605,5788615.3100032145,1558,3671,True
5014,583885.0751984358,5788615.270225037,1558,3671,True
5015,583885.355309911,5788615.230446859,1558,3671,True
5016,583885.6354213862,5788615.190668683,1559,3671,True
5017,583885.9155328615,5788615.150890505,1559,3671,True
5018,583886.1956443366,5788615.111112328,1560,3671,True
5019,583886.4757558119,5788615.071334151,1560,3671,True
5020,583886.7558672872,5788615.031555973,1560,3671,True
5021,583887.0359787623,5788614.991777796,1561,3671,True
5022,583887.3160902376,5788614.951999619,1561,3672,True
5023,583887.5962017128,5788614.912221442,1562,3672,True
5024,583887.8763131881,5788614.872443264,1562,3672,True
5025,583888.1564246633,5788614.832665087,1562,3672,True
5026,583888.4365361385,5788614.79288691,1563,3672,True
5027,583888.7166476138,5788614.753108732,1563,3672,True
5028,583888.996759089,5788614.713330556,1563,3672,True
5029,583889.2768705642,5788614.673552378,1564,3672,True
5030,583889.5569820395,5788614.633774201,1564,3672,True
5031,583889.8370935146,5788614.593996024,1565,3672,True
5032,583890.1172049899,5788614.554217846,1565,3672,True
5033,583890.3973164652,5788614.514439669,1565,3672,True
5034,583890.6774279403,5788614.474661492,1566,3672,True
5035,583890.9575394156,5788614.434883315,1566,3672,True
5036,583891.2376508908,5788614.3951051375,1566,3672,True
5037,583891.517762366,5788614.35532696,1567,3672,True
5038,583891.7978738412,5788614.315548783,1567,3672,True
5039,583892.0779853165,5788614.275770606,1568,3672,True
5040,583892.3580967917,5788614.235992429,1568,3672,True
5041,583892.6382082669,5788614.196214251,1568,3673,False
5042,583893.0393475405,5788615.617489415,1569,3671,True
5043,583893.440486814,5788617.038764579,1569,3669,True
5044,583893.8416260877,5788618.460039742,1570,3667,True
5045,583894.2427653612,5788619.881314906,1571,3665,True
5046,583894.6439046348,5788621.30259007,1571,3663,True
5047,583895.0450439083,5788622.723865234,1572,3661,True
5048,583895.446183182,5788624.145140398,1572,3659,True
5049,583895.8473224555,5788625.566415562,1573,3657,True
5050,583896.248461729,5788626.987690725,1573,3655,True
5051,583896.6496010026,5788628.408965889,1574,3653,True
5052,583897.0507402762,5788629.830241053,1574,3651,True
5053,583897.4518795498,5788631.251516217,1575,3649,True
5054,583897.8530188233,5788632.672791381,1575,3648,True
5055,583898.2541580969,5788634.094066545,1576,3646,True
5056,583898.6552973705,5788635.515341708,1576,3644,True
5057,583899.056436644,5788636.936616872,1577,3642,True
5058,583899.4575759176,5788638.357892036,1578,3640,True
5059,583899.8587151911,5788639.7791672,1578,3638,True
5060,583900.2598544648,5788641.200442364,1579,3636,True
5061,583900.6609937383,5788642.621717528,1579,3634,True
5062,583901.0621330119,5788644.0429926915,1580,3632,True
5063,583901.4632722854,5788645.4642678555,1580,3630,True
5064,583901.8644115591,5788646.8855430195,1581,3628,True
5065,583902.2655508326,5788648.3068181835,1581,3626,True
5066,583902.6666901062,5788649.7280933475,1582,3624,True
5067,583903.0678293797,5788651.1493685115,1582,3622,True
5068,583903.4689686532,5788652.570643675,1583,3621,True
5069,583903.8701079269,5788653.991918839,1584,3619,True
5070,583904.2712472004,5788655.413194003,1584,3617,True
5071,583904.672386474,5788656.834469167,1585,3615,True
5072,583905.0735257475,5788658.255744331,1585,3613,True
5073,583905.4746650212,5788659.677019495,1586,3611,True
5074,583905.8758042947,5788661.098294658,1586,3609,True
5075,583906.2769435683,5788662.519569822,1587,3607,True
5076,583906.6780828418,5788663.940844986,1587,3605,True
5077,583907.0792221155,5788665.36212015,1588,3603,True
5078,583907.480361389,5788666.783395314,1588,3601,True
5079,583907.8815006625,5788668.204670478,1589,3599,True
5080,583908.2826399361,5788669.625945641,1590,3597,True
5081,583908.6837792097,5788671.047220805,1590,3596,True
5082,583909.0849184833,5788672.468495969,1591,3594,True
5083,583909.4860577568,5788673.889771133,1591,3592,True
5084,583909.8871970304,5788675.311046297,1592,3590,True
5085,583910.288336304,5788676.732321461,1592,3588,True
5086,583910.6894755776,5788678.153596624,1593,3586,True
5087,583911.0906148511,5788679.574871788,1593,3584,True
5088,583911.4917541246,5788680.996146952,1594,3582,True
5089,583911.8928933982,5788682.417422116,1594,3580,True
5090,583912.2940326718,5788683.83869728,1595,3578,True
5091,583912.6951719454,5788685.259972444,1596,3576,True
5092,583913.0963112189,5788686.681247607,1596,3574,True
5093,583913.4974504925,5788688.102522771,1597,3572,True
5094,583913.8985897661,5788689.523797935,1597,3570,True
5095,583914.2997290397,5788690.945073099,1598,3569,True
5096,583914.7008683132,5788692.366348263,1598,3567,True
5097,583915.1020075867,5788693.787623427,1599,3565,True
5098,583915.5031468604,5788695.20889859,1599,3563,True
5099,583915.9042861339,5788696.630173754,1600,3561,True
5100,583916.3054254075,5788698.051448918,1600,3559,True
5101,583916.706564681,5788699.472724082,1601,3557,True
5102,583917.1077039547,5788700.893999246,1601,3555,True
5103,583917.5088432282,5788702.31527441,1602,3553,True
5104,583917.9099825018,5788703.736549573,1603,3551,True
5105,583918.3111217753,5788705.157824737,1603,3549,True
5106,583918.712261049,5788706.579099901,1604,3547,True
5107,583919.1134003225,5788708.000375065,1604,3545,True
5108,583919.514539596,5788709.421650229,1605,3544,True
5109,583919.9156788696,5788710.842925393,1605,3542,True
5110,583920.3168181432,5788712.264200556,1606,3540,True
5111,583920.7179574168,5788713.68547572,1606,3538,True
5112,583921.1190966903,5788715.106750884,1607,3536,False
5113,583921.4859599977,5788716.466902389,1607,3534,True
5114,583921.8528233053,5788717.827053894,1608,3532,True
5115,583922.2196866127,5788719.187205399,1608,3530,True
5116,583922.5865499203,5788720.547356904,1609,3528,True
5117,583922.9534132277,5788721.907508409,1609,3527,True
5118,583923.3202765352,5788723.267659914,1610,3525,True
5119,583923.6871398427,5788724.627811419,1610,3523,True
5120,583924.0540031502,5788725.987962924,1611,3521,True
5121,583924.4208664576,5788727.348114429,1611,3519,True
5122,583924.7877297652,5788728.708265933,1612,3517,True
5123,583925.1545930726,5788730.068417438,1612,3516,True
5124,583925.5214563801,5788731.428568943,1613,3514,True
5125,583925.8883196876,5788732.7887204485,1613,3512,True
5126,583926.2551829951,5788734.148871954,1614,3510,True
5127,583926.6220463025,5788735.509023459,1614,3508,True
5128,583926.9889096101,5788736.869174964,1615,3506,True
5129,583927.3557729175,5788738.229326468,1615,3505,True
5130,583927.722636225,5788739.589477973,1616,3503,True
5131,583928.0894995325,5788740.949629478,1616,3501,True
5132,583928.45636284,5788742.309780983,1617,3499,True
5133,583928.8232261474,5788743.669932488,1617,3497,True
5134,583929.190089455,5788745.030083993,1618,3495,True
5135,583929.5569527624,5788746.390235498,1618,3493,True
5136,583929.92381607,5788747.750387003,1619,3492,True
5137,583930.2906793774,5788749.110538508,1619,3490,True
5138,583930.6575426849,5788750.470690013,1620,3488,True
5139,583931.0244059924,5788751.830841518,1620,3486,True
5140,583931.3912692999,5788753.190993023,1621,3484,True
5141,583931.7581326073,5788754.551144528,1621,3482,True
5142,583932.1249959149,5788755.911296032,1622,3481,True
5143,583932.4918592223,5788757.2714475375,1622,3479,True
5144,583932.8587225298,5788758.631599043,1623,3477,True
5145,583933.2255858373,5788759.991750548,1623,3475,True
5146,583933.5924491448,5788761.351902053,1624,3473,True
5147,583933.9593124522,5788762.712053558,1624,3471,True
5148,583934.3261757598,5788764.072205062,1625,3469,True
5149,583934.6930390672,5788765.432356567,1625,3468,True
5150,583935.0599023747,5788766.792508072,1626,3466,True
5151,583935.4267656822,5788768.152659577,1626,3464,True
5152,583935.7936289897,5788769.512811082,1627,3462,True
5153,583936.1604922971,5788770.8729625875,1627,3460,True
5154,583936.5273556047,5788772.233114092,1628,3458,True
5155,583936.8942189121,5788773.593265597,1628,3457,True
5156,583937.2610822197,5788774.953417102,1629,3455,True
5157,583937.6279455271,5788776.313568607,1629,3453,True
5158,583937.9948088346,5788777.673720112,1630,3451,True
5159,583938.361672142,5788779.033871617,1630,3449,True
5160,583938.7285354496,5788780.394023122,1631,3447,True
5161,583939.095398757,5788781.754174626,1631,3446,True
5162,583939.4622620646,5788783.1143261315,1632,3444,True
5163,583939.829125372,5788784.474477637,1632,3442,True
5164,583940.1959886795,5788785.834629142,1633,3440,True
5165,583940.562851987,5788787.194780647,1633,3438,True
5166,583940.9297152945,5788788.554932152,1634,3436,True
5167,583941.2965786019,5788789.915083656,1634,3434,True
5168,583941.6634419095,5788791.275235161,1635,3433,True
5169,583942.0303052169,5788792.635386666,1635,3431,True
5170,583942.3971685244,5788793.995538171,1636,3429,True
5171,583942.7640318319,5788795.3556896765,1636,3427,True
5172,583943.1308951394,5788796.715841182,1637,3425,True
5173,583943.4977584468,5788798.075992687,1637,3423,True
5174,583943.8646217544,5788799.436144191,1638,3422,True
5175,583944.2314850618,5788800.796295696,1638,3420,True
5176,583944.5983483694,5788802.156447201,1639,3418,True
5177,583944.9652116768,5788803.516598706,1639,3416,True
5178,583945.3320749843,5788804.876750211,1640,3414,True
5179,583945.6989382918,5788806.236901716,1640,3412,True
5180,583946.0658015993,5788807.5970532205,1641,3411,True
5181,583946.4326649067,5788808.957204726,1641,3409,True
5182,583946.7995282143,5788810.317356231,1642,3407,True
5183,583947.1663915217,5788811.677507736,1642,3405,False
5184,583947.5291477627,5788813.022140233,1643,3403,True
5185,583947.8919040038,5788814.36677273,1643,3401,True
5186,583948.2546602448,5788815.711405226,1644,3400,True
5187,583948.6174164859,5788817.056037723,1644,3398,True
5188,583948.9801727269,5788818.40067022,1645,3396,True
5189,583949.342928968,5788819.745302717,1645,3394,True
5190,583949.705685209,5788821.089935213,1646,3392,True
5191,583950.0684414501,5788822.43456771,1646,3390,True
5192,583950.4311976911,5788823.779200207,1647,3389,True
5193,583950.7939539322,5788825.1238327045,1647,3387,True
5194,583951.1567101732,5788826.468465202,1648,3385,True
5195,583951.5194664143,5788827.813097698,1648,3383,True
5196,583951.8822226553,5788829.157730195,1649,3381,True
5197,583952.2449788965,5788830.502362692,1649,3379,True
5198,583952.6077351375,5788831.846995189,1650,3378,True
5199,583952.9704913786,5788833.191627685,1650,3376,True
5200,583953.3332476196,5788834.536260182,1651,3374,True
5201,583953.6960038607,5788835.880892679,1651,3372,True
5202,583954.0587601017,5788837.225525176,1652,3370,True
5203,583954.4215163428,5788838.570157672,1652,3369,True
5204,583954.7842725838,5788839.914790169,1653,3367,True
5205,583955.1470288249,5788841.259422666,1653,3365,True
5206,583955.5097850659,5788842.604055163,1654,3363,True
5207,583955.8725413069,5788843.9486876605,1654,3361,True
5208,583956.235297548,5788845.293320157,1654,3359,True
5209,583956.598053789,5788846.637952654,1655,3358,True
5210,583956.9608100301,5788847.982585151,1655,3356,True
5211,583957.3235662711,5788849.327217648,1656,3354,True
5212,583957.6863225122,5788850.671850144,1656,3352,True
5213,583958.0490787532,5788852.016482641,1657,3350,True
5214,583958.4118349943,5788853.361115138,1657,3349,True
5215,583958.7745912353,5788854.705747635,1658,3347,True
5216,583959.1373474764,5788856.050380132,1658,3345,True
5217,583959.5001037174,5788857.395012628,1659,3343,True
5218,583959.8628599585,5788858.739645125,1659,3341,True
5219,583960.2256161995,5788860.084277622,1660,3339,True
5220,583960.5883724407,5788861.428910119,1660,3338,True
5221,583960.9511286817,5788862.773542616,1661,3336,True
5222,583961.3138849228,5788864.118175113,1661,3334,True
5223,583961.6766411638,5788865.46280761,1662,3332,True
5224,583962.0393974049,5788866.807440107,1662,3330,True
5225,583962.4021536459,5788868.152072604,1663,3328,True
5226,583962.764909887,5788869.4967051,1663,3327,True
5227,583963.127666128,5788870.841337597,1664,3325,True
5228,583963.4904223691,5788872.185970094,1664,3323,True
5229,583963.8531786101,5788873.530602591,1665,3321,True
5230,583964.2159348512,5788874.875235087,1665,3319,True
5231,583964.5786910922,5788876.219867584,1666,3318,True
5232,583964.9414473332,5788877.564500081,1666,3316,True
5233,583965.3042035743,5788878.909132578,1667,3314,True
5234,583965.6669598153,5788880.2537650755,1667,3312,True
5235,583966.0297160564,5788881.598397572,1668,3310,True
5236,583966.3924722974,5788882.943030069,1668,3308,True
5237,583966.7552285385,5788884.287662566,1669,3307,True
5238,583967.1179847795,5788885.632295063,1669,3305,True
5239,583967.4807410206,5788886.976927559,1670,3303,True
5240,583967.8434972616,5788888.321560056,1670,3301,True
5241,583968.2062535028,5788889.666192553,1671,3299,True
5242,583968.5690097437,5788891.01082505,1671,3298,True
5243,583968.9317659849,5788892.355457546,1672,3296,True
5244,583969.2945222259,5788893.700090043,1672,3294,True
5245,583969.657278467,5788895.04472254,1673,3292,True
5246,583970.020034708,5788896.389355037,1673,3290,True
5247,583970.3827909491,5788897.733987534,1674,3288,True
5248,583970.7455471901,5788899.078620031,1674,3287,True
5249,583971.1083034312,5788900.423252528,1675,3285,True
5250,583971.4710596722,5788901.767885025,1675,3283,True
5251,583971.8338159133,5788903.112517522,1676,3281,True
5252,583972.1965721543,5788904.457150018,1676,3279,True
5253,583972.5593283954,5788905.801782515,1677,3277,True
5254,583972.9220846364,5788907.146415012,1677,3276,False
5255,583973.291170988,5788908.52332339,1678,3274,True
5256,583973.6602573397,5788909.9002317665,1678,3272,True
5257,583974.0293436913,5788911.277140144,1679,3270,True
5258,583974.398430043,5788912.654048521,1679,3268,True
5259,583974.7675163946,5788914.030956899,1680,3266,True
5260,583975.1366027463,5788915.407865276,1680,3264,True
5261,583975.5056890979,5788916.784773653,1681,3263,True
5262,583975.8747754496,5788918.161682031,1681,3261,True
5263,583976.2438618012,5788919.538590408,1682,3259,True
5264,583976.6129481529,5788920.915498786,1682,3257,True
5265,583976.9820345045,5788922.2924071625,1683,3255,True
5266,583977.3511208562,5788923.66931554,1683,3253,True
5267,583977.7202072078,5788925.046223918,1684,3251,True
5268,583978.0892935595,5788926.423132295,1684,3250,True
5269,583978.4583799111,5788927.8000406725,1685,3248,True
5270,583978.8274662627,5788929.176949049,1685,3246,True
5271,583979.1965526144,5788930.553857427,1686,3244,True
5272,583979.565638966,5788931.930765804,1686,3242,True
5273,583979.9347253178,5788933.307674182,1687,3240,True
5274,583980.3038116693,5788934.684582559,1687,3238,True
5275,583980.6728980211,5788936.061490936,1688,3236,True
5276,583981.0419843727,5788937.438399314,1688,3235,True
5277,583981.4110707244,5788938.815307691,1689,3233,True
5278,583981.780157076,5788940.1922160685,1689,3231,True
5279,583982.1492434277,5788941.569124445,1690,3229,True
5280,583982.5183297793,5788942.946032823,1690,3227,True
5281,583982.887416131,5788944.322941201,1691,3225,True
5282,583983.2565024826,5788945.699849578,1691,3223,True
5283,583983.6255888342,5788947.076757955,1692,3222,True
5284,583983.9946751859,5788948.453666332,1692,3220,True
5285,583984.3637615375,5788949.83057471,1693,3218,True
5286,583984.7328478892,5788951.207483087,1693,3216,True
5287,583985.1019342408,5788952.5843914645,1694,3214,True
5288,583985.4710205925,5788953.961299842,1694,3212,True
5289,583985.8401069441,5788955.338208219,1695,3210,True
5290,583986.2091932958,5788956.715116597,1695,3209,True
5291,583986.5782796474,5788958.092024974,1696,3207,True
5292,583986.9473659991,5788959.468933351,1696,3205,True
5293,583987.3164523507,5788960.845841729,1697,3203,True
5294,583987.6855387024,5788962.222750106,1697,3201,True
5295,583988.054625054,5788963.599658484,1698,3199,True
5296,583988.4237114057,5788964.97656686,1698,3197,True
5297,583988.7927977573,5788966.353475238,1699,3195,True
5298,583989.1618841089,5788967.730383615,1699,3194,True
5299,583989.5309704606,5788969.107291993,1700,3192,True
5300,583989.9000568122,5788970.4842003705,1700,3190,True
5301,583990.2691431639,5788971.861108747,1701,3188,True
5302,583990.6382295155,5788973.238017125,1701,3186,True
5303,583991.0073158672,5788974.614925502,1702,3184,True
5304,583991.3764022188,5788975.99183388,1702,3182,True
5305,583991.7454885705,5788977.368742256,1703,3181,True
5306,583992.1145749221,5788978.745650634,1703,3179,True
5307,583992.4836612738,5788980.122559012,1704,3177,True
5308,583992.8527476254,5788981.499467389,1704,3175,True
5309,583993.2218339771,5788982.8763757665,1705,3173,True
5310,583993.5909203287,5788984.253284143,1705,3171,True
5311,583993.9600066803,5788985.630192521,1706,3169,True
5312,583994.329093032,5788987.007100898,1706,3167,True
5313,583994.6981793836,5788988.384009276,1707,3166,True
5314,583995.0672657354,5788989.760917653,1707,3164,True
5315,583995.436352087,5788991.13782603,1708,3162,True
5316,583995.8054384387,5788992.514734408,1708,3160,True
5317,583996.1745247903,5788993.891642785,1709,3158,True
5318,583996.543611142,5788995.268551162,1709,3156,True
5319,583996.9126974936,5788996.64545954,1710,3154,True
5320,583997.2817838453,5788998.022367917,1710,3153,True
5321,583997.6508701969,5788999.399276295,1711,3151,True
5322,583998.0199565486,5789000.776184672,1711,3149,True
5323,583998.3890429002,5789002.153093049,1712,3147,True
5324,583998.7581292519,5789003.530001426,1712,3145,True
5325,583999.1272156035,5789004.906909804,1713,3143,False
5326,583999.4930888262,5789006.266007443,1713,3141,True
5327,583999.8589620489,5789007.625105083,1714,3140,True
5328,584000.2248352716,5789008.984202722,1714,3138,True
5329,584000.5907084943,5789010.343300362,1715,3136,True
5330,584000.956581717,5789011.702398001,1715,3134,True
5331,584001.3224549397,5789013.061495641,1716,3132,True
5332,584001.6883281624,5789014.42059328,1716,3130,True
5333,584002.0542013851,5789015.77969092,1717,3129,True
5334,584002.420074608,5789017.1387885595,1717,3127,True
5335,584002.7859478306,5789018.4978861995,1718,3125,True
5336,584003.1518210534,5789019.856983839,1718,3123,True
5337,584003.5176942761,5789021.216081479,1719,3121,True
5338,584003.8835674988,5789022.575179118,1719,3119,True
5339,584004.2494407215,5789023.934276758,1720,3117,True
5340,584004.6153139442,5789025.293374397,1720,3116,True
5341,584004.9811871669,5789026.652472036,1721,3114,True
5342,584005.3470603896,5789028.011569676,1721,3112,True
5343,584005.7129336123,5789029.370667315,1722,3110,True
5344,584006.078806835,5789030.729764955,1722,3108,True
5345,584006.4446800577,5789032.088862594,1723,3106,True
5346,584006.8105532804,5789033.447960234,1723,3105,True
5347,584007.1764265031,5789034.807057873,1724,3103,True
5348,584007.5422997258,5789036.166155513,1724,3101,True
5349,584007.9081729485,5789037.5252531525,1724,3099,True
5350,584008.2740461712,5789038.8843507925,1725,3097,True
5351,584008.6399193939,5789040.243448432,1725,3095,True
5352,584009.0057926168,5789041.602546072,1726,3094,True
5353,584009.3716658395,5789042.961643711,1726,3092,True
5354,584009.7375390622,5789044.32074135,1727,3090,True
5355,584010.1034122849,5789045.67983899,1727,3088,True
5356,584010.4692855076,5789047.038936629,1728,3086,True
5357,584010.8351587303,5789048.398034269,1728,3084,True
5358,584011.201031953,5789049.757131908,1729,3082,True
5359,584011.5669051757,5789051.116229548,1729,3081,True
5360,584011.9327783984,5789052.475327187,1730,3079,True
5361,584012.2986516211,5789053.834424827,1730,3077,True
5362,584012.6645248438,5789055.193522466,1731,3075,True
5363,584013.0303980665,5789056.552620106,1731,3073,True
5364,584013.3962712892,5789057.9117177455,1732,3071,True
5365,584013.7621445119,5789059.2708153855,1732,3070,True
5366,584014.1280177346,5789060.629913025,1733,3068,True
5367,584014.4938909573,5789061.989010665,1733,3066,True
5368,584014.85976418,5789063.348108304,1734,3064,True
5369,584015.2256374027,5789064.707205943,1734,3062,True
5370,584015.5915106256,5789066.066303583,1735,3060,True
5371,584015.9573838483,5789067.425401222,1735,3059,True
5372,584016.323257071,5789068.784498862,1736,3057,True
5373,584016.6891302937,5789070.143596501,1736,3055,True
5374,584017.0550035164,5789071.502694141,1737,3053,True
5375,584017.4208767391,5789072.86179178,1737,3051,True
5376,584017.7867499618,5789074.22088942,1738,3049,True
5377,584018.1526231845,5789075.579987059,1738,3047,True
5378,584018.5184964072,5789076.939084699,1739,3046,True
5379,584018.8843696299,5789078.2981823385,1739,3044,True
5380,584019.2502428526,5789079.6572799785,1740,3042,True
5381,584019.6161160753,5789081.016377618,1740,3040,True
5382,584019.981989298,5789082.375475257,1741,3038,True
5383,584020.3478625207,5789083.734572897,1741,3036,True
5384,584020.7137357434,5789085.093670536,1742,3035,True
5385,584021.0796089661,5789086.452768176,1742,3033,True
5386,584021.4454821888,5789087.811865815,1743,3031,True
5387,584021.8113554115,5789089.170963455,1743,3029,True
5388,584022.1772286344,5789090.530061094,1744,3027,True
5389,584022.5431018571,5789091.889158734,1744,3025,True
5390,584022.9089750798,5789093.248256373,1745,3024,True
5391,584023.2748483025,5789094.607354013,1745,3022,True
5392,584023.6407215252,5789095.966451652,1746,3020,True
5393,584024.0065947479,5789097.325549292,1746,3018,True
5394,584024.3724679706,5789098.6846469315,1747,3016,True
5395,584024.7383411933,5789100.0437445715,1747,3014,True
5396,584025.104214416,5789101.402842211,1748,3013,False
5397,584025.4740556931,5789102.775938211,1748,3011,True
5398,584025.8438969703,5789104.149034212,1749,3009,True
5399,584026.2137382475,5789105.522130213,1749,3007,True
5400,584026.5835795247,5789106.895226214,1750,3005,True
5401,584026.9534208018,5789108.2683222145,1750,3003,True
5402,584027.3232620789,5789109.641418216,1751,3001,True
5403,584027.693103356,5789111.014514216,1751,2999,True
5404,584028.0629446333,5789112.387610217,1752,2998,True
5405,584028.4327859104,5789113.760706218,1752,2996,True
5406,584028.8026271876,5789115.133802218,1753,2994,True
5407,584029.1724684647,5789116.50689822,1753,2992,True
5408,584029.5423097418,5789117.87999422,1754,2990,True
5409,584029.9121510191,5789119.2530902205,1754,2988,True
5410,584030.2819922962,5789120.626186222,1755,2986,True
5411,584030.6518335734,5789121.999282222,1755,2985,True
5412,584031.0216748505,5789123.372378224,1756,2983,True
5413,584031.3915161276,5789124.745474224,1756,2981,True
5414,584031.7613574049,5789126.118570225,1757,2979,True
5415,584032.131198682,5789127.491666226,1757,2977,True
5416,584032.5010399591,5789128.864762226,1758,2975,True
5417,584032.8708812363,5789130.237858227,1758,2973,True
5418,584033.2407225134,5789131.610954228,1759,2972,True
5419,584033.6105637907,5789132.984050229,1759,2970,True
5420,584033.9804050678,5789134.35714623,1760,2968,True
5421,584034.3502463449,5789135.730242231,1760,2966,True
5422,584034.7200876221,5789137.103338231,1761,2964,True
5423,584035.0899288992,5789138.476434232,1761,2962,True
5424,584035.4597701764,5789139.849530233,1762,2960,True
5425,584035.8296114536,5789141.2226262335,1762,2959,True
5426,584036.1994527307,5789142.595722235,1763,2957,True
5427,584036.5692940078,5789143.968818235,1763,2955,True
5428,584036.939135285,5789145.341914237,1764,2953,True
5429,584037.3089765622,5789146.715010237,1764,2951,True
5430,584037.6788178394,5789148.088106237,1765,2949,True
5431,584038.0486591165,5789149.461202239,1765,2947,True
5432,584038.4185003936,5789150.834298239,1766,2946,True
5433,584038.7883416708,5789152.20739424,1766,2944,True
5434,584039.1581829479,5789153.580490241,1767,2942,True
5435,584039.5280242251,5789154.953586241,1767,2940,True
5436,584039.8978655023,5789156.326682243,1768,2938,True
5437,584040.2677067794,5789157.699778243,1768,2936,True
5438,584040.6375480565,5789159.072874244,1769,2934,True
5439,584041.0073893337,5789160.445970245,1769,2933,True
5440,584041.3772306109,5789161.819066246,1770,2931,True
5441,584041.7470718881,5789163.192162246,1770,2929,True
5442,584042.1169131652,5789164.565258247,1771,2927,True
5443,584042.4867544423,5789165.938354248,1771,2925,True
5444,584042.8565957195,5789167.311450249,1772,2923,True
5445,584043.2264369967,5789168.68454625,1772,2921,True
5446,584043.5962782738,5789170.05764225,1773,2919,True
5447,584043.966119551,5789171.430738252,1773,2918,True
5448,584044.3359608281,5789172.803834252,1774,2916,True
5449,584044.7058021053,5789174.176930252,1774,2914,True
5450,584045.0756433825,5789175.550026254,1775,2912,True
5451,584045.4454846596,5789176.923122254,1775,2910,True
5452,584045.8153259368,5789178.296218256,1776,2908,True
5453,584046.1851672139,5789179.669314256,1776,2906,True
5454,584046.555008491,5789181.042410257,1777,2905,True
5455,584046.9248497683,5789182.415506258,1777,2903,True
5456,584047.2946910454,5789183.788602258,1778,2901,True
5457,584047.6645323226,5789185.161698259,1778,2899,True
5458,584048.0343735997,5789186.53479426,1779,2897,True
5459,584048.4042148768,5789187.907890261,1779,2895,True
5460,584048.7740561541,5789189.280986262,1780,2893,True
5461,584049.1438974312,5789190.654082262,1780,2892,True
5462,584049.5137387083,5789192.027178263,1781,2890,True
5463,584049.8835799855,5789193.400274264,1781,2888,True
5464,584050.2534212626,5789194.773370265,1782,2886,True
5465,584050.6232625399,5789196.146466265,1782,2884,True
5466,584050.993103817,5789197.519562267,1783,2882,True
5467,584051.3629450941,5789198.892658267,1783,2880,False
5468,584051.7247640004,5789200.236980164,1784,2879,True
5469,584052.0865829065,5789201.581302062,1784,2877,True
5470,584052.4484018128,5789202.925623959,1785,2875,True
5471,584052.810220719,5789204.269945855,1785,2873,True
5472,584053.1720396252,5789205.6142677525,1786,2871,True
5473,584053.5338585314,5789206.95858965,1786,2870,True
5474,584053.8956774377,5789208.302911547,1787,2868,True
5475,584054.2574963439,5789209.647233444,1787,2866,True
5476,584054.6193152501,5789210.9915553415,1788,2864,True
5477,584054.9811341563,5789212.335877239,1788,2862,True
5478,584055.3429530625,5789213.680199135,1789,2860,True
5479,584055.7047719688,5789215.024521032,1789,2859,True
5480,584056.0665908749,5789216.36884293,1790,2857,True
5481,584056.4284097812,5789217.713164827,1790,2855,True
5482,584056.7902286873,5789219.057486724,1791,2853,True
5483,584057.1520475936,5789220.401808621,1791,2851,True
5484,584057.5138664999,5789221.746130519,1792,2849,True
5485,584057.875685406,5789223.090452415,1792,2848,True
5486,584058.2375043123,5789224.434774312,1793,2846,True
5487,584058.5993232185,5789225.779096209,1793,2844,True
5488,584058.9611421247,5789227.123418107,1794,2842,True
5489,584059.3229610309,5789228.467740004,1794,2840,True
5490,584059.6847799371,5789229.812061901,1795,2839,True
5491,584060.0465988434,5789231.156383798,1795,2837,True
5492,584060.4084177496,5789232.500705695,1796,2835,True
5493,584060.7702366558,5789233.845027592,1796,2833,True
5494,584061.132055562,5789235.189349489,1797,2831,True
5495,584061.4938744683,5789236.533671387,1797,2829,True
5496,584061.8556933744,5789237.877993284,1798,2828,True
5497,584062.2175122807,5789239.222315181,1798,2826,True
5498,584062.5793311868,5789240.566637078,1799,2824,True
5499,584062.9411500931,5789241.910958975,1799,2822,True
5500,584063.3029689994,5789243.255280872,1800,2820,True
5501,584063.6647879055,5789244.599602769,1800,2819,True
5502,584064.0266068118,5789245.943924666,1801,2817,True
5503,584064.388425718,5789247.288246564,1801,2815,True
5504,584064.7502446242,5789248.632568461,1802,2813,True
5505,584065.1120635304,5789249.976890358,1802,2811,True
5506,584065.4738824366,5789251.321212255,1802,2809,True
5507,584065.8357013429,5789252.665534152,1803,2808,True
5508,584066.197520249,5789254.009856049,1803,2806,True
5509,584066.5593391553,5789255.354177946,1804,2804,True
5510,584066.9211580615,5789256.6984998435,1804,2802,True
5511,584067.2829769677,5789258.042821741,1805,2800,True
5512,584067.6447958739,5789259.387143638,1805,2798,True
5513,584068.0066147802,5789260.731465535,1806,2797,True
5514,584068.3684336863,5789262.075787432,1806,2795,True
5515,584068.7302525926,5789263.420109329,1807,2793,True
5516,584069.0920714989,5789264.764431226,1807,2791,True
5517,584069.453890405,5789266.108753123,1808,2789,True
5518,584069.8157093113,5789267.453075021,1808,2788,True
5519,584070.1775282174,5789268.797396918,1809,2786,True
5520,584070.5393471237,5789270.141718815,1809,2784,True
5521,584070.9011660299,5789271.486040711,1810,2782,True
5522,584071.2629849361,5789272.830362609,1810,2780,True
5523,584071.6248038424,5789274.174684506,1811,2778,True
5524,584071.9866227485,5789275.519006403,1811,2777,True
5525,584072.3484416548,5789276.8633283,1812,2775,True
5526,584072.710260561,5789278.207650198,1812,2773,True
5527,584073.0720794672,5789279.551972095,1813,2771,True
5528,584073.4338983734,5789280.896293991,1813,2769,True
5529,584073.7957172797,5789282.2406158885,1814,2768,True
5530,584074.1575361858,5789283.584937786,1814,2766,True
5531,584074.5193550921,5789284.929259683,1815,2764,True
5532,584074.8811739984,5789286.27358158,1815,2762,True
5533,584075.2429929045,5789287.6179034775,1816,2760,True
5534,584075.6048118108,5789288.962225375,1816,2758,True
5535,584075.9666307169,5789290.306547271,1817,2757,True
5536,584076.3284496232,5789291.650869168,1817,2755,True
5537,584076.6902685293,5789292.995191066,1818,2753,True
5538,584077.0520874356,5789294.339512963,1818,2751,False
5539,584077.4240307118,5789295.716001325,1819,2749,True
5540,584077.7959739879,5789297.092489688,1819,2747,True
5541,584078.1679172639,5789298.46897805,1820,2746,True
5542,584078.5398605401,5789299.845466413,1820,2744,True
5543,584078.9118038162,5789301.221954775,1821,2742,True
5544,584079.2837470924,5789302.5984431375,1821,2740,True
5545,584079.6556903685,5789303.9749315,1822,2738,True
5546,584080.0276336446,5789305.351419862,1822,2736,True
5547,584080.3995769207,5789306.727908226,1823,2734,True
5548,584080.7715201968,5789308.104396588,1823,2732,True
5549,584081.143463473,5789309.480884951,1824,2731,True
5550,584081.5154067491,5789310.857373313,1824,2729,True
5551,584081.8873500252,5789312.2338616755,1825,2727,True
5552,584082.2592933013,5789313.610350038,1825,2725,True
5553,584082.6312365774,5789314.9868384,1826,2723,True
5554,584083.0031798535,5789316.363326763,1826,2721,True
5555,584083.3751231297,5789317.739815125,1827,2719,True
5556,584083.7470664058,5789319.116303488,1827,2718,True
5557,584084.119009682,5789320.49279185,1828,2716,True
5558,584084.490952958,5789321.869280213,1828,2714,True
5559,584084.8628962341,5789323.245768575,1829,2712,True
5560,584085.2348395103,5789324.622256937,1829,2710,True
5561,584085.6067827864,5789325.9987453,1830,2708,True
5562,584085.9787260626,5789327.375233662,1830,2706,True
5563,584086.3506693386,5789328.751722025,1831,2705,True
5564,584086.7226126147,5789330.128210387,1831,2703,True
5565,584087.0945558909,5789331.504698751,1832,2701,True
5566,584087.466499167,5789332.881187113,1832,2699,True
5567,584087.8384424432,5789334.257675475,1833,2697,True
5568,584088.2103857193,5789335.634163838,1833,2695,True
5569,584088.5823289953,5789337.0106522,1834,2693,True
5570,584088.9542722715,5789338.387140563,1834,2691,True
5571,584089.3262155476,5789339.763628925,1835,2690,True
5572,584089.6981588238,5789341.140117288,1835,2688,True
5573,584090.0701020999,5789342.51660565,1836,2686,True
5574,584090.4420453759,5789343.8930940125,1836,2684,True
5575,584090.8139886521,5789345.269582375,1837,2682,True
5576,584091.1859319282,5789346.646070737,1837,2680,True
5577,584091.5578752044,5789348.0225591,1838,2678,True
5578,584091.9298184805,5789349.399047462,1838,2677,True
5579,584092.3017617565,5789350.775535825,1839,2675,True
5580,584092.6737050327,5789352.152024187,1839,2673,True
5581,584093.0456483088,5789353.52851255,1840,2671,True
5582,584093.417591585,5789354.905000912,1840,2669,True
5583,584093.7895348611,5789356.281489275,1841,2667,True
5584,584094.1614781372,5789357.657977638,1841,2665,True
5585,584094.5334214133,5789359.034466,1842,2663,True
5586,584094.9053646894,5789360.410954363,1842,2662,True
5587,584095.2773079656,5789361.787442725,1843,2660,True
5588,584095.6492512417,5789363.163931088,1843,2658,True
5589,584096.0211945178,5789364.54041945,1844,2656,True
5590,584096.3931377939,5789365.9169078125,1844,2654,True
5591,584096.76508107,5789367.293396175,1845,2652,True
5592,584097.1370243462,5789368.669884537,1845,2650,True
5593,584097.5089676223,5789370.0463729,1846,2649,True
5594,584097.8809108984,5789371.422861262,1846,2647,True
5595,584098.2528541746,5789372.799349625,1847,2645,True
5596,584098.6247974506,5789374.175837987,1847,2643,True
5597,584098.9967407268,5789375.55232635,1848,2641,True
5598,584099.3686840029,5789376.928814712,1848,2639,True
5599,584099.740627279,5789378.305303074,1849,2637,True
5600,584100.1125705552,5789379.681791437,1849,2636,True
5601,584100.4845138312,5789381.0582798,1850,2634,True
5602,584100.8564571074,5789382.434768163,1850,2632,True
5603,584101.2284003835,5789383.811256525,1851,2630,True
5604,584101.6003436596,5789385.187744888,1851,2628,True
5605,584101.9722869358,5789386.56423325,1852,2626,True
5606,584102.3442302119,5789387.940721612,1852,2624,True
5607,584102.716173488,5789389.317209975,1853,2622,True
5608,584103.0881167641,5789390.693698337,1853,2621,True
5609,584103.4600600402,5789392.0701867,1854,2619,False
5610,584103.8266579852,5789393.431744261,1854,2617,True
5611,584104.1932559302,5789394.793301821,1855,2615,True
5612,584104.5598538751,5789396.154859382,1855,2613,True
5613,584104.9264518201,5789397.516416942,1856,2611,True
5614,584105.293049765,5789398.877974503,1856,2610,True
5615,584105.65964771,5789400.239532064,1857,2608,True
5616,584106.0262456549,5789401.601089624,1857,2606,True
5617,584106.3928435999,5789402.962647185,1858,2604,True
5618,584106.7594415449,5789404.324204746,1858,2602,True
5619,584107.1260394899,5789405.685762306,1859,2600,True
5620,584107.4926374349,5789407.047319867,1859,2598,True
5621,584107.8592353797,5789408.408877427,1860,2597,True
5622,584108.2258333247,5789409.770434988,1860,2595,True
5623,584108.5924312697,5789411.131992549,1861,2593,True
5624,584108.9590292147,5789412.493550109,1861,2591,True
5625,584109.3256271596,5789413.85510767,1862,2589,True
5626,584109.6922251045,5789415.216665231,1862,2587,True
5627,584110.0588230495,5789416.578222791,1863,2586,True
5628,584110.4254209945,5789417.939780352,1863,2584,True
5629,584110.7920189394,5789419.301337912,1864,2582,True
5630,584111.1586168844,5789420.662895473,1864,2580,True
5631,584111.5252148294,5789422.024453034,1865,2578,True
5632,584111.8918127744,5789423.386010594,1865,2576,True
5633,584112.2584107193,5789424.747568155,1866,2574,True
5634,584112.6250086642,5789426.109125715,1866,2573,True
5635,584112.9916066092,5789427.470683276,1867,2571,True
5636,584113.3582045542,5789428.832240837,1867,2569,True
5637,584113.7248024992,5789430.193798397,1868,2567,True
5638,584114.091400444,5789431.555355958,1868,2565,True
5639,584114.457998389,5789432.916913519,1869,2563,True
5640,584114.824596334,5789434.278471079,1869,2562,True
5641,584115.191194279,5789435.64002864,1870,2560,True
5642,584115.557792224,5789437.0015862,1870,2558,True
5643,584115.9243901689,5789438.363143761,1871,2556,True
5644,584116.2909881138,5789439.724701322,1871,2554,True
5645,584116.6575860588,5789441.086258882,1872,2552,True
5646,584117.0241840038,5789442.447816443,1872,2550,True
5647,584117.3907819487,5789443.809374004,1873,2549,True
5648,584117.7573798937,5789445.170931564,1873,2547,True
5649,584118.1239778387,5789446.532489125,1874,2545,True
5650,584118.4905757837,5789447.894046685,1874,2543,True
5651,584118.8571737286,5789449.255604246,1875,2541,True
5652,584119.2237716735,5789450.617161807,1875,2539,True
5653,584119.5903696185,5789451.978719367,1876,2538,True
5654,584119.9569675635,5789453.340276928,1876,2536,True
5655,584120.3235655085,5789454.701834489,1877,2534,True
5656,584120.6901634533,5789456.063392049,1877,2532,True
5657,584121.0567613983,5789457.42494961,1878,2530,True
5658,584121.4233593433,5789458.78650717,1878,2528,True
5659,584121.7899572883,5789460.148064731,1879,2527,True
5660,584122.1565552333,5789461.509622292,1879,2525,True
5661,584122.5231531782,5789462.871179852,1880,2523,True
5662,584122.8897511231,5789464.232737413,1880,2521,True
5663,584123.2563490681,5789465.594294973,1881,2519,True
5664,584123.6229470131,5789466.955852534,1881,2517,True
5665,584123.989544958,5789468.317410095,1882,2515,True
5666,584124.356142903,5789469.678967655,1882,2514,True
5667,584124.722740848,5789471.040525216,1883,2512,True
5668,584125.089338793,5789472.402082777,1883,2510,True
5669,584125.4559367378,5789473.763640337,1884,2508,True
5670,584125.8225346828,5789475.125197898,1884,2506,True
5671,584126.1891326278,5789476.486755458,1885,2504,True
5672,584126.5557305728,5789477.848313019,1885,2503,True
5673,584126.9223285178,5789479.20987058,1886,2501,True
5674,584127.2889264626,5789480.57142814,1886,2499,True
5675,584127.6555244076,5789481.932985701,1887,2497,True
5676,584128.0221223526,5789483.294543262,1887,2495,True
5677,584128.3887202976,5789484.656100822,1888,2493,True
5678,584128.7553182425,5789486.017658383,1888,2491,True
5679,584129.1219161875,5789487.379215943,1889,2490,True
5680,584129.4885141324,5789488.740773504,1889,2488,False
5681,584129.8555812179,5789490.106824792,1890,2486,True
5682,584130.2226483033,5789491.472876079,1890,2484,True
5683,584130.5897153887,5789492.838927368,1891,2482,True
5684,584130.9567824741,5789494.204978656,1891,2480,True
5685,584131.3238495595,5789495.571029943,1892,2479,True
5686,584131.6909166449,5789496.937081232,1892,2477,True
5687,584132.0579837303,5789498.30313252,1893,2475,True
5688,584132.4250508157,5789499.669183807,1893,2473,True
5689,584132.7921179011,5789501.035235096,1894,2471,True
5690,584133.1591849865,5789502.401286384,1894,2469,True
5691,584133.526252072,5789503.7673376715,1895,2467,True
5692,584133.8933191573,5789505.13338896,1895,2466,True
5693,584134.2603862428,5789506.499440248,1896,2464,True
5694,584134.6274533281,5789507.8654915355,1896,2462,True
5695,584134.9945204136,5789509.231542824,1897,2460,True
5696,584135.3615874989,5789510.597594112,1897,2458,True
5697,584135.7286545844,5789511.9636454,1898,2456,True
5698,584136.0957216697,5789513.329696688,1898,2454,True
5699,584136.4627887552,5789514.695747976,1899,2453,True
5700,584136.8298558405,5789516.061799264,1899,2451,True
5701,584137.196922926,5789517.427850552,1900,2449,True
5702,584137.5639900113,5789518.79390184,1900,2447,True
5703,584137.9310570968,5789520.159953128,1901,2445,True
5704,584138.2981241822,5789521.526004416,1901,2443,True
5705,584138.6651912676,5789522.892055704,1902,2442,True
5706,584139.032258353,5789524.258106992,1902,2440,True
5707,584139.3993254384,5789525.62415828,1903,2438,True
5708,584139.7663925238,5789526.990209568,1903,2436,True
5709,584140.1334596092,5789528.356260856,1904,2434,True
5710,584140.5005266946,5789529.722312144,1904,2432,True
5711,584140.86759378,5789531.088363432,1905,2430,True
5712,584141.2346608654,5789532.45441472,1905,2429,True
5713,584141.6017279509,5789533.820466008,1906,2427,True
5714,584141.9687950362,5789535.186517296,1906,2425,True
5715,584142.3358621217,5789536.552568584,1907,2423,True
5716,584142.702929207,5789537.918619872,1907,2421,True
5717,584143.0699962925,5789539.284671159,1908,2419,True
5718,584143.4370633778,5789540.650722448,1908,2417,True
5719,584143.8041304633,5789542.016773736,1909,2416,True
5720,584144.1711975486,5789543.3828250235,1909,2414,True
5721,584144.5382646341,5789544.748876312,1910,2412,True
5722,584144.9053317194,5789546.1149276,1910,2410,True
5723,584145.2723988049,5789547.4809788875,1911,2408,True
5724,584145.6394658902,5789548.847030176,1911,2406,True
5725,584146.0065329757,5789550.213081464,1912,2404,True
5726,584146.373600061,5789551.579132752,1912,2403,True
5727,584146.7406671465,5789552.94518404,1913,2401,True
5728,584147.1077342319,5789554.311235328,1913,2399,True
5729,584147.4748013173,5789555.677286616,1914,2397,True
5730,584147.8418684027,5789557.043337904,1914,2395,True
5731,584148.2089354881,5789558.409389192,1915,2393,True
5732,584148.5760025735,5789559.77544048,1915,2392,True
5733,584148.9430696589,5789561.141491768,1916,2390,True
5734,584149.3101367443,5789562.507543056,1916,2388,True
5735,584149.6772038297,5789563.873594344,1917,2386,True
5736,584150.0442709151,5789565.239645632,1917,2384,True
5737,584150.4113380006,5789566.60569692,1918,2382,True
5738,584150.7784050859,5789567.971748208,1918,2380,True
5739,584151.1454721714,5789569.337799496,1919,2379,True
5740,584151.5125392567,5789570.703850784,1919,2377,True
5741,584151.8796063422,5789572.069902072,1920,2375,True
5742,584152.2466734275,5789573.43595336,1920,2373,True
5743,584152.613740513,5789574.802004648,1921,2371,True
5744,584152.9808075983,5789576.168055936,1921,2369,True
5745,584153.3478746838,5789577.534107224,1922,2367,True
5746,584153.7149417691,5789578.900158512,1922,2366,True
5747,584154.0820088546,5789580.2662098,1923,2364,True
5748,584154.44907594,5789581.632261088,1923,2362,True
5749,584154.8161430254,5789582.998312376,1924,2360,True
5750,584155.1832101108,5789584.364363664,1924,2358,True
5751,584155.5502771962,5789585.730414952,1925,2356,False
5752,584155.9194541276,5789587.095590636,1925,2355,True
5753,584156.2886310589,5789588.46076632,1926,2353,True
5754,584156.6578079902,5789589.825942004,1926,2351,True
5755,584157.0269849215,5789591.191117688,1927,2349,True
5756,584157.3961618529,5789592.556293372,1927,2347,True
5757,584157.7653387842,5789593.921469056,1928,2345,True
5758,584158.1345157155,5789595.28664474,1928,2343,True
5759,584158.503692647,5789596.651820424,1929,2342,True
5760,584158.8728695783,5789598.016996108,1929,2340,True
5761,584159.2420465096,5789599.382171792,1930,2338,True
5762,584159.611223441,5789600.747347476,1930,2336,True
5763,584159.9804003723,5789602.11252316,1931,2334,True
5764,584160.3495773036,5789603.477698844,1931,2332,True
5765,584160.718754235,5789604.842874528,1932,2330,True
5766,584161.0879311663,5789606.208050212,1932,2329,True
5767,584161.4571080976,5789607.573225896,1933,2327,True
5768,584161.826285029,5789608.93840158,1933,2325,True
5769,584162.1954619603,5789610.303577264,1934,2323,True
5770,584162.5646388916,5789611.668752948,1934,2321,True
5771,584162.9338158229,5789613.033928632,1935,2319,True
5772,584163.3029927543,5789614.399104316,1935,2318,True
5773,584163.6721696857,5789615.76428,1936,2316,True
5774,584164.041346617,5789617.129455684,1936,2314,True
5775,584164.4105235484,5789618.494631368,1937,2312,True
5776,584164.7797004797,5789619.859807052,1937,2310,True
5777,584165.148877411,5789621.224982736,1938,2308,True
5778,584165.5180543424,5789622.59015842,1938,2306,True
5779,584165.8872312737,5789623.955334104,1939,2305,True
5780,584166.256408205,5789625.320509788,1939,2303,True
5781,584166.6255851364,5789626.685685472,1940,2301,True
5782,584166.9947620677,5789628.050861156,1940,2299,True
5783,584167.363938999,5789629.41603684,1941,2297,True
5784,584167.7331159303,5789630.781212524,1941,2295,True
5785,584168.1022928617,5789632.146388208,1942,2293,True
5786,584168.471469793,5789633.511563892,1942,2292,True
5787,584168.8406467244,5789634.876739576,1943,2290,True
5788,584169.2098236558,5789636.24191526,1943,2288,True
5789,584169.5790005871,5789637.607090944,1944,2286,True
5790,584169.9481775184,5789638.972266628,1944,2284,True
5791,584170.3173544498,5789640.337442312,1945,2282,True
5792,584170.6865313811,5789641.702617996,1945,2281,True
5793,584171.0557083124,5789643.06779368,1946,2279,True
5794,584171.4248852438,5789644.432969364,1946,2277,True
5795,584171.7940621751,5789645.798145048,1947,2275,True
5796,584172.1632391064,5789647.163320732,1947,2273,True
5797,584172.5324160377,5789648.528496416,1948,2271,True
5798,584172.9015929691,5789649.8936721,1948,2269,True
5799,584173.2707699004,5789651.258847784,1949,2268,True
5800,584173.6399468317,5789652.624023468,1949,2266,True
5801,584174.0091237632,5789653.989199152,1950,2264,True
5802,584174.3783006945,5789655.354374836,1950,2262,True
5803,584174.7474776258,5789656.71955052,1951,2260,True
5804,584175.1166545572,5789658.084726204,1951,2258,True
5805,584175.4858314885,5789659.449901888,1952,2257,True
5806,584175.8550084198,5789660.815077572,1952,2255,True
5807,584176.2241853512,5789662.180253256,1953,2253,True
5808,584176.5933622825,5789663.54542894,1953,2251,True
5809,584176.9625392138,5789664.910604624,1954,2249,True
5810,584177.3317161452,5789666.275780308,1954,2247,True
5811,584177.7008930765,5789667.640955992,1955,2245,True
5812,584178.0700700078,5789669.006131676,1955,2244,True
5813,584178.4392469391,5789670.37130736,1956,2242,True
5814,584178.8084238705,5789671.736483044,1956,2240,True
5815,584179.1776008019,5789673.101658728,1957,2238,True
5816,584179.5467777333,5789674.466834412,1957,2236,True
5817,584179.9159546646,5789675.832010096,1958,2234,True
5818,584180.2851315959,5789677.19718578,1958,2232,True
5819,584180.6543085272,5789678.562361464,1959,2231,True
5820,584181.0234854586,5789679.927537148,1959,2229,True
5821,584181.3926623899,5789681.292712832,1960,2227,True
5822,584181.7618393212,5789682.657888516,1960,2225,False
5823,584182.1312024524,5789684.023766356,1961,2223,True
5824,584182.5005655835,5789685.389644194,1961,2221,True
5825,584182.8699287146,5789686.755522034,1962,2220,True
5826,584183.2392918458,5789688.121399873,1962,2218,True
5827,584183.6086549769,5789689.487277713,1963,2216,True
5828,584183.978018108,5789690.8531555515,1963,2214,True
5829,584184.3473812392,5789692.219033391,1964,2212,True
5830,584184.7167443703,5789693.58491123,1964,2210,True
5831,584185.0861075014,5789694.95078907,1965,2208,True
5832,584185.4554706325,5789696.316666909,1965,2207,True
5833,584185.8248337638,5789697.682544748,1966,2205,True
5834,584186.1941968949,5789699.048422587,1966,2203,True
5835,584186.563560026,5789700.414300427,1967,2201,True
5836,584186.9329231571,5789701.780178266,1967,2199,True
5837,584187.3022862882,5789703.146056105,1968,2197,True
5838,584187.6716494194,5789704.511933944,1968,2195,True
5839,584188.0410125505,5789705.877811784,1969,2194,True
5840,584188.4103756817,5789707.243689623,1969,2192,True
5841,584188.7797388128,5789708.6095674625,1970,2190,True
5842,584189.1491019439,5789709.975445301,1970,2188,True
5843,584189.5184650751,5789711.341323141,1971,2186,True
5844,584189.8878282062,5789712.70720098,1971,2184,True
5845,584190.2571913373,5789714.07307882,1972,2183,True
5846,584190.6265544684,5789715.438956658,1972,2181,True
5847,584190.9959175996,5789716.804834498,1973,2179,True
5848,584191.3652807308,5789718.170712337,1973,2177,True
5849,584191.7346438619,5789719.536590177,1974,2175,True
5850,584192.104006993,5789720.902468015,1974,2173,True
5851,584192.4733701241,5789722.268345855,1975,2171,True
5852,584192.8427332552,5789723.634223694,1975,2170,True
5853,584193.2120963864,5789725.000101534,1976,2168,True
5854,584193.5814595176,5789726.3659793725,1976,2166,True
5855,584193.9508226487,5789727.731857212,1977,2164,True
5856,584194.3201857798,5789729.097735051,1977,2162,True
5857,584194.689548911,5789730.463612891,1978,2160,True
5858,584195.0589120421,5789731.82949073,1978,2158,True
5859,584195.4282751732,5789733.195368569,1979,2157,True
5860,584195.7976383043,5789734.561246408,1979,2155,True
5861,584196.1670014354,5789735.927124248,1980,2153,True
5862,584196.5363645667,5789737.293002087,1980,2151,True
5863,584196.9057276978,5789738.658879926,1981,2149,True
5864,584197.2750908289,5789740.024757765,1981,2147,True
5865,584197.64445396,5789741.390635605,1982,2146,True
5866,584198.0138170911,5789742.756513444,1982,2144,True
5867,584198.3831802222,5789744.1223912835,1983,2142,True
5868,584198.7525433534,5789745.488269122,1983,2140,True
5869,584199.1219064846,5789746.854146962,1984,2138,True
5870,584199.4912696157,5789748.220024801,1984,2136,True
5871,584199.8606327468,5789749.585902641,1985,2134,True
5872,584200.229995878,5789750.951780479,1985,2133,True
5873,584200.5993590091,5789752.317658319,1986,2131,True
5874,584200.9687221402,5789753.683536158,1986,2129,True
5875,584201.3380852713,5789755.049413998,1987,2127,True
5876,584201.7074484025,5789756.4152918365,1987,2125,True
5877,584202.0768115337,5789757.781169676,1988,2123,True
5878,584202.4461746648,5789759.147047515,1988,2121,True
5879,584202.8155377959,5789760.512925355,1989,2120,True
5880,584203.184900927,5789761.878803194,1989,2118,True
5881,584203.5542640581,5789763.244681033,1990,2116,True
5882,584203.9236271892,5789764.610558872,1990,2114,True
5883,584204.2929903205,5789765.976436712,1991,2112,True
5884,584204.6623534516,5789767.342314551,1991,2110,True
5885,584205.0317165827,5789768.70819239,1992,2108,True
5886,584205.4010797138,5789770.074070229,1992,2107,True
5887,584205.770442845,5789771.439948069,1993,2105,True
5888,584206.1398059761,5789772.805825908,1993,2103,True
5889,584206.5091691072,5789774.1717037475,1994,2101,True
5890,584206.8785322384,5789775.537581586,1994,2099,True
5891,584207.2478953695,5789776.903459426,1995,2097,True
5892,584207.6172585007,5789778.269337265,1995,2096,True
5893,584207.9866216318,5789779.635215105,1996,2094,False
5894,584208.3475760061,5789780.987284999,1996,2092,True
5895,584208.7085303804,5789782.339354894,1997,2090,True
5896,584209.0694847547,5789783.691424789,1997,2088,True
5897,584209.430439129,5789785.043494684,1998,2086,True
5898,584209.7913935033,5789786.395564579,1998,2085,True
5899,584210.1523478777,5789787.747634474,1998,2083,True
5900,584210.513302252,5789789.099704369,1999,2081,True
5901,584210.8742566264,5789790.451774264,1999,2079,True
5902,584211.2352110007,5789791.803844159,2000,2077,True
5903,584211.596165375,5789793.155914053,2000,2075,True
5904,584211.9571197493,5789794.507983948,2001,2074,True
5905,584212.3180741236,5789795.860053843,2001,2072,True
5906,584212.6790284979,5789797.212123738,2002,2070,True
5907,584213.0399828722,5789798.564193633,2002,2068,True
5908,584213.4009372465,5789799.916263528,2003,2066,True
5909,584213.7618916208,5789801.268333423,2003,2064,True
5910,584214.1228459951,5789802.620403318,2004,2063,True
5911,584214.4838003695,5789803.9724732125,2004,2061,True
5912,584214.8447547439,5789805.324543107,2005,2059,True
5913,584215.2057091182,5789806.676613002,2005,2057,True
5914,584215.5666634925,5789808.028682897,2006,2055,True
5915,584215.9276178668,5789809.380752792,2006,2053,True
5916,584216.2885722411,5789810.732822687,2007,2052,True
5917,584216.6495266154,5789812.084892582,2007,2050,True
5918,584217.0104809897,5789813.436962477,2008,2048,True
5919,584217.371435364,5789814.789032372,2008,2046,True
5920,584217.7323897383,5789816.1411022665,2009,2044,True
5921,584218.0933441126,5789817.493172161,2009,2042,True
5922,584218.4542984869,5789818.845242056,2010,2041,True
5923,584218.8152528614,5789820.197311951,2010,2039,True
5924,584219.1762072357,5789821.549381846,2011,2037,True
5925,584219.53716161,5789822.901451741,2011,2035,True
5926,584219.8981159843,5789824.253521636,2012,2033,True
5927,584220.2590703586,5789825.605591531,2012,2031,True
5928,584220.6200247329,5789826.957661426,2013,2030,True
5929,584220.9809791072,5789828.3097313205,2013,2028,True
5930,584221.3419334815,5789829.661801215,2014,2026,True
5931,584221.7028878558,5789831.01387111,2014,2024,True
5932,584222.0638422301,5789832.365941005,2015,2022,True
5933,584222.4247966044,5789833.718010901,2015,2020,True
5934,584222.7857509787,5789835.070080795,2016,2019,True
5935,584223.1467053532,5789836.42215069,2016,2017,True
5936,584223.5076597275,5789837.774220585,2017,2015,True
5937,584223.8686141018,5789839.12629048,2017,2013,True
5938,584224.2295684761,5789840.478360374,2018,2011,True
5939,584224.5905228504,5789841.830430269,2018,2009,True
5940,584224.9514772247,5789843.182500164,2019,2008,True
5941,584225.312431599,5789844.534570059,2019,2006,True
5942,584225.6733859733,5789845.8866399545,2020,2004,True
5943,584226.0343403476,5789847.238709849,2020,2002,True
5944,584226.3952947219,5789848.590779744,2020,2000,True
5945,584226.7562490962,5789849.942849639,2021,1998,True
5946,584227.1172034706,5789851.294919534,2021,1997,True
5947,584227.478157845,5789852.646989428,2022,1995,True
5948,584227.8391122193,5789853.999059323,2022,1993,True
5949,584228.2000665936,5789855.351129218,2023,1991,True
5950,584228.5610209679,5789856.703199113,2023,1989,True
5951,584228.9219753422,5789858.0552690085,2024,1987,True
5952,584229.2829297165,5789859.407338903,2024,1986,True
5953,584229.6438840908,5789860.759408798,2025,1984,True
5954,584230.0048384651,5789862.111478693,2025,1982,True
5955,584230.3657928394,5789863.463548588,2026,1980,True
5956,584230.7267472137,5789864.815618482,2026,1978,True
5957,584231.087701588,5789866.167688377,2027,1976,True
5958,584231.4486559624,5789867.519758272,2027,1975,True
5959,584231.8096103368,5789868.871828167,2028,1973,True
5960,584232.1705647111,5789870.2238980625,2028,1971,True
5961,584232.5315190854,5789871.575967957,2029,1969,True
5962,584232.8924734597,5789872.928037852,2029,1967,True
5963,584233.253427834,5789874.280107747,2030,1965,True
5964,584233.6143822083,5789875.632177642,2030,1964,False
5965,584233.980632859,5789876.992349095,2031,1962,True
5966,584234.3468835098,5789878.352520548,2031,1960,True
5967,584234.7131341605,5789879.712692001,2032,1958,True
5968,584235.0793848113,5789881.072863454,2032,1956,True
5969,584235.4456354621,5789882.433034907,2033,1954,True
5970,584235.8118861128,5789883.79320636,2033,1953,True
5971,584236.1781367635,5789885.153377813,2034,1951,True
5972,584236.5443874142,5789886.513549266,2034,1949,True
5973,584236.910638065,5789887.87372072,2035,1947,True
5974,584237.2768887157,5789889.2338921735,2035,1945,True
5975,584237.6431393665,5789890.594063627,2036,1943,True
5976,584238.0093900173,5789891.95423508,2036,1942,True
5977,584238.375640668,5789893.314406533,2037,1940,True
5978,584238.7418913187,5789894.674577986,2037,1938,True
5979,584239.1081419694,5789896.034749439,2038,1936,True
5980,584239.4743926201,5789897.394920892,2038,1934,True
5981,584239.8406432709,5789898.755092345,2039,1932,True
5982,584240.2068939217,5789900.115263798,2039,1930,True
5983,584240.5731445724,5789901.475435251,2040,1929,True
5984,584240.9393952232,5789902.8356067045,2040,1927,True
5985,584241.3056458739,5789904.195778158,2041,1925,True
5986,584241.6718965246,5789905.555949611,2041,1923,True
5987,584242.0381471753,5789906.916121064,2042,1921,True
5988,584242.4043978261,5789908.276292517,2042,1919,True
5989,584242.7706484769,5789909.63646397,2043,1918,True
5990,584243.1368991276,5789910.996635423,2043,1916,True
5991,584243.5031497783,5789912.356806877,2044,1914,True
5992,584243.8694004291,5789913.71697833,2044,1912,True
5993,584244.2356510798,5789915.077149783,2045,1910,True
5994,584244.6019017305,5789916.437321236,2045,1908,True
5995,584244.9681523812,5789917.797492689,2046,1907,True
5996,584245.3344030321,5789919.157664143,2046,1905,True
5997,584245.7006536828,5789920.517835596,2047,1903,True
5998,584246.0669043335,5789921.878007049,2047,1901,True
5999,584246.4331549843,5789923.238178502,2048,1899,True
6000,584246.799405635,5789924.598349955,2048,1897,True
6001,584247.1656562857,5789925.958521408,2049,1895,True
6002,584247.5319069364,5789927.318692861,2049,1894,True
6003,584247.8981575872,5789928.678864314,2050,1892,True
6004,584248.264408238,5789930.039035767,2050,1890,True
6005,584248.6306588887,5789931.39920722,2051,1888,True
6006,584248.9969095394,5789932.7593786735,2051,1886,True
6007,584249.3631601902,5789934.119550127,2052,1884,True
6008,584249.7294108409,5789935.47972158,2052,1883,True
6009,584250.0956614916,5789936.839893034,2053,1881,True
6010,584250.4619121423,5789938.200064487,2053,1879,True
6011,584250.8281627932,5789939.56023594,2054,1877,True
6012,584251.1944134439,5789940.920407393,2054,1875,True
6013,584251.5606640946,5789942.280578846,2055,1873,True
6014,584251.9269147454,5789943.640750299,2055,1872,True
6015,584252.2931653961,5789945.000921752,2056,1870,True
6016,584252.6594160468,5789946.361093205,2056,1868,True
6017,584253.0256666975,5789947.7212646585,2057,1866,True
6018,584253.3919173484,5789949.081436112,2057,1864,True
6019,584253.7581679991,5789950.441607565,2058,1862,True
6020,584254.1244186498,5789951.801779018,2058,1860,True
6021,584254.4906693005,5789953.161950471,2059,1859,True
6022,584254.8569199513,5789954.522121924,2059,1857,True
6023,584255.223170602,5789955.882293377,2060,1855,True
6024,584255.5894212527,5789957.24246483,2060,1853,True
6025,584255.9556719036,5789958.602636283,2061,1851,True
6026,584256.3219225543,5789959.962807736,2061,1849,True
6027,584256.688173205,5789961.32297919,2062,1848,True
6028,584257.0544238557,5789962.6831506435,2062,1846,True
6029,584257.4206745065,5789964.043322097,2063,1844,True
6030,584257.7869251572,5789965.40349355,2063,1842,True
6031,584258.1531758079,5789966.763665003,2064,1840,True
6032,584258.5194264587,5789968.123836456,2064,1838,True
6033,584258.8856771095,5789969.484007909,2065,1836,True
6034,584259.2519277602,5789970.844179362,2065,1835,True
6035,584259.6181784109,5789972.204350815,2065,1833,False
6036,584259.9861301609,5789973.570386329,2066,1831,True
6037,584260.3540819107,5789974.936421842,2066,1829,True
6038,584260.7220336606,5789976.302457356,2067,1827,True
6039,584261.0899854105,5789977.6684928695,2067,1825,True
6040,584261.4579371604,5789979.034528383,2068,1824,True
6041,584261.8258889102,5789980.400563897,2068,1822,True
6042,584262.1938406602,5789981.76659941,2069,1820,True
6043,584262.56179241,5789983.132634924,2069,1818,True
6044,584262.9297441599,5789984.498670437,2070,1816,True
6045,584263.2976959097,5789985.864705951,2070,1814,True
6046,584263.6656476597,5789987.2307414645,2071,1812,True
6047,584264.0335994095,5789988.596776978,2071,1811,True
6048,584264.4015511594,5789989.962812492,2072,1809,True
6049,584264.7695029093,5789991.328848005,2072,1807,True
6050,584265.1374546592,5789992.694883519,2073,1805,True
6051,584265.5054064092,5789994.060919032,2073,1803,True
6052,584265.873358159,5789995.426954546,2074,1801,True
6053,584266.2413099089,5789996.792990059,2074,1800,True
6054,584266.6092616587,5789998.159025572,2075,1798,True
6055,584266.9772134087,5789999.525061086,2075,1796,True
6056,584267.3451651585,5790000.891096599,2076,1794,True
6057,584267.7131169084,5790002.257132113,2076,1792,True
6058,584268.0810686583,5790003.623167627,2077,1790,True
6059,584268.4490204082,5790004.98920314,2077,1788,True
6060,584268.816972158,5790006.355238654,2078,1787,True
6061,584269.184923908,5790007.721274167,2078,1785,True
6062,584269.5528756578,5790009.087309681,2079,1783,True
6063,584269.9208274077,5790010.453345194,2079,1781,True
6064,584270.2887791577,5790011.819380708,2080,1779,True
6065,584270.6567309075,5790013.185416222,2080,1777,True
6066,584271.0246826574,5790014.551451735,2081,1775,True
6067,584271.3926344073,5790015.917487249,2081,1774,True
6068,584271.7605861572,5790017.283522762,2082,1772,True
6069,584272.128537907,5790018.649558276,2082,1770,True
6070,584272.496489657,5790020.0155937895,2083,1768,True
6071,584272.8644414068,5790021.381629303,2083,1766,True
6072,584273.2323931567,5790022.747664817,2084,1764,True
6073,584273.6003449066,5790024.11370033,2084,1762,True
6074,584273.9682966565,5790025.479735844,2085,1761,True
6075,584274.3362484063,5790026.845771357,2085,1759,True
6076,584274.7042001563,5790028.211806871,2086,1757,True
6077,584275.0721519061,5790029.577842385,2086,1755,True
6078,584275.440103656,5790030.943877898,2087,1753,True
6079,584275.808055406,5790032.309913412,2087,1751,True
6080,584276.1760071558,5790033.675948925,2088,1750,True
6081,584276.5439589057,5790035.041984439,2088,1748,True
6082,584276.9119106556,5790036.4080199525,2089,1746,True
6083,584277.2798624055,5790037.774055466,2089,1744,True
6084,584277.6478141553,5790039.14009098,2090,1742,True
6085,584278.0157659053,5790040.506126493,2090,1740,True
6086,584278.3837176551,5790041.872162007,2091,1738,True
6087,584278.751669405,5790043.23819752,2091,1737,True
6088,584279.1196211549,5790044.604233034,2092,1735,True
6089,584279.4875729048,5790045.970268547,2092,1733,True
6090,584279.8555246546,5790047.33630406,2093,1731,True
6091,584280.2234764046,5790048.702339574,2093,1729,True
6092,584280.5914281545,5790050.068375087,2094,1727,True
6093,584280.9593799043,5790051.434410601,2094,1725,True
6094,584281.3273316543,5790052.8004461145,2095,1724,True
6095,584281.6952834041,5790054.166481628,2095,1722,True
6096,584282.063235154,5790055.532517142,2096,1720,True
6097,584282.4311869039,5790056.898552655,2096,1718,True
6098,584282.7991386538,5790058.264588169,2097,1716,True
6099,584283.1670904036,5790059.630623682,2097,1714,True
6100,584283.5350421536,5790060.996659196,2098,1713,True
6101,584283.9029939034,5790062.36269471,2098,1711,True
6102,584284.2709456533,5790063.728730223,2099,1709,True
6103,584284.6388974031,5790065.094765737,2099,1707,True
6104,584285.0068491531,5790066.46080125,2100,1705,True
6105,584285.3748009029,5790067.826836764,2100,1703,True
6106,584285.7427526528,5790069.192872277,2101,1701,False
6107,584286.1126530382,5790070.567474746,2101,1700,True
6108,584286.4825534237,5790071.942077215,2102,1698,True
6109,584286.8524538091,5790073.3166796835,2102,1696,True
6110,584287.2223541945,5790074.691282151,2103,1694,True
6111,584287.59225458,5790076.06588462,2103,1692,True
6112,584287.9621549654,5790077.440487089,2104,1690,True
6113,584288.3320553508,5790078.815089557,2104,1688,True
6114,584288.7019557361,5790080.189692026,2105,1687,True
6115,584289.0718561216,5790081.564294495,2105,1685,True
6116,584289.441756507,5790082.938896963,2106,1683,True
6117,584289.8116568924,5790084.313499431,2106,1681,True
6118,584290.1815572779,5790085.6881019,2107,1679,True
6119,584290.5514576633,5790087.0627043685,2107,1677,True
6120,584290.9213580487,5790088.437306837,2108,1675,True
6121,584291.2912584342,5790089.811909306,2108,1673,True
6122,584291.6611588196,5790091.186511775,2109,1672,True
6123,584292.031059205,5790092.561114243,2109,1670,True
6124,584292.4009595904,5790093.935716711,2110,1668,True
6125,584292.7708599758,5790095.31031918,2110,1666,True
6126,584293.1407603612,5790096.684921648,2111,1664,True
6127,584293.5106607467,5790098.059524117,2111,1662,True
6128,584293.8805611321,5790099.434126586,2112,1660,True
6129,584294.2504615175,5790100.808729054,2112,1659,True
6130,584294.6203619029,5790102.183331523,2113,1657,True
6131,584294.9902622884,5790103.557933991,2113,1655,True
6132,584295.3601626738,5790104.9325364595,2114,1653,True
6133,584295.7300630591,5790106.307138928,2114,1651,True
6134,584296.0999634446,5790107.681741397,2115,1649,True
6135,584296.46986383,5790109.056343866,2115,1647,True
6136,584296.8397642154,5790110.430946334,2116,1646,True
6137,584297.2096646009,5790111.805548803,2116,1644,True
6138,584297.5795649863,5790113.180151271,2117,1642,True
6139,584297.9494653717,5790114.554753739,2117,1640,True
6140,584298.3193657572,5790115.929356208,2118,1638,True
6141,584298.6892661426,5790117.303958677,2118,1636,True
6142,584299.0591665279,5790118.678561145,2119,1634,True
6143,584299.4290669133,5790120.053163614,2119,1633,True
6144,584299.7989672988,5790121.427766083,2120,1631,True
6145,584300.1688676842,5790122.8023685515,2120,1629,True
6146,584300.5387680696,5790124.176971019,2121,1627,True
6147,584300.9086684551,5790125.551573488,2121,1625,True
6148,584301.2785688405,5790126.926175957,2122,1623,True
6149,584301.6484692259,5790128.300778425,2122,1621,True
6150,584302.0183696114,5790129.675380894,2123,1619,True
6151,584302.3882699967,5790131.049983363,2123,1618,True
6152,584302.7581703821,5790132.424585831,2124,1616,True
6153,584303.1280707676,5790133.799188299,2124,1614,True
6154,584303.497971153,5790135.173790768,2125,1612,True
6155,584303.8678715384,5790136.5483932365,2125,1610,True
6156,584304.2377719238,5790137.922995705,2126,1608,True
6157,584304.6076723093,5790139.297598174,2126,1606,True
6158,584304.9775726947,5790140.6722006425,2127,1605,True
6159,584305.34747308,5790142.046803111,2127,1603,True
6160,584305.7173734655,5790143.421405579,2128,1601,True
6161,584306.0872738509,5790144.796008048,2128,1599,True
6162,584306.4571742363,5790146.170610516,2129,1597,True
6163,584306.8270746218,5790147.545212985,2129,1595,True
6164,584307.1969750072,5790148.919815454,2130,1593,True
6165,584307.5668753926,5790150.294417922,2130,1592,True
6166,584307.9367757781,5790151.669020391,2131,1590,True
6167,584308.3066761635,5790153.043622859,2131,1588,True
6168,584308.6765765488,5790154.4182253275,2132,1586,True
6169,584309.0464769343,5790155.792827796,2132,1584,True
6170,584309.4163773197,5790157.167430265,2133,1582,True
6171,584309.7862777051,5790158.542032734,2133,1580,True
6172,584310.1561780905,5790159.916635202,2134,1579,True
6173,584310.526078476,5790161.291237671,2134,1577,True
6174,584310.8959788614,5790162.665840139,2135,1575,True
6175,584311.2658792468,5790164.040442607,2135,1573,True
6176,584311.6357796323,5790165.415045076,2136,1571,True
6177,584312.0056800176,5790166.789647545,2136,1569,False
6178,584312.3741516648,5790168.157829835,2137,1567,True
6179,584312.7426233119,5790169.526012125,2137,1565,True
6180,584313.1110949591,5790170.894194416,2138,1564,True
6181,584313.4795666062,5790172.262376706,2138,1562,True
6182,584313.8480382534,5790173.630558996,2139,1560,True
6183,584314.2165099005,5790174.998741288,2139,1558,True
6184,584314.5849815477,5790176.366923578,2140,1556,True
6185,584314.9534531948,5790177.735105868,2140,1554,True
6186,584315.3219248421,5790179.103288159,2141,1553,True
6187,584315.6903964892,5790180.471470449,2141,1551,True
6188,584316.0588681364,5790181.839652739,2142,1549,True
6189,584316.4273397835,5790183.20783503,2142,1547,True
6190,584316.7958114307,5790184.57601732,2143,1545,True
6191,584317.1642830778,5790185.9441996105,2143,1543,True
6192,584317.532754725,5790187.312381901,2144,1541,True
6193,584317.9012263721,5790188.680564192,2144,1540,True
6194,584318.2696980193,5790190.0487464825,2145,1538,True
6195,584318.6381696664,5790191.416928773,2145,1536,True
6196,584319.0066413136,5790192.785111063,2146,1534,True
6197,584319.3751129607,5790194.1532933535,2146,1532,True
6198,584319.7435846078,5790195.521475644,2147,1530,True
6199,584320.112056255,5790196.889657934,2147,1528,True
6200,584320.4805279021,5790198.257840225,2148,1527,True
6201,584320.8489995493,5790199.626022515,2148,1525,True
6202,584321.2174711964,5790200.994204805,2149,1523,True
6203,584321.5859428436,5790202.3623870965,2149,1521,True
6204,584321.9544144908,5790203.730569387,2150,1519,True
6205,584322.322886138,5790205.098751677,2150,1517,True
6206,584322.6913577851,5790206.466933968,2151,1515,True
6207,584323.0598294323,5790207.835116258,2151,1514,True
6208,584323.4283010794,5790209.203298548,2152,1512,True
6209,584323.7967727266,5790210.571480839,2152,1510,True
6210,584324.1652443737,5790211.939663129,2153,1508,True
6211,584324.5337160209,5790213.307845419,2153,1506,True
6212,584324.902187668,5790214.67602771,2154,1504,True
6213,584325.2706593152,5790216.044210001,2154,1502,True
6214,584325.6391309623,5790217.412392291,2155,1501,True
6215,584326.0076026095,5790218.780574582,2155,1499,True
6216,584326.3760742566,5790220.148756872,2156,1497,True
6217,584326.7445459038,5790221.516939162,2156,1495,True
6218,584327.1130175509,5790222.885121453,2157,1493,True
6219,584327.481489198,5790224.253303743,2157,1491,True
6220,584327.8499608452,5790225.621486033,2158,1490,True
6221,584328.2184324923,5790226.989668324,2158,1488,True
6222,584328.5869041396,5790228.357850614,2159,1486,True
6223,584328.9553757868,5790229.726032905,2159,1484,True
6224,584329.3238474339,5790231.094215196,2160,1482,True
6225,584329.692319081,5790232.462397486,2160,1480,True
6226,584330.0607907282,5790233.830579776,2161,1478,True
6227,584330.4292623753,5790235.198762067,2161,1477,True
6228,584330.7977340225,5790236.566944357,2162,1475,True
6229,584331.1662056696,5790237.935126647,2162,1473,True
6230,584331.5346773168,5790239.303308938,2163,1471,True
6231,584331.9031489639,5790240.671491228,2163,1469,True
6232,584332.2716206111,5790242.039673518,2164,1467,True
6233,584332.6400922582,5790243.40785581,2164,1465,True
6234,584333.0085639054,5790244.7760381,2165,1464,True
6235,584333.3770355525,5790246.14422039,2165,1462,True
6236,584333.7455071997,5790247.512402681,2166,1460,True
6237,584334.1139788468,5790248.880584971,2166,1458,True
6238,584334.482450494,5790250.248767261,2167,1456,True
6239,584334.8509221411,5790251.616949552,2167,1454,True
6240,584335.2193937884,5790252.985131842,2168,1452,True
6241,584335.5878654355,5790254.353314132,2168,1451,True
6242,584335.9563370827,5790255.721496423,2169,1449,True
6243,584336.3248087298,5790257.089678714,2169,1447,True
6244,584336.693280377,5790258.457861004,2170,1445,True
6245,584337.0617520241,5790259.826043295,2170,1443,True
6246,584337.4302236713,5790261.194225585,2171,1441,True
6247,584337.7986953184,5790262.562407875,2171,1439,True
6248,584338.1671669655,5790263.930590166,2172,1438,False
6249,584338.5353626095,5790265.301512471,2172,1436,True
6250,584338.9035582535,5790266.672434778,2173,1434,True
6251,584339.2717538975,5790268.043357084,2173,1432,True
6252,584339.6399495415,5790269.41427939,2174,1430,True
6253,584340.0081451857,5790270.785201696,2174,1428,True
6254,584340.3763408297,5790272.156124002,2175,1426,True
6255,584340.7445364736,5790273.527046308,2175,1425,True
6256,584341.1127321176,5790274.8979686145,2176,1423,True
6257,584341.4809277616,5790276.26889092,2176,1421,True
6258,584341.8491234056,5790277.639813227,2177,1419,True
6259,584342.2173190496,5790279.010735532,2177,1417,True
6260,584342.5855146936,5790280.381657839,2178,1415,True
6261,584342.9537103376,5790281.752580144,2178,1413,True
6262,584343.3219059817,5790283.123502451,2179,1412,True
6263,584343.6901016257,5790284.494424757,2179,1410,True
6264,584344.0582972697,5790285.865347062,2180,1408,True
6265,584344.4264929137,5790287.236269369,2180,1406,True
6266,584344.7946885577,5790288.607191674,2181,1404,True
6267,584345.1628842017,5790289.978113981,2181,1402,True
6268,584345.5310798457,5790291.349036287,2182,1400,True
6269,584345.8992754897,5790292.719958593,2182,1399,True
6270,584346.2674711337,5790294.090880899,2183,1397,True
6271,584346.6356667778,5790295.461803205,2183,1395,True
6272,584347.0038624218,5790296.832725511,2184,1393,True
6273,584347.3720580658,5790298.2036478175,2184,1391,True
6274,584347.7402537098,5790299.574570123,2185,1389,True
6275,584348.1084493538,5790300.94549243,2185,1387,True
6276,584348.4766449978,5790302.316414735,2186,1386,True
6277,584348.8448406418,5790303.687337041,2186,1384,True
6278,584349.2130362858,5790305.058259347,2187,1382,True
6279,584349.5812319298,5790306.429181653,2187,1380,True
6280,584349.9494275739,5790307.80010396,2188,1378,True
6281,584350.3176232179,5790309.171026265,2188,1376,True
6282,584350.6858188619,5790310.541948572,2189,1374,True
6283,584351.0540145059,5790311.912870877,2189,1373,True
6284,584351.4222101499,5790313.283793184,2190,1371,True
6285,584351.7904057939,5790314.65471549,2190,1369,True
6286,584352.1586014379,5790316.025637796,2191,1367,True
6287,584352.5267970819,5790317.396560102,2191,1365,True
6288,584352.894992726,5790318.767482408,2192,1363,True
6289,584353.26318837,5790320.138404714,2192,1361,True
6290,584353.631384014,5790321.5093270205,2193,1360,True
6291,584353.999579658,5790322.880249326,2193,1358,True
6292,584354.367775302,5790324.251171632,2194,1356,True
6293,584354.735970946,5790325.622093938,2194,1354,True
6294,584355.10416659,5790326.993016244,2195,1352,True
6295,584355.472362234,5790328.36393855,2195,1350,True
6296,584355.840557878,5790329.734860856,2196,1348,True
6297,584356.2087535221,5790331.105783163,2196,1347,True
6298,584356.5769491661,5790332.476705468,2197,1345,True
6299,584356.9451448101,5790333.847627775,2197,1343,True
6300,584357.3133404541,5790335.21855008,2198,1341,True
6301,584357.6815360981,5790336.589472387,2198,1339,True
6302,584358.0497317421,5790337.960394693,2199,1337,True
6303,584358.4179273861,5790339.331316999,2199,1335,True
6304,584358.7861230301,5790340.702239305,2200,1334,True
6305,584359.1543186741,5790342.07316161,2200,1332,True
6306,584359.5225143182,5790343.444083917,2201,1330,True
6307,584359.8907099622,5790344.815006223,2201,1328,True
6308,584360.2589056062,5790346.185928529,2202,1326,True
6309,584360.6271012502,5790347.556850835,2202,1324,True
6310,584360.9952968942,5790348.927773141,2203,1322,True
6311,584361.3634925382,5790350.298695447,2203,1321,True
6312,584361.7316881822,5790351.6696177535,2204,1319,True
6313,584362.0998838262,5790353.040540059,2204,1317,True
6314,584362.4680794702,5790354.411462366,2205,1315,True
6315,584362.8362751143,5790355.782384671,2205,1313,True
6316,584363.2044707583,5790357.153306978,2206,1311,True
6317,584363.5726664023,5790358.524229283,2206,1309,True
6318,584363.9408620463,5790359.89515159,2207,1308,True
6319,584364.3090576903,5790361.266073896,2207,1306,False
6320,584364.6754711601,5790362.624693875,2208,1304,True
6321,584365.0418846299,5790363.983313855,2208,1302,True
6322,584365.4082980995,5790365.341933834,2209,1300,True
6323,584365.7747115693,5790366.700553814,2209,1298,True
6324,584366.1411250391,5790368.0591737935,2210,1297,True
6325,584366.5075385089,5790369.417793773,2210,1295,True
6326,584366.8739519786,5790370.776413753,2211,1293,True
6327,584367.2403654483,5790372.135033732,2211,1291,True
6328,584367.6067789181,5790373.493653712,2212,1289,True
6329,584367.9731923878,5790374.852273691,2212,1287,True
6330,584368.3396058576,5790376.210893671,2213,1285,True
6331,584368.7060193274,5790377.56951365,2213,1284,True
6332,584369.072432797,5790378.928133629,2214,1282,True
6333,584369.4388462668,5790380.286753609,2214,1280,True
6334,584369.8052597366,5790381.645373588,2215,1278,True
6335,584370.1716732064,5790383.003993568,2215,1276,True
6336,584370.5380866762,5790384.362613548,2216,1274,True
6337,584370.9045001458,5790385.721233527,2216,1273,True
6338,584371.2709136156,5790387.079853507,2217,1271,True
6339,584371.6373270854,5790388.438473486,2217,1269,True
6340,584372.0037405551,5790389.797093466,2218,1267,True
6341,584372.3701540249,5790391.1557134455,2218,1265,True
6342,584372.7365674946,5790392.514333425,2219,1263,True
6343,584373.1029809644,5790393.872953405,2219,1262,True
6344,584373.4693944341,5790395.231573384,2220,1260,True
6345,584373.8358079039,5790396.590193364,2220,1258,True
6346,584374.2022213737,5790397.948813343,2221,1256,True
6347,584374.5686348433,5790399.307433323,2221,1254,True
6348,584374.9350483131,5790400.666053303,2222,1252,True
6349,584375.3014617829,5790402.024673282,2222,1251,True
6350,584375.6678752527,5790403.383293262,2223,1249,True
6351,584376.0342887224,5790404.741913241,2223,1247,True
6352,584376.4007021921,5790406.100533221,2224,1245,True
6353,584376.7671156619,5790407.4591532005,2224,1243,True
6354,584377.1335291316,5790408.81777318,2225,1241,True
6355,584377.4999426014,5790410.176393159,2225,1239,True
6356,584377.8663560712,5790411.535013138,2226,1238,True
6357,584378.232769541,5790412.893633118,2226,1236,True
6358,584378.5991830106,5790414.2522530975,2227,1234,True
6359,584378.9655964804,5790415.610873077,2227,1232,True
6360,584379.3320099502,5790416.969493057,2228,1230,True
6361,584379.69842342,5790418.328113036,2228,1228,True
6362,584380.0648368897,5790419.686733016,2229,1227,True
6363,584380.4312503594,5790421.045352995,2229,1225,True
6364,584380.7976638292,5790422.403972975,2230,1223,True
6365,584381.164077299,5790423.762592955,2230,1221,True
6366,584381.5304907687,5790425.121212934,2231,1219,True
6367,584381.8969042385,5790426.479832914,2231,1217,True
6368,584382.2633177082,5790427.838452893,2232,1216,True
6369,584382.6297311779,5790429.197072873,2232,1214,True
6370,584382.9961446477,5790430.5556928525,2233,1212,True
6371,584383.3625581175,5790431.914312832,2233,1210,True
6372,584383.7289715873,5790433.272932812,2234,1208,True
6373,584384.0953850569,5790434.631552791,2234,1206,True
6374,584384.4617985267,5790435.990172771,2235,1205,True
6375,584384.8282119965,5790437.34879275,2235,1203,True
6376,584385.1946254662,5790438.70741273,2236,1201,True
6377,584385.561038936,5790440.06603271,2236,1199,True
6378,584385.9274524057,5790441.424652689,2237,1197,True
6379,584386.2938658755,5790442.783272668,2237,1195,True
6380,584386.6602793452,5790444.141892647,2238,1193,True
6381,584387.026692815,5790445.500512627,2238,1192,True
6382,584387.3931062848,5790446.859132607,2239,1190,True
6383,584387.7595197544,5790448.217752586,2239,1188,True
6384,584388.1259332242,5790449.576372566,2240,1186,True
6385,584388.492346694,5790450.934992545,2240,1184,True
6386,584388.8587601638,5790452.293612525,2241,1182,True
6387,584389.2251736335,5790453.652232504,2241,1181,True
6388,584389.5915871032,5790455.010852484,2242,1179,True
6389,584389.958000573,5790456.369472464,2242,1177,True
6390,584390.3244140428,5790457.728092443,2243,1175,False
6391,584390.6829897683,5790459.066167215,2243,1173,True
6392,584391.0415654939,5790460.404241986,2244,1171,True
6393,584391.4001412194,5790461.742316757,2244,1170,True
6394,584391.758716945,5790463.080391529,2245,1168,True
6395,584392.1172926705,5790464.4184663,2245,1166,True
6396,584392.4758683961,5790465.756541071,2245,1164,True
6397,584392.8344441217,5790467.094615843,2246,1162,True
6398,584393.1930198472,5790468.432690614,2246,1161,True
6399,584393.5515955727,5790469.770765386,2247,1159,True
6400,584393.9101712983,5790471.108840157,2247,1157,True
6401,584394.2687470239,5790472.446914928,2248,1155,True
6402,584394.6273227494,5790473.7849897,2248,1153,True
6403,584394.9858984749,5790475.123064471,2249,1151,True
6404,584395.3444742005,5790476.461139242,2249,1150,True
6405,584395.7030499261,5790477.799214014,2250,1148,True
6406,584396.0616256517,5790479.137288786,2250,1146,True
6407,584396.4202013771,5790480.475363556,2251,1144,True
6408,584396.7787771027,5790481.813438328,2251,1142,True
6409,584397.1373528283,5790483.1515131,2252,1141,True
6410,584397.4959285539,5790484.489587871,2252,1139,True
6411,584397.8545042794,5790485.827662642,2253,1137,True
6412,584398.2130800049,5790487.165737414,2253,1135,True
6413,584398.5716557305,5790488.5038121855,2254,1133,True
6414,584398.9302314561,5790489.841886956,2254,1132,True
6415,584399.2888071816,5790491.179961728,2255,1130,True
6416,584399.6473829072,5790492.5180365,2255,1128,True
6417,584400.0059586327,5790493.85611127,2256,1126,True
6418,584400.3645343583,5790495.194186042,2256,1124,True
6419,584400.7231100838,5790496.532260814,2257,1122,True
6420,584401.0816858094,5790497.8703355845,2257,1121,True
6421,584401.4402615349,5790499.208410356,2258,1119,True
6422,584401.7988372605,5790500.546485128,2258,1117,True
6423,584402.157412986,5790501.884559899,2259,1115,True
6424,584402.5159887116,5790503.22263467,2259,1113,True
6425,584402.8745644372,5790504.560709442,2260,1112,True
6426,584403.2331401627,5790505.898784213,2260,1110,True
6427,584403.5917158882,5790507.236858984,2261,1108,True
6428,584403.9502916138,5790508.574933756,2261,1106,True
6429,584404.3088673394,5790509.913008527,2262,1104,True
6430,584404.667443065,5790511.251083299,2262,1103,True
6431,584405.0260187904,5790512.58915807,2262,1101,True
6432,584405.384594516,5790513.927232841,2263,1099,True
6433,584405.7431702416,5790515.265307613,2263,1097,True
6434,584406.1017459672,5790516.603382384,2264,1095,True
6435,584406.4603216926,5790517.941457155,2264,1093,True
6436,584406.8188974182,5790519.279531927,2265,1092,True
6437,584407.1774731438,5790520.617606699,2265,1090,True
6438,584407.5360488694,5790521.955681469,2266,1088,True
6439,584407.894624595,5790523.293756241,2266,1086,True
6440,584408.2532003204,5790524.631831013,2267,1084,True
6441,584408.611776046,5790525.969905783,2267,1083,True
6442,584408.9703517716,5790527.307980555,2268,1081,True
6443,584409.3289274971,5790528.646055327,2268,1079,True
6444,584409.6875032227,5790529.9841300985,2269,1077,True
6445,584410.0460789482,5790531.322204869,2269,1075,True
6446,584410.4046546738,5790532.660279641,2270,1074,True
6447,584410.7632303993,5790533.998354413,2270,1072,True
6448,584411.1218061249,5790535.336429183,2271,1070,True
6449,584411.4803818505,5790536.674503955,2271,1068,True
6450,584411.838957576,5790538.012578727,2272,1066,True
6451,584412.1975333015,5790539.3506534975,2272,1064,True
6452,584412.5561090271,5790540.688728269,2273,1063,True
6453,584412.9146847527,5790542.026803041,2273,1061,True
6454,584413.2732604782,5790543.364877812,2274,1059,True
6455,584413.6318362037,5790544.702952583,2274,1057,True
6456,584413.9904119293,5790546.041027355,2275,1055,True
6457,584414.3489876549,5790547.379102126,2275,1054,True
6458,584414.7075633805,5790548.717176897,2276,1052,True
6459,584415.0661391059,5790550.055251669,2276,1050,True
6460,584415.4247148315,5790551.39332644,2277,1048,True
6461,584415.7832905571,5790552.731401212,2277,1046,False
6462,584415.8840826327,5790552.960373905,2277,1046,True
6463,584415.9848747083,5790553.1893465975,2277,1046,True
6464,584416.085666784,5790553.41831929,2277,1045,True
6465,584416.1864588596,5790553.647291983,2278,1045,True
6466,584416.2872509352,5790553.8762646755,2278,1045,True
6467,584416.388043011,5790554.1052373685,2278,1045,True
6468,584416.4888350866,5790554.3342100615,2278,1044,True
6469,584416.5896271622,5790554.5631827535,2278,1044,True
6470,584416.6904192378,5790554.7921554465,2278,1044,True
6471,584416.7912113135,5790555.021128139,2278,1043,True
6472,584416.8920033891,5790555.250100832,2279,1043,True
6473,584416.9927954647,5790555.479073525,2279,1043,True
6474,584417.0935875403,5790555.708046217,2279,1042,True
6475,584417.194379616,5790555.93701891,2279,1042,True
6476,584417.2951716916,5790556.165991603,2279,1042,True
6477,584417.3959637672,5790556.394964296,2279,1041,True
6478,584417.4967558428,5790556.623936989,2279,1041,True
6479,584417.5975479186,5790556.852909681,2280,1041,True
6480,584417.6983399942,5790557.081882374,2280,1040,True
6481,584417.7991320698,5790557.310855067,2280,1040,True
6482,584417.8999241454,5790557.53982776,2280,1040,True
6483,584418.000716221,5790557.768800453,2280,1040,True
6484,584418.1015082967,5790557.997773145,2280,1039,True
6485,584418.2023003723,5790558.226745838,2280,1039,True
6486,584418.3030924479,5790558.455718531,2280,1039,True
6487,584418.4038845235,5790558.684691224,2281,1038,True
6488,584418.5046765992,5790558.913663917,2281,1038,True
6489,584418.6054686748,5790559.142636609,2281,1038,True
6490,584418.7062607504,5790559.371609302,2281,1037,True
6491,584418.8070528262,5790559.600581995,2281,1037,True
6492,584418.9078449018,5790559.829554688,2281,1037,True
6493,584419.0086369774,5790560.058527381,2281,1036,True
6494,584419.109429053,5790560.287500073,2282,1036,True
6495,584419.2102211287,5790560.516472766,2282,1036,True
6496,584419.3110132043,5790560.745445459,2282,1036,True
6497,584419.4118052799,5790560.974418152,2282,1035,True
6498,584419.5125973555,5790561.203390845,2282,1035,True
6499,584419.6133894311,5790561.432363538,2282,1035,True
6500,584419.7141815068,5790561.66133623,2282,1034,True
6501,584419.8149735824,5790561.890308923,2283,1034,True
6502,584419.915765658,5790562.119281616,2283,1034,True
6503,584420.0165577338,5790562.348254309,2283,1033,True
6504,584420.1173498094,5790562.577227002,2283,1033,True
6505,584420.218141885,5790562.806199694,2283,1033,True
6506,584420.3189339606,5790563.035172387,2283,1032,True
6507,584420.4197260363,5790563.26414508,2283,1032,True
6508,584420.5205181119,5790563.493117773,2283,1032,True
6509,584420.6213101875,5790563.722090466,2284,1031,True
6510,584420.7221022631,5790563.951063158,2284,1031,True
6511,584420.8228943388,5790564.180035851,2284,1031,True
6512,584420.9236864144,5790564.409008544,2284,1031,True
6513,584421.02447849,5790564.637981237,2284,1030,True
6514,584421.1252705656,5790564.86695393,2284,1030,True
6515,584421.2260626414,5790565.095926622,2284,1030,True
6516,584421.326854717,5790565.324899315,2285,1029,True
6517,584421.4276467926,5790565.553872008,2285,1029,True
6518,584421.5284388682,5790565.782844701,2285,1029,True
6519,584421.6292309439,5790566.011817394,2285,1028,True
6520,584421.7300230195,5790566.240790086,2285,1028,True
6521,584421.8308150951,5790566.469762779,2285,1028,True
6522,584421.9316071707,5790566.698735472,2285,1027,True
6523,584422.0323992464,5790566.927708165,2286,1027,True
6524,584422.133191322,5790567.156680858,2286,1027,True
6525,584422.2339833976,5790567.38565355,2286,1027,True
6526,584422.3347754732,5790567.614626243,2286,1026,True
6527,584422.435567549,5790567.843598936,2286,1026,True
6528,584422.5363596246,5790568.072571629,2286,1026,True
6529,584422.6371517002,5790568.301544322,2286,1025,True
6530,584422.7379437758,5790568.530517014,2286,1025,True
6531,584422.8387358515,5790568.759489707,2287,1025,True
6532,584422.9395279271,5790568.9884624,2287,1024,False
6533,584424.34955,5790568.60570974,2289,1025,True
6534,584425.759572073,5790568.22295708,2291,1025,True
6535,584427.1695941461,5790567.8402044205,2292,1026,True
6536,584428.579616219,5790567.457451761,2294,1026,True
6537,584429.989638292,5790567.074699101,2296,1027,True
6538,584431.399660365,5790566.691946442,2298,1027,True
6539,584432.8096824379,5790566.3091937825,2300,1028,True
6540,584434.219704511,5790565.926441123,2302,1028,True
6541,584435.629726584,5790565.543688463,2304,1029,True
6542,584437.0397486569,5790565.160935803,2306,1030,True
6543,584438.4497707299,5790564.778183144,2308,1030,True
6544,584439.8597928028,5790564.395430484,2310,1031,True
6545,584441.2698148759,5790564.012677824,2312,1031,True
6546,584442.6798369489,5790563.629925164,2313,1032,True
6547,584444.0898590218,5790563.247172505,2315,1032,True
6548,584445.4998810948,5790562.864419845,2317,1033,True
6549,584446.9099031677,5790562.481667185,2319,1033,True
6550,584448.3199252408,5790562.098914526,2321,1034,True
6551,584449.7299473138,5790561.716161867,2323,1034,True
6552,584451.1399693867,5790561.333409207,2325,1035,True
6553,584452.5499914597,5790560.950656547,2327,1035,True
6554,584453.9600135327,5790560.5679038875,2329,1036,True
6555,584455.3700356057,5790560.185151228,2331,1036,True
6556,584456.7800576787,5790559.802398568,2333,1037,True
6557,584458.1900797517,5790559.419645908,2335,1037,True
6558,584459.6001018246,5790559.036893249,2336,1038,True
6559,584461.0101238976,5790558.654140589,2338,1038,True
6560,584462.4201459707,5790558.271387929,2340,1039,True
6561,584463.8301680436,5790557.888635269,2342,1039,True
6562,584465.2401901166,5790557.505882611,2344,1040,True
6563,584466.6502121895,5790557.123129951,2346,1040,True
6564,584468.0602342625,5790556.740377291,2348,1041,True
6565,584469.4702563356,5790556.357624631,2350,1041,True
6566,584470.8802784085,5790555.974871972,2352,1042,True
6567,584472.2903004815,5790555.592119312,2354,1042,True
6568,584473.7003225544,5790555.209366652,2356,1043,True
6569,584475.1103446274,5790554.826613992,2357,1044,True
6570,584476.5203667004,5790554.443861333,2359,1044,True
6571,584477.9303887734,5790554.061108673,2361,1045,True
6572,584479.3404108464,5790553.678356013,2363,1045,True
6573,584480.7504329194,5790553.2956033535,2365,1046,True
6574,584482.1604549923,5790552.912850695,2367,1046,True
6575,584483.5704770653,5790552.530098035,2369,1047,True
6576,584484.9804991384,5790552.147345375,2371,1047,True
6577,584486.3905212113,5790551.764592716,2373,1048,True
6578,584487.8005432843,5790551.381840056,2375,1048,True
6579,584489.2105653572,5790550.999087396,2377,1049,True
6580,584490.6205874302,5790550.616334736,2378,1049,True
6581,584492.0306095033,5790550.233582077,2380,1050,True
6582,584493.4406315762,5790549.850829417,2382,1050,True
6583,584494.8506536492,5790549.468076757,2384,1051,True
6584,584496.2606757222,5790549.085324097,2386,1051,True
6585,584497.6706977951,5790548.702571438,2388,1052,True
6586,584499.0807198682,5790548.319818779,2390,1052,True
6587,584500.4907419411,5790547.937066119,2392,1053,True
6588,584501.9007640141,5790547.554313459,2394,1053,True
6589,584503.3107860871,5790547.1715608,2396,1054,True
6590,584504.72080816,5790546.78880814,2398,1054,True
6591,584506.1308302331,5790546.40605548,2399,1055,True
6592,584507.5408523061,5790546.0233028205,2401,1055,True
6593,584508.950874379,5790545.640550161,2403,1056,True
6594,584510.360896452,5790545.257797501,2405,1056,True
6595,584511.7709185249,5790544.875044841,2407,1057,True
6596,584513.180940598,5790544.492292182,2409,1058,True
6597,584514.590962671,5790544.109539522,2411,1058,True
6598,584516.0009847439,5790543.726786863,2413,1059,True
6599,584517.4110068169,5790543.344034203,2415,1059,True
6600,584518.8210288899,5790542.961281544,2417,1060,True
6601,584520.2310509629,5790542.578528884,2419,1060,True
6602,584521.6410730359,5790542.195776224,2420,1061,True
6603,584523.0510951089,5790541.813023564,2422,1061,False
6604,584524.3865570053,5790541.43668367,2424,1062,True
6605,584525.722018902,5790541.060343776,2426,1062,True
6606,584527.0574807985,5790540.684003881,2428,1063,True
6607,584528.3929426951,5790540.307663986,2430,1063,True
6608,584529.7284045916,5790539.931324092,2431,1064,True
6609,584531.0638664882,5790539.554984198,2433,1064,True
6610,584532.3993283847,5790539.178644303,2435,1065,True
6611,584533.7347902813,5790538.8023044085,2437,1065,True
6612,584535.0702521778,5790538.425964515,2439,1066,True
6613,584536.4057140744,5790538.04962462,2440,1066,True
6614,584537.7411759709,5790537.673284725,2442,1067,True
6615,584539.0766378675,5790537.296944831,2444,1067,True
6616,584540.412099764,5790536.920604937,2446,1068,True
6617,584541.7475616606,5790536.544265042,2448,1068,True
6618,584543.0830235571,5790536.167925147,2450,1069,True
6619,584544.4184854537,5790535.791585254,2451,1069,True
6620,584545.7539473502,5790535.415245359,2453,1070,True
6621,584547.0894092468,5790535.038905464,2455,1070,True
6622,584548.4248711433,5790534.662565569,2457,1071,True
6623,584549.7603330399,5790534.286225676,2459,1071,True
6624,584551.0957949364,5790533.909885781,2460,1072,True
6625,584552.431256833,5790533.533545886,2462,1072,True
6626,584553.7667187295,5790533.157205991,2464,1073,True
6627,584555.102180626,5790532.780866098,2466,1073,True
6628,584556.4376425226,5790532.404526203,2468,1074,True
6629,584557.7731044191,5790532.028186308,2469,1074,True
6630,584559.1085663157,5790531.651846414,2471,1075,True
6631,584560.4440282122,5790531.27550652,2473,1075,True
6632,584561.7794901088,5790530.899166625,2475,1076,True
6633,584563.1149520053,5790530.52282673,2477,1076,True
6634,584564.4504139019,5790530.1464868365,2478,1077,True
6635,584565.7858757984,5790529.770146942,2480,1077,True
6636,584567.121337695,5790529.393807047,2482,1078,True
6637,584568.4567995915,5790529.017467153,2484,1078,True
6638,584569.7922614882,5790528.641127259,2486,1079,True
6639,584571.1277233846,5790528.264787364,2488,1080,True
6640,584572.4631852813,5790527.888447469,2489,1080,True
6641,584573.7986471778,5790527.512107575,2491,1081,True
6642,584575.1341090744,5790527.135767681,2493,1081,True
6643,584576.4695709709,5790526.759427786,2495,1082,True
6644,584577.8050328675,5790526.383087892,2497,1082,True
6645,584579.140494764,5790526.006747997,2498,1083,True
6646,584580.4759566606,5790525.630408103,2500,1083,True
6647,584581.8114185571,5790525.254068208,2502,1084,True
6648,584583.1468804537,5790524.877728314,2504,1084,True
6649,584584.4823423502,5790524.501388419,2506,1085,True
6650,584585.8178042468,5790524.125048525,2507,1085,True
6651,584587.1532661433,5790523.748708631,2509,1086,True
6652,584588.4887280398,5790523.372368736,2511,1086,True
6653,584589.8241899364,5790522.9960288415,2513,1087,True
6654,584591.1596518329,5790522.619688947,2515,1087,True
6655,584592.4951137295,5790522.243349053,2516,1088,True
6656,584593.830575626,5790521.867009158,2518,1088,True
6657,584595.1660375226,5790521.4906692635,2520,1089,True
6658,584596.5014994191,5790521.114329369,2522,1089,True
6659,584597.8369613157,5790520.737989475,2524,1090,True
6660,584599.1724232122,5790520.36164958,2525,1090,True
6661,584600.5078851088,5790519.985309686,2527,1091,True
6662,584601.8433470053,5790519.608969792,2529,1091,True
6663,584603.1788089019,5790519.232629897,2531,1092,True
6664,584604.5142707984,5790518.856290002,2533,1092,True
6665,584605.849732695,5790518.479950108,2535,1093,True
6666,584607.1851945915,5790518.103610214,2536,1093,True
6667,584608.5206564881,5790517.727270319,2538,1094,True
6668,584609.8561183846,5790517.350930424,2540,1094,True
6669,584611.1915802812,5790516.974590531,2542,1095,True
6670,584612.5270421777,5790516.598250636,2544,1095,True
6671,584613.8625040743,5790516.221910741,2545,1096,True
6672,584615.1979659708,5790515.845570846,2547,1096,True
6673,584616.5334278675,5790515.469230953,2549,1097,True
6674,584617.868889764,5790515.092891058,2551,1097,False
6675,584618.125585596,5790514.979719342,2551,1098,True
6676,584618.3822814279,5790514.8665476255,2552,1098,True
6677,584618.6389772599,5790514.753375909,2552,1098,True
6678,584618.8956730918,5790514.640204193,2552,1098,True
6679,584619.1523689238,5790514.527032477,2553,1098,True
6680,584619.4090647557,5790514.413860761,2553,1098,True
6681,584619.6657605877,5790514.300689044,2553,1098,True
6682,584619.9224564197,5790514.187517328,2554,1099,True
6683,584620.1791522516,5790514.074345612,2554,1099,True
6684,584620.4358480836,5790513.961173896,2554,1099,True
6685,584620.6925439155,5790513.8480021795,2555,1099,True
6686,584620.9492397475,5790513.734830462,2555,1099,True
6687,584621.2059355795,5790513.621658746,2555,1099,True
6688,584621.4626314114,5790513.50848703,2556,1099,True
6689,584621.7193272434,5790513.395315314,2556,1100,True
6690,584621.9760230753,5790513.2821435975,2556,1100,True
6691,584622.2327189073,5790513.168971881,2557,1100,True
6692,584622.4894147392,5790513.055800165,2557,1100,True
6693,584622.7461105712,5790512.942628449,2557,1100,True
6694,584623.0028064032,5790512.829456733,2558,1100,True
6695,584623.2595022351,5790512.716285016,2558,1101,True
6696,584623.5161980671,5790512.6031133,2558,1101,True
6697,584623.772893899,5790512.489941584,2559,1101,True
6698,584624.029589731,5790512.376769868,2559,1101,True
6699,584624.2862855629,5790512.2635981515,2560,1101,True
6700,584624.5429813949,5790512.150426435,2560,1101,True
6701,584624.7996772269,5790512.037254719,2560,1101,True
6702,584625.0563730588,5790511.924083003,2561,1102,True
6703,584625.3130688908,5790511.810911287,2561,1102,True
6704,584625.5697647227,5790511.69773957,2561,1102,True
6705,584625.8264605547,5790511.584567854,2562,1102,True
6706,584626.0831563866,5790511.471396138,2562,1102,True
6707,584626.3398522186,5790511.358224422,2562,1102,True
6708,584626.5965480506,5790511.2450527055,2563,1103,True
6709,584626.8532438825,5790511.131880989,2563,1103,True
6710,584627.1099397145,5790511.018709272,2563,1103,True
6711,584627.3666355464,5790510.905537556,2564,1103,True
6712,584627.6233313784,5790510.79236584,2564,1103,True
6713,584627.8800272105,5790510.6791941235,2564,1103,True
6714,584628.1367230423,5790510.566022407,2565,1103,True
6715,584628.3934188744,5790510.452850691,2565,1104,True
6716,584628.6501147063,5790510.339678975,2565,1104,True
6717,584628.9068105383,5790510.226507259,2566,1104,True
6718,584629.1635063702,5790510.113335542,2566,1104,True
6719,584629.4202022022,5790510.000163826,2566,1104,True
6720,584629.6768980342,5790509.88699211,2567,1104,True
6721,584629.9335938661,5790509.773820394,2567,1105,True
6722,584630.1902896981,5790509.6606486775,2568,1105,True
6723,584630.44698553,5790509.547476961,2568,1105,True
6724,584630.703681362,5790509.434305245,2568,1105,True
6725,584630.9603771939,5790509.321133529,2569,1105,True
6726,584631.2170730259,5790509.207961813,2569,1105,True
6727,584631.4737688579,5790509.094790096,2569,1105,True
6728,584631.7304646898,5790508.98161838,2570,1106,True
6729,584631.9871605218,5790508.868446664,2570,1106,True
6730,584632.2438563537,5790508.755274948,2570,1106,True
6731,584632.5005521857,5790508.6421032315,2571,1106,True
6732,584632.7572480176,5790508.528931515,2571,1106,True
6733,584633.0139438496,5790508.415759799,2571,1106,True
6734,584633.2706396816,5790508.302588082,2572,1107,True
6735,584633.5273355135,5790508.189416366,2572,1107,True
6736,584633.7840313455,5790508.0762446495,2572,1107,True
6737,584634.0407271774,5790507.963072933,2573,1107,True
6738,584634.2974230094,5790507.849901217,2573,1107,True
6739,584634.5541188414,5790507.736729501,2573,1107,True
6740,584634.8108146733,5790507.623557785,2574,1107,True
6741,584635.0675105053,5790507.510386068,2574,1108,True
6742,584635.3242063372,5790507.397214352,2574,1108,True
6743,584635.5809021692,5790507.284042636,2575,1108,True
6744,584635.8375980011,5790507.17087092,2575,1108,True
6745,584636.0942938331,5790507.0576992035,2576,1108,False
6746,584635.7409328682,5790505.641304994,2575,1110,True
6747,584635.3875719033,5790504.2249107845,2575,1112,True
6748,584635.0342109384,5790502.808516576,2574,1114,True
6749,584634.6808499733,5790501.392122366,2574,1116,True
6750,584634.3274890084,5790499.975728157,2573,1118,True
6751,584633.9741280435,5790498.5593339475,2573,1120,True
6752,584633.6207670786,5790497.142939738,2572,1122,True
6753,584633.2674061137,5790495.7265455285,2572,1124,True
6754,584632.9140451488,5790494.31015132,2571,1126,True
6755,584632.5606841838,5790492.89375711,2571,1127,True
6756,584632.2073232189,5790491.477362901,2570,1129,True
6757,584631.8539622539,5790490.0609686915,2570,1131,True
6758,584631.500601289,5790488.644574482,2569,1133,True
6759,584631.1472403241,5790487.228180273,2569,1135,True
6760,584630.7938793591,5790485.811786064,2568,1137,True
6761,584630.4405183942,5790484.395391854,2568,1139,True
6762,584630.0871574293,5790482.978997645,2567,1141,True
6763,584629.7337964644,5790481.5626034355,2567,1143,True
6764,584629.3804354995,5790480.146209226,2566,1145,True
6765,584629.0270745344,5790478.729815017,2566,1147,True
6766,584628.6737135695,5790477.313420808,2565,1149,True
6767,584628.3203526046,5790475.897026598,2565,1150,True
6768,584627.9669916397,5790474.480632389,2565,1152,True
6769,584627.6136306748,5790473.0642381795,2564,1154,True
6770,584627.2602697099,5790471.647843971,2564,1156,True
6771,584626.906908745,5790470.231449761,2563,1158,True
6772,584626.55354778,5790468.815055552,2563,1160,True
6773,584626.200186815,5790467.398661342,2562,1162,True
6774,584625.8468258501,5790465.982267133,2562,1164,True
6775,584625.4934648852,5790464.5658729235,2561,1166,True
6776,584625.1401039202,5790463.149478715,2561,1168,True
6777,584624.7867429553,5790461.733084505,2560,1170,True
6778,584624.4333819904,5790460.316690296,2560,1172,True
6779,584624.0800210255,5790458.900296086,2559,1173,True
6780,584623.7266600606,5790457.483901877,2559,1175,True
6781,584623.3732990955,5790456.067507668,2558,1177,True
6782,584623.0199381306,5790454.651113459,2558,1179,True
6783,584622.6665771657,5790453.234719249,2557,1181,True
6784,584622.3132162008,5790451.81832504,2557,1183,True
6785,584621.9598552359,5790450.40193083,2556,1185,True
6786,584621.606494271,5790448.985536622,2556,1187,True
6787,584621.253133306,5790447.569142412,2555,1189,True
6788,584620.8997723411,5790446.152748203,2555,1191,True
6789,584620.5464113761,5790444.736353993,2554,1193,True
6790,584620.1930504112,5790443.319959784,2554,1195,True
6791,584619.8396894463,5790441.903565574,2553,1197,True
6792,584619.4863284813,5790440.487171366,2553,1198,True
6793,584619.1329675164,5790439.070777156,2553,1200,True
6794,584618.7796065515,5790437.654382947,2552,1202,True
6795,584618.4262455866,5790436.237988737,2552,1204,True
6796,584618.0728846217,5790434.821594528,2551,1206,True
6797,584617.7195236566,5790433.405200319,2551,1208,True
6798,584617.3661626917,5790431.98880611,2550,1210,True
6799,584617.0128017268,5790430.5724119,2550,1212,True
6800,584616.6594407619,5790429.156017691,2549,1214,True
6801,584616.306079797,5790427.739623481,2549,1216,True
6802,584615.9527188321,5790426.323229272,2548,1218,True
6803,584615.5993578671,5790424.906835063,2548,1220,True
6804,584615.2459969022,5790423.490440854,2547,1221,True
6805,584614.8926359372,5790422.074046644,2547,1223,True
6806,584614.5392749723,5790420.657652435,2546,1225,True
6807,584614.1859140074,5790419.241258225,2546,1227,True
6808,584613.8325530424,5790417.824864017,2545,1229,True
6809,584613.4791920775,5790416.408469807,2545,1231,True
6810,584613.1258311126,5790414.992075598,2544,1233,True
6811,584612.7724701477,5790413.575681388,2544,1235,True
6812,584612.4191091828,5790412.159287179,2543,1237,True
6813,584612.0657482177,5790410.742892969,2543,1239,True
6814,584611.7123872528,5790409.326498761,2542,1241,True
6815,584611.3590262879,5790407.910104551,2542,1243,True
6816,584611.005665323,5790406.493710342,2542,1244,False
6817,584610.6250094882,5790405.135525384,2541,1246,True
6818,584610.2443536534,5790403.777340426,2540,1248,True
6819,584609.8636978185,5790402.419155468,2540,1250,True
6820,584609.4830419837,5790401.060970509,2539,1252,True
6821,584609.1023861489,5790399.702785552,2539,1254,True
6822,584608.7217303141,5790398.344600594,2538,1256,True
6823,584608.3410744793,5790396.986415636,2538,1257,True
6824,584607.9604186444,5790395.628230678,2537,1259,True
6825,584607.5797628096,5790394.27004572,2537,1261,True
6826,584607.1991069748,5790392.911860762,2536,1263,True
6827,584606.81845114,5790391.553675804,2536,1265,True
6828,584606.4377953052,5790390.1954908455,2535,1267,True
6829,584606.0571394702,5790388.837305888,2535,1268,True
6830,584605.6764836354,5790387.47912093,2534,1270,True
6831,584605.2958278006,5790386.120935972,2534,1272,True
6832,584604.9151719658,5790384.762751014,2533,1274,True
6833,584604.534516131,5790383.404566056,2533,1276,True
6834,584604.1538602961,5790382.046381098,2532,1278,True
6835,584603.7732044613,5790380.68819614,2532,1279,True
6836,584603.3925486265,5790379.3300111815,2531,1281,True
6837,584603.0118927917,5790377.971826224,2531,1283,True
6838,584602.6312369569,5790376.613641266,2530,1285,True
6839,584602.250581122,5790375.255456308,2530,1287,True
6840,584601.8699252872,5790373.89727135,2529,1289,True
6841,584601.4892694524,5790372.539086392,2529,1290,True
6842,584601.1086136176,5790371.180901434,2528,1292,True
6843,584600.7279577828,5790369.822716476,2528,1294,True
6844,584600.3473019479,5790368.464531518,2527,1296,True
6845,584599.9666461131,5790367.10634656,2527,1298,True
6846,584599.5859902783,5790365.748161602,2526,1300,True
6847,584599.2053344435,5790364.389976644,2526,1302,True
6848,584598.8246786087,5790363.031791686,2525,1303,True
6849,584598.4440227738,5790361.673606728,2525,1305,True
6850,584598.063366939,5790360.31542177,2524,1307,True
6851,584597.6827111042,5790358.957236812,2523,1309,True
6852,584597.3020552694,5790357.599051854,2523,1311,True
6853,584596.9213994346,5790356.240866896,2522,1313,True
6854,584596.5407435998,5790354.882681938,2522,1314,True
6855,584596.1600877648,5790353.52449698,2521,1316,True
6856,584595.77943193,5790352.166312022,2521,1318,True
6857,584595.3987760952,5790350.808127064,2520,1320,True
6858,584595.0181202604,5790349.449942106,2520,1322,True
6859,584594.6374644256,5790348.0917571485,2519,1324,True
6860,584594.2568085907,5790346.73357219,2519,1325,True
6861,584593.8761527559,5790345.375387232,2518,1327,True
6862,584593.4954969211,5790344.017202274,2518,1329,True
6863,584593.1148410863,5790342.659017316,2517,1331,True
6864,584592.7341852515,5790341.300832358,2517,1333,True
6865,584592.3535294166,5790339.9426474,2516,1335,True
6866,584591.9728735818,5790338.584462442,2516,1336,True
6867,584591.592217747,5790337.226277485,2515,1338,True
6868,584591.2115619122,5790335.868092526,2515,1340,True
6869,584590.8309060774,5790334.509907568,2514,1342,True
6870,584590.4502502425,5790333.15172261,2514,1344,True
6871,584590.0695944077,5790331.793537652,2513,1346,True
6872,584589.6889385729,5790330.435352694,2513,1348,True
6873,584589.3082827381,5790329.077167736,2512,1349,True
6874,584588.9276269033,5790327.7189827785,2512,1351,True
6875,584588.5469710684,5790326.360797821,2511,1353,True
6876,584588.1663152336,5790325.002612862,2511,1355,True
6877,584587.7856593988,5790323.644427904,2510,1357,True
6878,584587.405003564,5790322.286242946,2510,1359,True
6879,584587.0243477292,5790320.928057988,2509,1360,True
6880,584586.6436918942,5790319.56987303,2509,1362,True
6881,584586.2630360594,5790318.211688072,2508,1364,True
6882,584585.8823802246,5790316.853503115,2507,1366,True
6883,584585.5017243898,5790315.495318157,2507,1368,True
6884,584585.121068555,5790314.137133198,2506,1370,True
6885,584584.7404127201,5790312.77894824,2506,1371,True
6886,584584.3597568853,5790311.420763282,2505,1373,True
6887,584583.9791010505,5790310.062578324,2505,1375,False
6888,584583.6124472686,5790308.717214651,2504,1377,True
6889,584583.2457934865,5790307.3718509795,2504,1379,True
6890,584582.8791397045,5790306.026487307,2503,1381,True
6891,584582.5124859225,5790304.681123634,2503,1382,True
6892,584582.1458321405,5790303.335759962,2502,1384,True
6893,584581.7791783585,5790301.990396289,2502,1386,True
6894,584581.4125245765,5790300.645032616,2501,1388,True
6895,584581.0458707944,5790299.299668944,2501,1390,True
6896,584580.6792170125,5790297.954305272,2500,1392,True
6897,584580.3125632304,5790296.6089416,2500,1393,True
6898,584579.9459094484,5790295.263577927,2499,1395,True
6899,584579.5792556665,5790293.918214254,2499,1397,True
6900,584579.2126018844,5790292.572850582,2498,1399,True
6901,584578.8459481024,5790291.227486909,2498,1401,True
6902,584578.4792943205,5790289.882123237,2497,1402,True
6903,584578.1126405384,5790288.536759565,2497,1404,True
6904,584577.7459867564,5790287.191395892,2496,1406,True
6905,584577.3793329744,5790285.846032219,2496,1408,True
6906,584577.0126791924,5790284.500668547,2495,1410,True
6907,584576.6460254104,5790283.155304874,2495,1412,True
6908,584576.2793716284,5790281.8099412015,2494,1413,True
6909,584575.9127178463,5790280.46457753,2494,1415,True
6910,584575.5460640644,5790279.119213857,2493,1417,True
6911,584575.1794102824,5790277.773850184,2493,1419,True
6912,584574.8127565003,5790276.428486512,2492,1421,True
6913,584574.4461027184,5790275.083122839,2492,1422,True
6914,584574.0794489363,5790273.737759167,2492,1424,True
6915,584573.7127951543,5790272.3923954945,2491,1426,True
6916,584573.3461413723,5790271.047031822,2491,1428,True
6917,584572.9794875903,5790269.70166815,2490,1430,True
6918,584572.6128338083,5790268.356304477,2490,1432,True
6919,584572.2461800263,5790267.010940804,2489,1433,True
6920,584571.8795262442,5790265.665577132,2489,1435,True
6921,584571.5128724623,5790264.320213459,2488,1437,True
6922,584571.1462186803,5790262.974849787,2488,1439,True
6923,584570.7795648982,5790261.629486115,2487,1441,True
6924,584570.4129111163,5790260.284122442,2487,1443,True
6925,584570.0462573343,5790258.938758769,2486,1444,True
6926,584569.6796035522,5790257.593395097,2486,1446,True
6927,584569.3129497702,5790256.248031424,2485,1448,True
6928,584568.9462959883,5790254.902667752,2485,1450,True
6929,584568.5796422062,5790253.55730408,2484,1452,True
6930,584568.2129884242,5790252.211940407,2484,1453,True
6931,584567.8463346423,5790250.866576734,2483,1455,True
6932,584567.4796808602,5790249.521213062,2483,1457,True
6933,584567.1130270782,5790248.175849389,2482,1459,True
6934,584566.7463732961,5790246.830485717,2482,1461,True
6935,584566.3797195142,5790245.485122045,2481,1463,True
6936,584566.0130657322,5790244.139758372,2481,1464,True
6937,584565.6464119501,5790242.7943947,2480,1466,True
6938,584565.2797581682,5790241.449031027,2480,1468,True
6939,584564.9131043862,5790240.103667354,2479,1470,True
6940,584564.5464506041,5790238.758303682,2479,1472,True
6941,584564.1797968221,5790237.4129400095,2478,1474,True
6942,584563.8131430402,5790236.067576337,2478,1475,True
6943,584563.4464892581,5790234.722212665,2477,1477,True
6944,584563.0798354761,5790233.376848992,2477,1479,True
6945,584562.7131816942,5790232.031485319,2476,1481,True
6946,584562.3465279121,5790230.686121647,2476,1483,True
6947,584561.9798741301,5790229.340757974,2475,1484,True
6948,584561.6132203481,5790227.995394302,2475,1486,True
6949,584561.246566566,5790226.65003063,2474,1488,True
6950,584560.8799127841,5790225.304666957,2474,1490,True
6951,584560.513259002,5790223.959303285,2473,1492,True
6952,584560.14660522,5790222.613939612,2473,1494,True
6953,584559.7799514381,5790221.268575939,2472,1495,True
6954,584559.413297656,5790219.923212267,2472,1497,True
6955,584559.046643874,5790218.577848595,2471,1499,True
6956,584558.6799900921,5790217.232484922,2471,1501,True
6957,584558.31333631,5790215.88712125,2470,1503,True
6958,584557.946682528,5790214.541757577,2470,1505,False
6959,584557.577270678,5790213.174020195,2469,1506,True
6960,584557.207858828,5790211.806282814,2469,1508,True
6961,584556.838446978,5790210.438545432,2468,1510,True
6962,584556.469035128,5790209.07080805,2468,1512,True
6963,584556.099623278,5790207.7030706685,2467,1514,True
6964,584555.730211428,5790206.335333287,2467,1516,True
6965,584555.360799578,5790204.967595905,2466,1517,True
6966,584554.9913877281,5790203.599858523,2466,1519,True
6967,584554.6219758781,5790202.232121142,2465,1521,True
6968,584554.2525640281,5790200.86438376,2465,1523,True
6969,584553.8831521781,5790199.496646378,2464,1525,True
6970,584553.5137403281,5790198.1289089965,2464,1527,True
6971,584553.1443284781,5790196.761171615,2463,1529,True
6972,584552.7749166281,5790195.393434233,2463,1530,True
6973,584552.4055047781,5790194.025696851,2462,1532,True
6974,584552.0360929281,5790192.65795947,2462,1534,True
6975,584551.6666810781,5790191.290222088,2461,1536,True
6976,584551.2972692281,5790189.922484707,2461,1538,True
6977,584550.9278573781,5790188.554747325,2460,1540,True
6978,584550.5584455281,5790187.187009944,2460,1542,True
6979,584550.1890336782,5790185.819272562,2459,1543,True
6980,584549.8196218283,5790184.45153518,2459,1545,True
6981,584549.4502099783,5790183.0837977985,2458,1547,True
6982,584549.0807981283,5790181.716060417,2458,1549,True
6983,584548.7113862783,5790180.348323035,2457,1551,True
6984,584548.3419744283,5790178.980585653,2457,1553,True
6985,584547.9725625783,5790177.612848272,2456,1555,True
6986,584547.6031507283,5790176.24511089,2456,1556,True
6987,584547.2337388783,5790174.877373508,2455,1558,True
6988,584546.8643270283,5790173.509636126,2455,1560,True
6989,584546.4949151783,5790172.141898745,2454,1562,True
6990,584546.1255033283,5790170.774161363,2454,1564,True
6991,584545.7560914783,5790169.406423981,2453,1566,True
6992,584545.3866796283,5790168.0386866,2453,1568,True
6993,584545.0172677783,5790166.670949218,2452,1569,True
6994,584544.6478559284,5790165.303211836,2452,1571,True
6995,584544.2784440784,5790163.935474454,2451,1573,True
6996,584543.9090322284,5790162.567737073,2451,1575,True
6997,584543.5396203784,5790161.199999691,2450,1577,True
6998,584543.1702085284,5790159.832262309,2450,1579,True
6999,584542.8007966784,5790158.464524928,2449,1580,True
7000,584542.4313848284,5790157.096787546,2449,1582,True
7001,584542.0619729784,5790155.729050164,2448,1584,True
7002,584541.6925611284,5790154.361312782,2448,1586,True
7003,584541.3231492784,5790152.993575401,2447,1588,True
7004,584540.9537374284,5790151.625838019,2447,1590,True
7005,584540.5843255784,5790150.258100637,2446,1592,True
7006,584540.2149137284,5790148.8903632555,2446,1593,True
7007,584539.8455018784,5790147.522625874,2445,1595,True
7008,584539.4760900285,5790146.154888492,2445,1597,True
7009,584539.1066781785,5790144.78715111,2444,1599,True
7010,584538.7372663285,5790143.419413729,2444,1601,True
7011,584538.3678544785,5790142.051676347,2443,1603,True
7012,584537.9984426285,5790140.683938966,2443,1605,True
7013,584537.6290307785,5790139.316201584,2442,1606,True
7014,584537.2596189285,5790137.948464203,2442,1608,True
7015,584536.8902070785,5790136.580726821,2441,1610,True
7016,584536.5207952285,5790135.212989439,2441,1612,True
7017,584536.1513833785,5790133.845252058,2440,1614,True
7018,584535.7819715285,5790132.477514676,2440,1616,True
7019,584535.4125596785,5790131.109777294,2439,1618,True
7020,584535.0431478285,5790129.742039912,2439,1619,True
7021,584534.6737359785,5790128.374302531,2438,1621,True
7022,584534.3043241287,5790127.006565149,2438,1623,True
7023,584533.9349122787,5790125.638827767,2437,1625,True
7024,584533.5655004287,5790124.2710903855,2437,1627,True
7025,584533.1960885787,5790122.903353004,2436,1629,True
7026,584532.8266767287,5790121.535615622,2436,1631,True
7027,584532.4572648787,5790120.16787824,2435,1632,True
7028,584532.0878530287,5790118.800140859,2435,1634,True
7029,584531.7184411787,5790117.432403477,2434,1636,False
7030,584531.355114384,5790116.060942317,2434,1638,True
7031,584530.9917875893,5790114.689481158,2433,1640,True
7032,584530.6284607945,5790113.318019998,2433,1642,True
7033,584530.2651339998,5790111.946558839,2432,1644,True
7034,584529.901807205,5790110.575097679,2432,1645,True
7035,584529.5384804104,5790109.20363652,2431,1647,True
7036,584529.1751536157,5790107.83217536,2431,1649,True
7037,584528.811826821,5790106.4607142005,2430,1651,True
7038,584528.4485000261,5790105.08925304,2430,1653,True
7039,584528.0851732314,5790103.7177918805,2429,1655,True
7040,584527.7218464367,5790102.346330721,2429,1657,True
7041,584527.358519642,5790100.974869561,2428,1658,True
7042,584526.9951928473,5790099.603408402,2428,1660,True
7043,584526.6318660525,5790098.231947242,2427,1662,True
7044,584526.2685392578,5790096.860486083,2427,1664,True
7045,584525.9052124631,5790095.489024923,2426,1666,True
7046,584525.5418856684,5790094.117563764,2426,1668,True
7047,584525.1785588737,5790092.746102604,2425,1670,True
7048,584524.815232079,5790091.3746414445,2425,1671,True
7049,584524.4519052842,5790090.003180285,2424,1673,True
7050,584524.0885784895,5790088.631719125,2424,1675,True
7051,584523.7252516948,5790087.260257966,2423,1677,True
7052,584523.3619249001,5790085.888796806,2423,1679,True
7053,584522.9985981054,5790084.517335647,2422,1681,True
7054,584522.6352713106,5790083.145874487,2422,1683,True
7055,584522.2719445159,5790081.774413328,2421,1684,True
7056,584521.9086177212,5790080.402952167,2421,1686,True
7057,584521.5452909265,5790079.031491008,2420,1688,True
7058,584521.1819641318,5790077.660029848,2420,1690,True
7059,584520.8186373371,5790076.288568689,2419,1692,True
7060,584520.4553105423,5790074.917107529,2419,1694,True
7061,584520.0919837476,5790073.545646369,2418,1696,True
7062,584519.7286569529,5790072.17418521,2418,1697,True
7063,584519.3653301582,5790070.80272405,2417,1699,True
7064,584519.0020033635,5790069.431262891,2417,1701,True
7065,584518.6386765686,5790068.059801731,2416,1703,True
7066,584518.2753497739,5790066.688340572,2416,1705,True
7067,584517.9120229792,5790065.316879412,2415,1707,True
7068,584517.5486961845,5790063.945418253,2415,1709,True
7069,584517.1853693898,5790062.573957093,2414,1710,True
7070,584516.822042595,5790061.2024959335,2414,1712,True
7071,584516.4587158003,5790059.831034774,2413,1714,True
7072,584516.0953890056,5790058.459573614,2413,1716,True
7073,584515.7320622109,5790057.088112455,2412,1718,True
7074,584515.3687354162,5790055.716651294,2412,1720,True
7075,584515.0054086215,5790054.345190135,2411,1722,True
7076,584514.6420818267,5790052.973728975,2411,1723,True
7077,584514.278755032,5790051.602267816,2410,1725,True
7078,584513.9154282373,5790050.230806656,2410,1727,True
7079,584513.5521014426,5790048.859345497,2410,1729,True
7080,584513.1887746479,5790047.487884337,2409,1731,True
7081,584512.8254478531,5790046.1164231775,2409,1733,True
7082,584512.4621210584,5790044.744962018,2408,1735,True
7083,584512.0987942637,5790043.373500858,2408,1736,True
7084,584511.735467469,5790042.002039699,2407,1738,True
7085,584511.3721406743,5790040.630578539,2407,1740,True
7086,584511.0088138796,5790039.25911738,2406,1742,True
7087,584510.6454870848,5790037.88765622,2406,1744,True
7088,584510.28216029,5790036.516195061,2405,1746,True
7089,584509.9188334954,5790035.144733901,2405,1748,True
7090,584509.5555067006,5790033.773272742,2404,1749,True
7091,584509.192179906,5790032.401811582,2404,1751,True
7092,584508.8288531111,5790031.030350422,2403,1753,True
7093,584508.4655263164,5790029.658889262,2403,1755,True
7094,584508.1021995217,5790028.287428102,2402,1757,True
7095,584507.738872727,5790026.915966943,2402,1759,True
7096,584507.3755459323,5790025.544505783,2401,1761,True
7097,584507.0122191376,5790024.173044624,2401,1762,True
7098,584506.6488923428,5790022.801583464,2400,1764,True
7099,584506.2855655481,5790021.430122305,2400,1766,True
7100,584505.9222387534,5790020.058661145,2399,1768,False
7101,584505.5604428919,5790018.7170877885,2399,1770,True
7102,584505.1986470304,5790017.375514433,2398,1772,True
7103,584504.8368511689,5790016.033941076,2398,1773,True
7104,584504.4750553074,5790014.6923677195,2397,1775,True
7105,584504.1132594459,5790013.350794364,2397,1777,True
7106,584503.7514635844,5790012.009221007,2396,1779,True
7107,584503.3896677229,5790010.66764765,2396,1781,True
7108,584503.0278718614,5790009.326074295,2395,1783,True
7109,584502.6660759998,5790007.984500938,2395,1784,True
7110,584502.3042801383,5790006.642927581,2394,1786,True
7111,584501.9424842768,5790005.301354226,2394,1788,True
7112,584501.5806884153,5790003.959780869,2393,1790,True
7113,584501.2188925538,5790002.618207512,2393,1792,True
7114,584500.8570966923,5790001.276634157,2392,1793,True
7115,584500.4953008308,5789999.9350608,2392,1795,True
7116,584500.1335049693,5789998.593487443,2391,1797,True
7117,584499.7717091078,5789997.251914088,2391,1799,True
7118,584499.4099132463,5789995.910340731,2390,1801,True
7119,584499.0481173848,5789994.568767374,2390,1803,True
7120,584498.6863215233,5789993.227194019,2389,1804,True
7121,584498.3245256618,5789991.885620662,2389,1806,True
7122,584497.9627298003,5789990.544047305,2388,1808,True
7123,584497.6009339388,5789989.20247395,2388,1810,True
7124,584497.2391380772,5789987.860900593,2387,1812,True
7125,584496.8773422157,5789986.519327236,2387,1813,True
7126,584496.5155463542,5789985.177753881,2386,1815,True
7127,584496.1537504927,5789983.836180524,2386,1817,True
7128,584495.7919546312,5789982.494607167,2385,1819,True
7129,584495.4301587697,5789981.153033812,2385,1821,True
7130,584495.0683629082,5789979.811460455,2384,1823,True
7131,584494.7065670467,5789978.469887098,2384,1824,True
7132,584494.3447711852,5789977.128313743,2383,1826,True
7133,584493.9829753237,5789975.786740386,2383,1828,True
7134,584493.6211794622,5789974.445167029,2383,1830,True
7135,584493.2593836007,5789973.103593674,2382,1832,True
7136,584492.897587739,5789971.762020317,2382,1833,True
7137,584492.5357918775,5789970.420446961,2381,1835,True
7138,584492.173996016,5789969.078873605,2381,1837,True
7139,584491.8122001545,5789967.737300248,2380,1839,True
7140,584491.450404293,5789966.395726892,2380,1841,True
7141,584491.0886084315,5789965.0541535355,2379,1842,True
7142,584490.72681257,5789963.712580179,2379,1844,True
7143,584490.3650167085,5789962.371006823,2378,1846,True
7144,584490.003220847,5789961.0294334665,2378,1848,True
7145,584489.6414249855,5789959.68786011,2377,1850,True
7146,584489.279629124,5789958.346286754,2377,1852,True
7147,584488.9178332625,5789957.0047133975,2376,1853,True
7148,584488.556037401,5789955.663140041,2376,1855,True
7149,584488.1942415395,5789954.321566685,2375,1857,True
7150,584487.832445678,5789952.979993328,2375,1859,True
7151,584487.4706498164,5789951.638419972,2374,1861,True
7152,584487.1088539549,5789950.296846616,2374,1862,True
7153,584486.7470580934,5789948.955273259,2373,1864,True
7154,584486.3852622319,5789947.613699903,2373,1866,True
7155,584486.0234663704,5789946.272126547,2372,1868,True
7156,584485.6616705089,5789944.93055319,2372,1870,True
7157,584485.2998746474,5789943.588979834,2371,1872,True
7158,584484.9380787859,5789942.247406478,2371,1873,True
7159,584484.5762829244,5789940.905833121,2370,1875,True
7160,584484.2144870629,5789939.564259765,2370,1877,True
7161,584483.8526912014,5789938.222686409,2369,1879,True
7162,584483.4908953399,5789936.881113052,2369,1881,True
7163,584483.1290994784,5789935.539539696,2368,1882,True
7164,584482.7673036169,5789934.19796634,2368,1884,True
7165,584482.4055077553,5789932.856392983,2367,1886,True
7166,584482.0437118938,5789931.514819627,2367,1888,True
7167,584481.6819160323,5789930.173246271,2366,1890,True
7168,584481.3201201708,5789928.831672914,2366,1892,True
7169,584480.9583243093,5789927.490099558,2365,1893,True
7170,584480.5965284478,5789926.148526202,2365,1895,True
7171,584480.2347325863,5789924.806952845,2364,1897,False
7172,584479.8587756717,5789923.444334489,2364,1899,True
7173,584479.4828187571,5789922.081716133,2363,1901,True
7174,584479.1068618424,5789920.719097778,2363,1903,True
7175,584478.730904928,5789919.356479422,2362,1904,True
7176,584478.3549480133,5789917.993861066,2362,1906,True
7177,584477.9789910987,5789916.63124271,2361,1908,True
7178,584477.6030341841,5789915.268624354,2361,1910,True
7179,584477.2270772695,5789913.906005999,2360,1912,True
7180,584476.8511203548,5789912.543387643,2360,1914,True
7181,584476.4751634402,5789911.180769287,2359,1915,True
7182,584476.0992065257,5789909.818150931,2359,1917,True
7183,584475.7232496111,5789908.455532576,2358,1919,True
7184,584475.3472926965,5789907.09291422,2358,1921,True
7185,584474.9713357819,5789905.730295864,2357,1923,True
7186,584474.5953788672,5789904.367677508,2357,1925,True
7187,584474.2194219526,5789903.005059152,2356,1927,True
7188,584473.843465038,5789901.642440797,2356,1928,True
7189,584473.4675081235,5789900.279822441,2355,1930,True
7190,584473.0915512089,5789898.917204085,2355,1932,True
7191,584472.7155942942,5789897.554585729,2354,1934,True
7192,584472.3396373796,5789896.191967373,2354,1936,True
7193,584471.963680465,5789894.829349018,2353,1938,True
7194,584471.5877235504,5789893.466730662,2353,1939,True
7195,584471.2117666358,5789892.104112306,2352,1941,True
7196,584470.8358097213,5789890.74149395,2352,1943,True
7197,584470.4598528066,5789889.378875594,2351,1945,True
7198,584470.083895892,5789888.016257239,2351,1947,True
7199,584469.7079389774,5789886.653638883,2350,1949,True
7200,584469.3319820628,5789885.291020527,2350,1951,True
7201,584468.9560251482,5789883.928402171,2349,1952,True
7202,584468.5800682335,5789882.565783815,2349,1954,True
7203,584468.204111319,5789881.203165459,2348,1956,True
7204,584467.8281544044,5789879.840547103,2348,1958,True
7205,584467.4521974898,5789878.477928747,2347,1960,True
7206,584467.0762405752,5789877.115310391,2347,1962,True
7207,584466.7002836606,5789875.752692036,2346,1963,True
7208,584466.3243267459,5789874.39007368,2346,1965,True
7209,584465.9483698313,5789873.027455324,2345,1967,True
7210,584465.5724129167,5789871.664836968,2345,1969,True
7211,584465.1964560022,5789870.302218612,2344,1971,True
7212,584464.8204990876,5789868.939600257,2343,1973,True
7213,584464.444542173,5789867.576981901,2343,1975,True
7214,584464.0685852583,5789866.214363545,2342,1976,True
7215,584463.6926283437,5789864.851745189,2342,1978,True
7216,584463.3166714291,5789863.489126834,2341,1980,True
7217,584462.9407145145,5789862.126508478,2341,1982,True
7218,584462.5647576,5789860.763890122,2340,1984,True
7219,584462.1888006853,5789859.401271766,2340,1986,True
7220,584461.8128437707,5789858.03865341,2339,1987,True
7221,584461.4368868561,5789856.676035055,2339,1989,True
7222,584461.0609299415,5789855.313416699,2338,1991,True
7223,584460.6849730269,5789853.950798343,2338,1993,True
7224,584460.3090161122,5789852.588179987,2337,1995,True
7225,584459.9330591977,5789851.225561631,2337,1997,True
7226,584459.5571022831,5789849.862943276,2336,1999,True
7227,584459.1811453685,5789848.50032492,2336,2000,True
7228,584458.8051884539,5789847.137706564,2335,2002,True
7229,584458.4292315393,5789845.775088208,2335,2004,True
7230,584458.0532746246,5789844.412469852,2334,2006,True
7231,584457.67731771,5789843.049851497,2334,2008,True
7232,584457.3013607955,5789841.687233141,2333,2010,True
7233,584456.9254038809,5789840.324614785,2333,2011,True
7234,584456.5494469663,5789838.961996429,2332,2013,True
7235,584456.1734900516,5789837.599378074,2332,2015,True
7236,584455.797533137,5789836.236759718,2331,2017,True
7237,584455.4215762224,5789834.874141362,2331,2019,True
7238,584455.0456193078,5789833.511523006,2330,2021,True
7239,584454.6696623933,5789832.14890465,2330,2023,True
7240,584454.2937054787,5789830.786286294,2329,2024,True
7241,584453.917748564,5789829.423667938,2329,2026,True
7242,584453.5417916494,5789828.061049582,2328,2028,False
7243,584453.1788056801,5789826.693519173,2328,2030,True
7244,584452.8158197108,5789825.325988764,2327,2032,True
7245,584452.4528337414,5789823.958458356,2327,2034,True
7246,584452.0898477721,5789822.590927946,2326,2035,True
7247,584451.7268618029,5789821.223397537,2326,2037,True
7248,584451.3638758336,5789819.855867128,2325,2039,True
7249,584451.0008898643,5789818.48833672,2325,2041,True
7250,584450.6379038949,5789817.12080631,2324,2043,True
7251,584450.2749179256,5789815.753275901,2324,2045,True
7252,584449.9119319563,5789814.385745492,2323,2047,True
7253,584449.548945987,5789813.0182150835,2323,2048,True
7254,584449.1859600177,5789811.650684674,2322,2050,True
7255,584448.8229740483,5789810.283154265,2322,2052,True
7256,584448.459988079,5789808.915623856,2321,2054,True
7257,584448.0970021097,5789807.548093447,2321,2056,True
7258,584447.7340161405,5789806.180563038,2320,2058,True
7259,584447.3710301712,5789804.813032629,2320,2060,True
7260,584447.0080442018,5789803.44550222,2319,2061,True
7261,584446.6450582325,5789802.077971811,2319,2063,True
7262,584446.2820722632,5789800.710441402,2318,2065,True
7263,584445.9190862939,5789799.342910993,2318,2067,True
7264,584445.5561003246,5789797.975380584,2317,2069,True
7265,584445.1931143552,5789796.607850175,2317,2071,True
7266,584444.8301283859,5789795.240319766,2316,2073,True
7267,584444.4671424166,5789793.872789357,2316,2074,True
7268,584444.1041564473,5789792.505258948,2315,2076,True
7269,584443.741170478,5789791.137728538,2315,2078,True
7270,584443.3781845086,5789789.77019813,2314,2080,True
7271,584443.0151985394,5789788.402667721,2314,2082,True
7272,584442.6522125701,5789787.035137312,2313,2084,True
7273,584442.2892266008,5789785.667606902,2313,2086,True
7274,584441.9262406315,5789784.300076494,2312,2087,True
7275,584441.5632546621,5789782.932546085,2312,2089,True
7276,584441.2002686928,5789781.5650156755,2311,2091,True
7277,584440.8372827235,5789780.197485266,2311,2093,True
7278,584440.4742967542,5789778.829954858,2311,2095,True
7279,584440.1113107849,5789777.462424449,2310,2097,True
7280,584439.7483248156,5789776.094894039,2310,2098,True
7281,584439.3853388462,5789774.72736363,2309,2100,True
7282,584439.022352877,5789773.359833222,2309,2102,True
7283,584438.6593669077,5789771.992302813,2308,2104,True
7284,584438.2963809384,5789770.624772403,2308,2106,True
7285,584437.9333949691,5789769.257241994,2307,2108,True
7286,584437.5704089997,5789767.889711586,2307,2110,True
7287,584437.2074230304,5789766.522181177,2306,2111,True
7288,584436.8444370611,5789765.154650767,2306,2113,True
7289,584436.4814510918,5789763.787120358,2305,2115,True
7290,584436.1184651225,5789762.419589949,2305,2117,True
7291,584435.7554791531,5789761.0520595405,2304,2119,True
7292,584435.3924931838,5789759.684529131,2304,2121,True
7293,584435.0295072146,5789758.316998722,2303,2123,True
7294,584434.6665212453,5789756.949468313,2303,2124,True
7295,584434.303535276,5789755.5819379045,2302,2126,True
7296,584433.9405493066,5789754.214407495,2302,2128,True
7297,584433.5775633373,5789752.846877086,2301,2130,True
7298,584433.214577368,5789751.479346677,2301,2132,True
7299,584432.8515913987,5789750.111816268,2300,2134,True
7300,584432.4886054294,5789748.744285859,2300,2136,True
7301,584432.12561946,5789747.37675545,2299,2137,True
7302,584431.7626334907,5789746.009225041,2299,2139,True
7303,584431.3996475214,5789744.641694632,2298,2141,True
7304,584431.0366615521,5789743.274164223,2298,2143,True
7305,584430.6736755829,5789741.906633814,2297,2145,True
7306,584430.3106896135,5789740.539103405,2297,2147,True
7307,584429.9477036442,5789739.171572996,2296,2149,True
7308,584429.5847176749,5789737.804042587,2296,2150,True
7309,584429.2217317056,5789736.436512178,2295,2152,True
7310,584428.8587457363,5789735.068981769,2295,2154,True
7311,584428.4957597669,5789733.70145136,2294,2156,True
7312,584428.1327737976,5789732.333920951,2294,2158,True
7313,584427.7697878283,5789730.966390542,2293,2160,False
7314,584427.4088917001,5789729.608561154,2293,2161,True
7315,584427.0479955719,5789728.250731768,2292,2163,True
7316,584426.6870994436,5789726.892902381,2292,2165,True
7317,584426.3262033154,5789725.535072994,2291,2167,True
7318,584425.9653071872,5789724.177243607,2291,2169,True
7319,584425.604411059,5789722.819414221,2290,2171,True
7320,584425.2435149307,5789721.461584833,2290,2172,True
7321,584424.8826188026,5789720.103755446,2289,2174,True
7322,584424.5217226744,5789718.74592606,2289,2176,True
7323,584424.1608265461,5789717.3880966725,2288,2178,True
7324,584423.7999304179,5789716.030267286,2288,2180,True
7325,584423.4390342897,5789714.672437899,2287,2182,True
7326,584423.0781381615,5789713.3146085115,2287,2184,True
7327,584422.7172420332,5789711.956779125,2286,2185,True
7328,584422.356345905,5789710.598949738,2286,2187,True
7329,584421.9954497768,5789709.2411203515,2285,2189,True
7330,584421.6345536485,5789707.883290964,2285,2191,True
7331,584421.2736575203,5789706.525461578,2284,2193,True
7332,584420.9127613921,5789705.1676321905,2284,2195,True
7333,584420.5518652638,5789703.809802803,2284,2196,True
7334,584420.1909691356,5789702.451973417,2283,2198,True
7335,584419.8300730075,5789701.09414403,2283,2200,True
7336,584419.4691768793,5789699.736314643,2282,2202,True
7337,584419.108280751,5789698.378485256,2282,2204,True
7338,584418.7473846228,5789697.0206558695,2281,2206,True
7339,584418.3864884946,5789695.662826482,2281,2207,True
7340,584418.0255923663,5789694.304997095,2280,2209,True
7341,584417.6646962381,5789692.947167709,2280,2211,True
7342,584417.3038001099,5789691.589338321,2279,2213,True
7343,584416.9429039817,5789690.231508935,2279,2215,True
7344,584416.5820078534,5789688.873679548,2278,2217,True
7345,584416.2211117252,5789687.515850161,2278,2218,True
7346,584415.860215597,5789686.158020774,2277,2220,True
7347,584415.4993194687,5789684.800191387,2277,2222,True
7348,584415.1384233405,5789683.442362,2276,2224,True
7349,584414.7775272124,5789682.084532613,2276,2226,True
7350,584414.4166310842,5789680.726703227,2275,2228,True
7351,584414.0557349559,5789679.368873839,2275,2230,True
7352,584413.6948388277,5789678.011044452,2274,2231,True
7353,584413.3339426995,5789676.653215066,2274,2233,True
7354,584412.9730465712,5789675.295385678,2273,2235,True
7355,584412.612150443,5789673.937556292,2273,2237,True
7356,584412.2512543148,5789672.579726905,2272,2239,True
7357,584411.8903581866,5789671.221897518,2272,2241,True
7358,584411.5294620583,5789669.864068131,2271,2242,True
7359,584411.1685659301,5789668.506238744,2271,2244,True
7360,584410.8076698019,5789667.148409357,2270,2246,True
7361,584410.4467736736,5789665.79057997,2270,2248,True
7362,584410.0858775454,5789664.432750584,2269,2250,True
7363,584409.7249814173,5789663.074921196,2269,2252,True
7364,584409.3640852891,5789661.71709181,2268,2253,True
7365,584409.0031891608,5789660.359262423,2268,2255,True
7366,584408.6422930326,5789659.001433035,2267,2257,True
7367,584408.2813969044,5789657.643603649,2267,2259,True
7368,584407.9205007761,5789656.285774262,2266,2261,True
7369,584407.5596046479,5789654.927944875,2266,2263,True
7370,584407.1987085197,5789653.570115488,2265,2264,True
7371,584406.8378123915,5789652.212286102,2265,2266,True
7372,584406.4769162632,5789650.854456714,2264,2268,True
7373,584406.116020135,5789649.496627327,2264,2270,True
7374,584405.7551240068,5789648.138797941,2263,2272,True
7375,584405.3942278785,5789646.780968553,2263,2274,True
7376,584405.0333317503,5789645.423139167,2262,2276,True
7377,584404.6724356222,5789644.06530978,2262,2277,True
7378,584404.311539494,5789642.707480392,2262,2279,True
7379,584403.9506433657,5789641.349651006,2261,2281,True
7380,584403.5897472375,5789639.991821619,2261,2283,True
7381,584403.2288511093,5789638.633992232,2260,2285,True
7382,584402.867954981,5789637.276162845,2260,2287,True
7383,584402.5070588528,5789635.918333459,2259,2288,True
7384,584402.1461627246,5789634.560504071,2259,2290,False
7385,584401.7786926131,5789633.195644302,2258,2292,True
7386,584401.4112225015,5789631.830784532,2258,2294,True
7387,584401.0437523901,5789630.465924763,2257,2296,True
7388,584400.6762822785,5789629.101064994,2257,2298,True
7389,584400.308812167,5789627.736205224,2256,2299,True
7390,584399.9413420556,5789626.371345455,2256,2301,True
7391,584399.573871944,5789625.006485686,2255,2303,True
7392,584399.2064018325,5789623.641625916,2255,2305,True
7393,584398.8389317209,5789622.2767661465,2254,2307,True
7394,584398.4714616095,5789620.9119063765,2254,2309,True
7395,584398.103991498,5789619.547046607,2253,2311,True
7396,584397.7365213864,5789618.182186838,2253,2312,True
7397,584397.369051275,5789616.817327068,2252,2314,True
7398,584397.0015811634,5789615.452467299,2252,2316,True
7399,584396.6341110519,5789614.08760753,2251,2318,True
7400,584396.2666409404,5789612.72274776,2251,2320,True
7401,584395.8991708289,5789611.357887991,2250,2322,True
7402,584395.5317007174,5789609.993028222,2250,2324,True
7403,584395.1642306059,5789608.628168452,2249,2325,True
7404,584394.7967604944,5789607.2633086825,2249,2327,True
7405,584394.4292903829,5789605.898448913,2248,2329,True
7406,584394.0618202713,5789604.533589143,2248,2331,True
7407,584393.6943501598,5789603.168729374,2247,2333,True
7408,584393.3268800484,5789601.803869605,2247,2335,True
7409,584392.9594099368,5789600.439009835,2246,2336,True
7410,584392.5919398253,5789599.074150066,2246,2338,True
7411,584392.2244697138,5789597.709290296,2245,2340,True
7412,584391.8569996023,5789596.344430527,2245,2342,True
7413,584391.4895294908,5789594.979570758,2244,2344,True
7414,584391.1220593792,5789593.614710988,2244,2346,True
7415,584390.7545892678,5789592.249851218,2243,2348,True
7416,584390.3871191562,5789590.884991449,2243,2349,True
7417,584390.0196490447,5789589.520131679,2242,2351,True
7418,584389.6521789333,5789588.15527191,2242,2353,True
7419,584389.2847088217,5789586.790412141,2241,2355,True
7420,584388.9172387102,5789585.425552371,2241,2357,True
7421,584388.5497685986,5789584.060692602,2240,2359,True
7422,584388.1822984872,5789582.695832833,2240,2360,True
7423,584387.8148283757,5789581.330973063,2239,2362,True
7424,584387.4473582641,5789579.966113294,2239,2364,True
7425,584387.0798881527,5789578.601253524,2238,2366,True
7426,584386.7124180411,5789577.236393754,2238,2368,True
7427,584386.3449479296,5789575.871533985,2237,2370,True
7428,584385.9774778181,5789574.506674216,2237,2372,True
7429,584385.6100077066,5789573.141814446,2236,2373,True
7430,584385.2425375951,5789571.776954677,2236,2375,True
7431,584384.8750674835,5789570.412094907,2235,2377,True
7432,584384.507597372,5789569.047235138,2235,2379,True
7433,584384.1401272606,5789567.682375369,2234,2381,True
7434,584383.772657149,5789566.317515599,2234,2383,True
7435,584383.4051870375,5789564.9526558295,2233,2385,True
7436,584383.037716926,5789563.58779606,2233,2386,True
7437,584382.6702468145,5789562.22293629,2232,2388,True
7438,584382.302776703,5789560.858076521,2232,2390,True
7439,584381.9353065914,5789559.493216752,2231,2392,True
7440,584381.56783648,5789558.128356982,2231,2394,True
7441,584381.2003663685,5789556.763497213,2230,2396,True
7442,584380.8328962569,5789555.398637444,2230,2397,True
7443,584380.4654261455,5789554.033777674,2229,2399,True
7444,584380.0979560339,5789552.668917905,2229,2401,True
7445,584379.7304859224,5789551.3040581355,2228,2403,True
7446,584379.363015811,5789549.939198365,2228,2405,True
7447,584378.9955456994,5789548.574338596,2227,2407,True
7448,584378.6280755879,5789547.209478826,2227,2409,True
7449,584378.2606054763,5789545.844619057,2226,2410,True
7450,584377.8931353649,5789544.479759288,2226,2412,True
7451,584377.5256652534,5789543.114899518,2225,2414,True
7452,584377.1581951418,5789541.750039749,2225,2416,True
7453,584376.7907250304,5789540.38517998,2224,2418,True
7454,584376.4232549188,5789539.02032021,2224,2420,True
7455,584376.0557848073,5789537.655460441,2223,2422,False
7456,584375.6970347296,5789536.320393396,2223,2423,True
7457,584375.3382846519,5789534.985326352,2222,2425,True
7458,584374.9795345742,5789533.650259307,2222,2427,True
7459,584374.6207844965,5789532.315192263,2221,2429,True
7460,584374.2620344189,5789530.980125218,2221,2431,True
7461,584373.9032843411,5789529.645058174,2220,2432,True
7462,584373.5445342634,5789528.309991129,2220,2434,True
7463,584373.1857841858,5789526.974924084,2219,2436,True
7464,584372.8270341081,5789525.63985704,2219,2438,True
7465,584372.4682840303,5789524.304789995,2218,2440,True
7466,584372.1095339527,5789522.969722951,2218,2441,True
7467,584371.750783875,5789521.634655906,2217,2443,True
7468,584371.3920337973,5789520.299588861,2217,2445,True
7469,584371.0332837196,5789518.964521817,2216,2447,True
7470,584370.6745336419,5789517.629454772,2216,2449,True
7471,584370.3157835642,5789516.294387728,2215,2450,True
7472,584369.9570334866,5789514.959320683,2215,2452,True
7473,584369.5982834088,5789513.624253639,2214,2454,True
7474,584369.2395333311,5789512.289186594,2214,2456,True
7475,584368.8807832535,5789510.954119549,2214,2458,True
7476,584368.5220331758,5789509.619052505,2213,2459,True
7477,584368.163283098,5789508.28398546,2213,2461,True
7478,584367.8045330204,5789506.948918416,2212,2463,True
7479,584367.4457829427,5789505.613851371,2212,2465,True
7480,584367.087032865,5789504.278784327,2211,2467,True
7481,584366.7282827873,5789502.943717282,2211,2469,True
7482,584366.3695327096,5789501.608650237,2210,2470,True
7483,584366.0107826319,5789500.273583193,2210,2472,True
7484,584365.6520325543,5789498.938516148,2209,2474,True
7485,584365.2932824765,5789497.603449104,2209,2476,True
7486,584364.9345323988,5789496.268382059,2208,2478,True
7487,584364.5757823212,5789494.933315015,2208,2479,True
7488,584364.2170322435,5789493.59824797,2207,2481,True
7489,584363.8582821657,5789492.2631809255,2207,2483,True
7490,584363.499532088,5789490.9281138815,2206,2485,True
7491,584363.1407820104,5789489.593046837,2206,2487,True
7492,584362.7820319327,5789488.257979793,2205,2488,True
7493,584362.423281855,5789486.922912748,2205,2490,True
7494,584362.0645317773,5789485.587845703,2204,2492,True
7495,584361.7057816996,5789484.252778659,2204,2494,True
7496,584361.347031622,5789482.917711614,2203,2496,True
7497,584360.9882815442,5789481.58264457,2203,2497,True
7498,584360.6295314665,5789480.247577525,2202,2499,True
7499,584360.2707813889,5789478.912510481,2202,2501,True
7500,584359.9120313112,5789477.577443436,2201,2503,True
7501,584359.5532812334,5789476.242376391,2201,2505,True
7502,584359.1945311558,5789474.907309347,2200,2507,True
7503,584358.8357810781,5789473.572242302,2200,2508,True
7504,584358.4770310004,5789472.237175258,2199,2510,True
7505,584358.1182809226,5789470.902108213,2199,2512,True
7506,584357.759530845,5789469.567041169,2198,2514,True
7507,584357.4007807673,5789468.231974124,2198,2516,True
7508,584357.0420306897,5789466.896907079,2197,2517,True
7509,584356.6832806119,5789465.561840035,2197,2519,True
7510,584356.3245305342,5789464.22677299,2197,2521,True
7511,584355.9657804566,5789462.891705946,2196,2523,True
7512,584355.6070303789,5789461.556638901,2196,2525,True
7513,584355.2482803011,5789460.221571857,2195,2526,True
7514,584354.8895302234,5789458.886504812,2195,2528,True
7515,584354.5307801458,5789457.551437767,2194,2530,True
7516,584354.1720300681,5789456.216370723,2194,2532,True
7517,584353.8132799903,5789454.881303678,2193,2534,True
7518,584353.4545299127,5789453.546236634,2193,2535,True
7519,584353.095779835,5789452.211169589,2192,2537,True
7520,584352.7370297574,5789450.876102544,2192,2539,True
7521,584352.3782796796,5789449.5410355,2191,2541,True
7522,584352.0195296019,5789448.205968455,2191,2543,True
7523,584351.6607795242,5789446.870901411,2190,2544,True
7524,584351.3020294466,5789445.535834366,2190,2546,True
7525,584350.9432793688,5789444.200767322,2189,2548,True
7526,584350.5845292911,5789442.8657002775,2189,2550,False
7527,584350.2148309576,5789441.490274165,2188,2552,True
7528,584349.845132624,5789440.114848052,2188,2554,True
7529,584349.4754342905,5789438.73942194,2187,2556,True
7530,584349.1057359569,5789437.363995828,2187,2557,True
7531,584348.7360376234,5789435.988569715,2186,2559,True
7532,584348.3663392898,5789434.613143602,2186,2561,True
7533,584347.9966409563,5789433.237717491,2185,2563,True
7534,584347.6269426228,5789431.862291378,2185,2565,True
7535,584347.2572442893,5789430.486865265,2184,2567,True
7536,584346.8875459557,5789429.111439153,2184,2569,True
7537,584346.5178476222,5789427.736013041,2183,2570,True
7538,584346.1481492886,5789426.360586928,2183,2572,True
7539,584345.778450955,5789424.9851608155,2182,2574,True
7540,584345.4087526215,5789423.609734703,2182,2576,True
7541,584345.039054288,5789422.234308591,2181,2578,True
7542,584344.6693559544,5789420.858882478,2181,2580,True
7543,584344.2996576208,5789419.483456366,2180,2582,True
7544,584343.9299592873,5789418.108030253,2180,2583,True
7545,584343.5602609537,5789416.732604141,2179,2585,True
7546,584343.1905626202,5789415.357178029,2179,2587,True
7547,584342.8208642866,5789413.981751916,2178,2589,True
7548,584342.4511659532,5789412.606325803,2178,2591,True
7549,584342.0814676196,5789411.230899692,2177,2593,True
7550,584341.7117692861,5789409.855473579,2177,2595,True
7551,584341.3420709525,5789408.480047466,2176,2597,True
7552,584340.972372619,5789407.104621354,2176,2598,True
7553,584340.6026742854,5789405.729195241,2175,2600,True
7554,584340.2329759519,5789404.353769129,2175,2602,True
7555,584339.8632776183,5789402.9783430165,2174,2604,True
7556,584339.4935792848,5789401.602916904,2174,2606,True
7557,584339.1238809512,5789400.227490791,2173,2608,True
7558,584338.7541826176,5789398.852064679,2173,2610,True
7559,584338.3844842841,5789397.476638567,2172,2611,True
7560,584338.0147859505,5789396.101212454,2172,2613,True
7561,584337.645087617,5789394.725786341,2171,2615,True
7562,584337.2753892835,5789393.35036023,2171,2617,True
7563,584336.90569095,5789391.974934117,2170,2619,True
7564,584336.5359926164,5789390.599508004,2170,2621,True
7565,584336.1662942829,5789389.224081892,2169,2623,True
7566,584335.7965959493,5789387.84865578,2169,2624,True
7567,584335.4268976158,5789386.473229667,2168,2626,True
7568,584335.0571992822,5789385.0978035545,2168,2628,True
7569,584334.6875009487,5789383.722377442,2167,2630,True
7570,584334.3178026151,5789382.34695133,2167,2632,True
7571,584333.9481042816,5789380.971525217,2166,2634,True
7572,584333.578405948,5789379.596099105,2166,2636,True
7573,584333.2087076145,5789378.220672992,2165,2637,True
7574,584332.8390092809,5789376.845246879,2165,2639,True
7575,584332.4693109473,5789375.469820768,2164,2641,True
7576,584332.0996126139,5789374.094394655,2164,2643,True
7577,584331.7299142804,5789372.718968542,2163,2645,True
7578,584331.3602159468,5789371.34354243,2163,2647,True
7579,584330.9905176132,5789369.968116318,2162,2649,True
7580,584330.6208192797,5789368.592690205,2162,2651,True
7581,584330.2511209461,5789367.2172640925,2161,2652,True
7582,584329.8814226126,5789365.84183798,2161,2654,True
7583,584329.511724279,5789364.466411868,2160,2656,True
7584,584329.1420259455,5789363.090985755,2160,2658,True
7585,584328.7723276119,5789361.715559643,2159,2660,True
7586,584328.4026292784,5789360.34013353,2159,2662,True
7587,584328.0329309448,5789358.964707418,2158,2664,True
7588,584327.6632326113,5789357.589281306,2158,2665,True
7589,584327.2935342777,5789356.213855193,2157,2667,True
7590,584326.9238359443,5789354.83842908,2157,2669,True
7591,584326.5541376107,5789353.463002969,2156,2671,True
7592,584326.1844392772,5789352.087576856,2156,2673,True
7593,584325.8147409436,5789350.712150743,2155,2675,True
7594,584325.44504261,5789349.336724631,2155,2677,True
7595,584325.0753442765,5789347.961298519,2154,2678,True
7596,584324.705645943,5789346.585872406,2154,2680,True
7597,584324.3359476094,5789345.2104462935,2153,2682,False
7598,584323.9723056105,5789343.867509586,2153,2684,True
7599,584323.6086636117,5789342.524572878,2152,2686,True
7600,584323.2450216128,5789341.18163617,2152,2688,True
7601,584322.881379614,5789339.838699462,2151,2689,True
7602,584322.5177376152,5789338.495762754,2151,2691,True
7603,584322.1540956164,5789337.152826047,2150,2693,True
7604,584321.7904536176,5789335.809889338,2150,2695,True
7605,584321.4268116187,5789334.46695263,2149,2697,True
7606,584321.0631696199,5789333.124015923,2149,2699,True
7607,584320.699527621,5789331.781079215,2148,2700,True
7608,584320.3358856222,5789330.438142506,2148,2702,True
7609,584319.9722436233,5789329.095205799,2147,2704,True
7610,584319.6086016245,5789327.752269091,2147,2706,True
7611,584319.2449596256,5789326.409332383,2146,2708,True
7612,584318.8813176268,5789325.066395675,2146,2710,True
7613,584318.5176756281,5789323.723458967,2145,2711,True
7614,584318.1540336292,5789322.3805222595,2145,2713,True
7615,584317.7903916304,5789321.037585552,2144,2715,True
7616,584317.4267496315,5789319.694648843,2144,2717,True
7617,584317.0631076327,5789318.351712136,2143,2719,True
7618,584316.6994656338,5789317.008775428,2143,2720,True
7619,584316.335823635,5789315.66583872,2142,2722,True
7620,584315.9721816361,5789314.322902012,2142,2724,True
7621,584315.6085396373,5789312.979965304,2141,2726,True
7622,584315.2448976384,5789311.637028596,2141,2728,True
7623,584314.8812556397,5789310.294091889,2140,2730,True
7624,584314.5176136409,5789308.951155181,2140,2731,True
7625,584314.153971642,5789307.608218472,2139,2733,True
7626,584313.7903296432,5789306.265281765,2139,2735,True
7627,584313.4266876443,5789304.922345057,2138,2737,True
7628,584313.0630456455,5789303.5794083495,2138,2739,True
7629,584312.6994036466,5789302.236471641,2137,2740,True
7630,584312.3357616478,5789300.893534933,2137,2742,True
7631,584311.9721196489,5789299.550598226,2136,2744,True
7632,584311.6084776501,5789298.207661518,2136,2746,True
7633,584311.2448356514,5789296.864724809,2135,2748,True
7634,584310.8811936525,5789295.521788102,2135,2750,True
7635,584310.5175516537,5789294.178851394,2134,2751,True
7636,584310.1539096548,5789292.835914686,2134,2753,True
7637,584309.790267656,5789291.492977978,2133,2755,True
7638,584309.4266256571,5789290.15004127,2133,2757,True
7639,584309.0629836583,5789288.807104562,2132,2759,True
7640,584308.6993416594,5789287.464167855,2132,2760,True
7641,584308.3356996606,5789286.121231146,2131,2762,True
7642,584307.9720576617,5789284.7782944385,2131,2764,True
7643,584307.608415663,5789283.435357731,2131,2766,True
7644,584307.2447736642,5789282.092421023,2130,2768,True
7645,584306.8811316653,5789280.7494843155,2130,2770,True
7646,584306.5174896665,5789279.406547607,2129,2771,True
7647,584306.1538476676,5789278.063610899,2129,2773,True
7648,584305.7902056688,5789276.720674192,2128,2775,True
7649,584305.4265636699,5789275.377737484,2128,2777,True
7650,584305.0629216711,5789274.034800775,2127,2779,True
7651,584304.6992796722,5789272.691864068,2127,2780,True
7652,584304.3356376734,5789271.34892736,2126,2782,True
7653,584303.9719956747,5789270.005990652,2126,2784,True
7654,584303.6083536758,5789268.663053944,2125,2786,True
7655,584303.244711677,5789267.320117236,2125,2788,True
7656,584302.8810696781,5789265.977180528,2124,2790,True
7657,584302.5174276793,5789264.634243821,2124,2791,True
7658,584302.1537856804,5789263.291307112,2123,2793,True
7659,584301.7901436816,5789261.948370405,2123,2795,True
7660,584301.4265016827,5789260.605433697,2122,2797,True
7661,584301.0628596839,5789259.262496989,2122,2799,True
7662,584300.699217685,5789257.919560281,2121,2800,True
7663,584300.3355756863,5789256.576623573,2121,2802,True
7664,584299.9719336875,5789255.233686865,2120,2804,True
7665,584299.6082916886,5789253.890750158,2120,2806,True
7666,584299.2446496898,5789252.547813449,2119,2808,True
7667,584298.8810076909,5789251.204876741,2119,2810,True
7668,584298.5173656921,5789249.861940034,2118,2811,False
7669,584298.1512524734,5789248.495372427,2118,2813,True
7670,584297.7851392545,5789247.128804821,2117,2815,True
7671,584297.4190260358,5789245.762237214,2117,2817,True
7672,584297.0529128171,5789244.395669607,2116,2819,True
7673,584296.6867995983,5789243.029102,2116,2821,True
7674,584296.3206863796,5789241.662534394,2115,2822,True
7675,584295.9545731609,5789240.295966787,2115,2824,True
7676,584295.588459942,5789238.92939918,2114,2826,True
7677,584295.2223467233,5789237.562831574,2114,2828,True
7678,584294.8562335045,5789236.196263967,2113,2830,True
7679,584294.4901202858,5789234.829696361,2113,2832,True
7680,584294.1240070671,5789233.463128754,2112,2834,True
7681,584293.7578938482,5789232.096561147,2112,2835,True
7682,584293.3917806295,5789230.729993541,2111,2837,True
7683,584293.0256674108,5789229.363425934,2111,2839,True
7684,584292.659554192,5789227.996858328,2110,2841,True
7685,584292.2934409733,5789226.630290721,2110,2843,True
7686,584291.9273277546,5789225.2637231145,2109,2845,True
7687,584291.5612145357,5789223.8971555075,2109,2847,True
7688,584291.195101317,5789222.5305879,2108,2848,True
7689,584290.8289880983,5789221.164020294,2108,2850,True
7690,584290.4628748795,5789219.797452687,2107,2852,True
7691,584290.0967616608,5789218.430885081,2107,2854,True
7692,584289.730648442,5789217.064317474,2106,2856,True
7693,584289.3645352232,5789215.697749868,2106,2858,True
7694,584288.9984220045,5789214.331182261,2105,2860,True
7695,584288.6323087857,5789212.964614654,2105,2861,True
7696,584288.266195567,5789211.598047048,2104,2863,True
7697,584287.9000823483,5789210.231479441,2104,2865,True
7698,584287.5339691294,5789208.864911835,2103,2867,True
7699,584287.1678559107,5789207.498344228,2103,2869,True
7700,584286.801742692,5789206.131776622,2102,2871,True
7701,584286.4356294732,5789204.7652090145,2102,2872,True
7702,584286.0695162545,5789203.3986414075,2101,2874,True
7703,584285.7034030358,5789202.032073801,2101,2876,True
7704,584285.3372898169,5789200.665506194,2100,2878,True
7705,584284.9711765982,5789199.298938588,2100,2880,True
7706,584284.6050633795,5789197.932370981,2099,2882,True
7707,584284.2389501607,5789196.565803374,2099,2884,True
7708,584283.872836942,5789195.199235768,2098,2885,True
7709,584283.5067237233,5789193.832668161,2098,2887,True
7710,584283.1406105044,5789192.466100555,2097,2889,True
7711,584282.7744972857,5789191.099532948,2097,2891,True
7712,584282.408384067,5789189.732965342,2096,2893,True
7713,584282.0422708482,5789188.366397735,2096,2895,True
7714,584281.6761576295,5789186.999830128,2095,2897,True
7715,584281.3100444106,5789185.633262522,2095,2898,True
7716,584280.9439311919,5789184.266694915,2094,2900,True
7717,584280.5778179732,5789182.900127308,2094,2902,True
7718,584280.2117047544,5789181.533559701,2093,2904,True
7719,584279.8455915357,5789180.166992095,2093,2906,True
7720,584279.479478317,5789178.800424488,2092,2908,True
7721,584279.1133650981,5789177.433856881,2092,2910,True
7722,584278.7472518794,5789176.067289275,2091,2911,True
7723,584278.3811386607,5789174.700721668,2091,2913,True
7724,584278.0150254419,5789173.334154062,2090,2915,True
7725,584277.6489122232,5789171.967586455,2090,2917,True
7726,584277.2827990045,5789170.601018849,2089,2919,True
7727,584276.9166857856,5789169.234451242,2089,2921,True
7728,584276.5505725669,5789167.867883635,2088,2922,True
7729,584276.1844593482,5789166.501316029,2088,2924,True
7730,584275.8183461294,5789165.134748422,2087,2926,True
7731,584275.4522329107,5789163.7681808155,2087,2928,True
7732,584275.0861196918,5789162.401613208,2086,2930,True
7733,584274.7200064731,5789161.035045601,2086,2932,True
7734,584274.3538932544,5789159.668477995,2085,2934,True
7735,584273.9877800356,5789158.301910388,2085,2935,True
7736,584273.6216668169,5789156.935342782,2084,2937,True
7737,584273.2555535982,5789155.568775175,2084,2939,True
7738,584272.8894403793,5789154.202207569,2083,2941,True
7739,584272.5233271606,5789152.835639962,2083,2943,False
7740,584272.1560666106,5789151.486901144,2082,2945,True
7741,584271.7888060604,5789150.138162325,2082,2946,True
7742,584271.4215455104,5789148.789423508,2081,2948,True
7743,584271.0542849604,5789147.440684689,2081,2950,True
7744,584270.6870244102,5789146.091945871,2080,2952,True
7745,584270.3197638602,5789144.743207052,2080,2954,True
7746,584269.9525033102,5789143.394468234,2079,2956,True
7747,584269.58524276,5789142.0457294155,2079,2957,True
7748,584269.21798221,5789140.696990598,2079,2959,True
7749,584268.85072166,5789139.34825178,2078,2961,True
7750,584268.4834611098,5789137.999512961,2078,2963,True
7751,584268.1162005598,5789136.650774143,2077,2965,True
7752,584267.7489400097,5789135.302035324,2077,2967,True
7753,584267.3816794596,5789133.953296506,2076,2968,True
7754,584267.0144189096,5789132.604557688,2076,2970,True
7755,584266.6471583595,5789131.25581887,2075,2972,True
7756,584266.2798978094,5789129.9070800515,2075,2974,True
7757,584265.9126372593,5789128.558341233,2074,2976,True
7758,584265.5453767093,5789127.209602415,2074,2978,True
7759,584265.1781161593,5789125.860863596,2073,2979,True
7760,584264.8108556091,5789124.512124779,2073,2981,True
7761,584264.4435950591,5789123.16338596,2072,2983,True
7762,584264.0763345091,5789121.814647142,2072,2985,True
7763,584263.7090739589,5789120.465908323,2071,2987,True
7764,584263.3418134089,5789119.117169505,2071,2989,True
7765,584262.9745528589,5789117.768430687,2070,2990,True
7766,584262.6072923087,5789116.419691869,2070,2992,True
7767,584262.2400317587,5789115.070953051,2069,2994,True
7768,584261.8727712086,5789113.722214232,2069,2996,True
7769,584261.5055106585,5789112.373475414,2068,2998,True
7770,584261.1382501085,5789111.024736595,2068,2999,True
7771,584260.7709895584,5789109.675997777,2067,3001,True
7772,584260.4037290083,5789108.327258959,2067,3003,True
7773,584260.0364684582,5789106.978520141,2066,3005,True
7774,584259.6692079082,5789105.629781323,2066,3007,True
7775,584259.3019473581,5789104.281042504,2065,3009,True
7776,584258.934686808,5789102.932303686,2065,3010,True
7777,584258.567426258,5789101.583564867,2064,3012,True
7778,584258.2001657079,5789100.23482605,2064,3014,True
7779,584257.8329051578,5789098.886087231,2063,3016,True
7780,584257.4656446078,5789097.537348413,2063,3018,True
7781,584257.0983840576,5789096.1886095945,2062,3020,True
7782,584256.7311235076,5789094.839870776,2062,3021,True
7783,584256.3638629576,5789093.491131958,2061,3023,True
7784,584255.9966024074,5789092.14239314,2061,3025,True
7785,584255.6293418574,5789090.793654322,2060,3027,True
7786,584255.2620813074,5789089.444915503,2060,3029,True
7787,584254.8948207572,5789088.096176685,2059,3031,True
7788,584254.5275602072,5789086.747437866,2059,3032,True
7789,584254.1602996571,5789085.398699048,2058,3034,True
7790,584253.793039107,5789084.0499602305,2058,3036,True
7791,584253.425778557,5789082.701221412,2057,3038,True
7792,584253.0585180069,5789081.352482594,2057,3040,True
7793,584252.6912574569,5789080.003743775,2056,3041,True
7794,584252.3239969068,5789078.655004957,2056,3043,True
7795,584251.9567363567,5789077.306266138,2055,3045,True
7796,584251.5894758067,5789075.957527321,2055,3047,True
7797,584251.2222152565,5789074.608788502,2054,3049,True
7798,584250.8549547065,5789073.260049684,2054,3051,True
7799,584250.4876941565,5789071.911310866,2053,3052,True
7800,584250.1204336063,5789070.562572047,2053,3054,True
7801,584249.7531730563,5789069.213833229,2052,3056,True
7802,584249.3859125063,5789067.865094411,2052,3058,True
7803,584249.0186519561,5789066.516355593,2051,3060,True
7804,584248.6513914061,5789065.167616774,2051,3062,True
7805,584248.284130856,5789063.818877956,2050,3063,True
7806,584247.9168703059,5789062.4701391375,2050,3065,True
7807,584247.5496097559,5789061.121400319,2049,3067,True
7808,584247.1823492058,5789059.772661502,2049,3069,True
7809,584246.8150886557,5789058.423922683,2048,3071,True
7810,584246.4478281057,5789057.075183865,2048,3073,False
7811,584246.0817730551,5789055.709666938,2047,3074,True
7812,584245.7157180046,5789054.3441500105,2047,3076,True
7813,584245.349662954,5789052.9786330825,2046,3078,True
7814,584244.9836079035,5789051.613116155,2046,3080,True
7815,584244.617552853,5789050.247599228,2045,3082,True
7816,584244.2514978024,5789048.882082301,2045,3084,True
7817,584243.8854427518,5789047.516565373,2044,3086,True
7818,584243.5193877013,5789046.151048446,2044,3087,True
7819,584243.1533326508,5789044.785531519,2043,3089,True
7820,584242.7872776003,5789043.420014592,2043,3091,True
7821,584242.4212225497,5789042.054497665,2042,3093,True
7822,584242.0551674991,5789040.688980737,2042,3095,True
7823,584241.6891124486,5789039.32346381,2041,3097,True
7824,584241.3230573981,5789037.957946883,2041,3098,True
7825,584240.9570023476,5789036.5924299555,2040,3100,True
7826,584240.5909472969,5789035.226913027,2040,3102,True
7827,584240.2248922464,5789033.8613961,2039,3104,True
7828,584239.8588371959,5789032.495879173,2039,3106,True
7829,584239.4927821454,5789031.130362246,2038,3108,True
7830,584239.1267270948,5789029.764845318,2038,3110,True
7831,584238.7606720442,5789028.399328391,2037,3111,True
7832,584238.3946169937,5789027.033811464,2037,3113,True
7833,584238.0285619432,5789025.668294537,2036,3115,True
7834,584237.6625068927,5789024.30277761,2036,3117,True
7835,584237.2964518421,5789022.937260682,2035,3119,True
7836,584236.9303967915,5789021.571743755,2035,3121,True
7837,584236.564341741,5789020.206226828,2034,3123,True
7838,584236.1982866905,5789018.8407099005,2034,3124,True
7839,584235.8322316399,5789017.475192972,2033,3126,True
7840,584235.4661765894,5789016.109676045,2033,3128,True
7841,584235.1001215389,5789014.744159118,2032,3130,True
7842,584234.7340664883,5789013.378642191,2032,3132,True
7843,584234.3680114378,5789012.013125264,2031,3134,True
7844,584234.0019563872,5789010.647608336,2031,3135,True
7845,584233.6359013367,5789009.282091409,2030,3137,True
7846,584233.2698462862,5789007.916574482,2030,3139,True
7847,584232.9037912356,5789006.551057555,2029,3141,True
7848,584232.537736185,5789005.185540627,2029,3143,True
7849,584232.1716811345,5789003.8200237,2028,3145,True
7850,584231.805626084,5789002.454506773,2028,3147,True
7851,584231.4395710335,5789001.0889898455,2027,3148,True
7852,584231.073515983,5788999.723472918,2027,3150,True
7853,584230.7074609323,5788998.35795599,2026,3152,True
7854,584230.3414058818,5788996.992439063,2026,3154,True
7855,584229.9753508313,5788995.626922136,2025,3156,True
7856,584229.6092957808,5788994.261405209,2025,3158,True
7857,584229.2432407301,5788992.895888281,2024,3160,True
7858,584228.8771856796,5788991.530371354,2024,3161,True
7859,584228.5111306291,5788990.164854427,2023,3163,True
7860,584228.1450755786,5788988.7993375,2023,3165,True
7861,584227.7790205281,5788987.433820573,2022,3167,True
7862,584227.4129654774,5788986.068303645,2022,3169,True
7863,584227.0469104269,5788984.702786718,2021,3171,True
7864,584226.6808553764,5788983.3372697905,2021,3172,True
7865,584226.3148003259,5788981.971752863,2020,3174,True
7866,584225.9487452753,5788980.606235935,2020,3176,True
7867,584225.5826902247,5788979.240719008,2019,3178,True
7868,584225.2166351742,5788977.875202081,2019,3180,True
7869,584224.8505801237,5788976.509685154,2018,3182,True
7870,584224.4845250731,5788975.144168226,2018,3184,True
7871,584224.1184700226,5788973.778651299,2017,3185,True
7872,584223.752414972,5788972.413134372,2017,3187,True
7873,584223.3863599215,5788971.047617445,2016,3189,True
7874,584223.020304871,5788969.682100518,2016,3191,True
7875,584222.6542498204,5788968.31658359,2015,3193,True
7876,584222.2881947699,5788966.951066663,2015,3195,True
7877,584221.9221397194,5788965.585549735,2014,3196,True
7878,584221.5560846688,5788964.220032808,2014,3198,True
7879,584221.1900296182,5788962.85451588,2013,3200,True
7880,584220.8239745677,5788961.488998953,2013,3202,True
7881,584220.4579195172,5788960.123482026,2012,3204,False
7882,584220.0890362496,5788958.759965229,2012,3206,True
7883,584219.7201529819,5788957.396448432,2011,3208,True
7884,584219.3512697143,5788956.032931634,2011,3209,True
7885,584218.9823864467,5788954.669414838,2010,3211,True
7886,584218.613503179,5788953.3058980405,2010,3213,True
7887,584218.2446199114,5788951.942381243,2009,3215,True
7888,584217.8757366438,5788950.578864446,2009,3217,True
7889,584217.5068533762,5788949.215347649,2008,3219,True
7890,584217.1379701084,5788947.851830851,2008,3221,True
7891,584216.7690868408,5788946.488314054,2007,3222,True
7892,584216.4002035732,5788945.124797258,2007,3224,True
7893,584216.0313203055,5788943.76128046,2006,3226,True
7894,584215.6624370379,5788942.397763663,2006,3228,True
7895,584215.2935537703,5788941.034246866,2005,3230,True
7896,584214.9246705027,5788939.670730068,2005,3232,True
7897,584214.555787235,5788938.307213271,2004,3233,True
7898,584214.1869039674,5788936.943696474,2004,3235,True
7899,584213.8180206998,5788935.580179677,2003,3237,True
7900,584213.4491374322,5788934.21666288,2003,3239,True
7901,584213.0802541645,5788932.853146083,2002,3241,True
7902,584212.7113708969,5788931.489629285,2002,3243,True
7903,584212.3424876293,5788930.126112488,2001,3245,True
7904,584211.9736043616,5788928.762595691,2001,3246,True
7905,584211.604721094,5788927.3990788935,2000,3248,True
7906,584211.2358378264,5788926.035562097,2000,3250,True
7907,584210.8669545588,5788924.6720453,1999,3252,True
7908,584210.498071291,5788923.3085285025,1999,3254,True
7909,584210.1291880234,5788921.945011705,1998,3256,True
7910,584209.7603047558,5788920.581494908,1998,3257,True
7911,584209.3914214881,5788919.217978111,1997,3259,True
7912,584209.0225382205,5788917.854461313,1997,3261,True
7913,584208.6536549529,5788916.490944517,1996,3263,True
7914,584208.2847716853,5788915.1274277195,1996,3265,True
7915,584207.9158884176,5788913.763910922,1995,3267,True
7916,584207.54700515,5788912.400394125,1995,3269,True
7917,584207.1781218824,5788911.036877328,1994,3270,True
7918,584206.8092386147,5788909.67336053,1994,3272,True
7919,584206.4403553471,5788908.309843733,1993,3274,True
7920,584206.0714720795,5788906.946326936,1993,3276,True
7921,584205.7025888119,5788905.582810139,1992,3278,True
7922,584205.3337055442,5788904.219293342,1992,3280,True
7923,584204.9648222766,5788902.855776545,1991,3281,True
7924,584204.595939009,5788901.492259747,1991,3283,True
7925,584204.2270557414,5788900.12874295,1990,3285,True
7926,584203.8581724736,5788898.765226153,1990,3287,True
7927,584203.489289206,5788897.401709355,1989,3289,True
7928,584203.1204059384,5788896.038192559,1989,3291,True
7929,584202.7515226707,5788894.674675762,1988,3293,True
7930,584202.3826394031,5788893.311158964,1988,3294,True
7931,584202.0137561355,5788891.947642167,1987,3296,True
7932,584201.6448728679,5788890.58412537,1987,3298,True
7933,584201.2759896002,5788889.2206085725,1986,3300,True
7934,584200.9071063326,5788887.857091775,1986,3302,True
7935,584200.538223065,5788886.493574979,1985,3304,True
7936,584200.1693397973,5788885.1300581815,1985,3305,True
7937,584199.8004565297,5788883.766541384,1984,3307,True
7938,584199.4315732621,5788882.403024587,1984,3309,True
7939,584199.0626899945,5788881.03950779,1983,3311,True
7940,584198.6938067268,5788879.675990992,1983,3313,True
7941,584198.3249234592,5788878.312474195,1982,3315,True
7942,584197.9560401916,5788876.9489573985,1982,3317,True
7943,584197.587156924,5788875.585440601,1981,3318,True
7944,584197.2182736562,5788874.221923804,1981,3320,True
7945,584196.8493903886,5788872.858407007,1980,3322,True
7946,584196.480507121,5788871.494890209,1980,3324,True
7947,584196.1116238533,5788870.131373412,1979,3326,True
7948,584195.7427405857,5788868.767856615,1979,3328,True
7949,584195.3738573181,5788867.404339818,1978,3330,True
7950,584195.0049740504,5788866.040823021,1978,3331,True
7951,584194.6360907828,5788864.677306224,1977,3333,True
7952,584194.2672075152,5788863.313789426,1977,3335,False
7953,584193.9082007965,5788861.96876779,1976,3337,True
7954,584193.5491940777,5788860.623746155,1976,3339,True
7955,584193.1901873591,5788859.278724519,1976,3341,True
7956,584192.8311806404,5788857.933702883,1975,3342,True
7957,584192.4721739216,5788856.588681247,1975,3344,True
7958,584192.1131672029,5788855.243659612,1974,3346,True
7959,584191.7541604843,5788853.898637976,1974,3348,True
7960,584191.3951537656,5788852.55361634,1973,3350,True
7961,584191.0361470468,5788851.208594704,1973,3351,True
7962,584190.6771403281,5788849.863573069,1972,3353,True
7963,584190.3181336095,5788848.5185514325,1972,3355,True
7964,584189.9591268908,5788847.173529797,1971,3357,True
7965,584189.600120172,5788845.828508161,1971,3359,True
7966,584189.2411134533,5788844.483486526,1970,3361,True
7967,584188.8821067347,5788843.1384648895,1970,3362,True
7968,584188.5231000159,5788841.793443254,1969,3364,True
7969,584188.1640932972,5788840.448421618,1969,3366,True
7970,584187.8050865785,5788839.103399983,1968,3368,True
7971,584187.4460798599,5788837.758378346,1968,3370,True
7972,584187.0870731411,5788836.413356711,1967,3371,True
7973,584186.7280664224,5788835.068335075,1967,3373,True
7974,584186.3690597037,5788833.72331344,1966,3375,True
7975,584186.010052985,5788832.378291803,1966,3377,True
7976,584185.6510462663,5788831.033270168,1965,3379,True
7977,584185.2920395476,5788829.688248532,1965,3381,True
7978,584184.9330328288,5788828.343226897,1964,3382,True
7979,584184.5740261101,5788826.99820526,1964,3384,True
7980,584184.2150193915,5788825.653183625,1963,3386,True
7981,584183.8560126728,5788824.308161989,1963,3388,True
7982,584183.497005954,5788822.963140354,1962,3390,True
7983,584183.1379992353,5788821.618118717,1962,3392,True
7984,584182.7789925167,5788820.273097082,1961,3393,True
7985,584182.419985798,5788818.928075446,1961,3395,True
7986,584182.0609790792,5788817.5830538105,1960,3397,True
7987,584181.7019723605,5788816.238032174,1960,3399,True
7988,584181.3429656419,5788814.893010539,1959,3401,True
7989,584180.9839589231,5788813.547988903,1959,3402,True
7990,584180.6249522044,5788812.2029672675,1958,3404,True
7991,584180.2659454857,5788810.857945631,1958,3406,True
7992,584179.9069387671,5788809.512923996,1958,3408,True
7993,584179.5479320483,5788808.16790236,1957,3410,True
7994,584179.1889253296,5788806.822880724,1957,3412,True
7995,584178.8299186109,5788805.477859088,1956,3413,True
7996,584178.4709118922,5788804.132837453,1956,3415,True
7997,584178.1119051735,5788802.787815817,1955,3417,True
7998,584177.7528984548,5788801.442794181,1955,3419,True
7999,584177.393891736,5788800.097772545,1954,3421,True
8000,584177.0348850173,5788798.75275091,1954,3423,True
8001,584176.6758782987,5788797.407729274,1953,3424,True
8002,584176.31687158,5788796.062707638,1953,3426,True
8003,584175.9578648612,5788794.717686002,1952,3428,True
8004,584175.5988581425,5788793.372664367,1952,3430,True
8005,584175.2398514239,5788792.027642731,1951,3432,True
8006,584174.8808447052,5788790.682621095,1951,3433,True
8007,584174.5218379864,5788789.337599459,1950,3435,True
8008,584174.1628312677,5788787.992577824,1950,3437,True
8009,584173.8038245491,5788786.647556188,1949,3439,True
8010,584173.4448178303,5788785.302534552,1949,3441,True
8011,584173.0858111116,5788783.957512916,1948,3443,True
8012,584172.7268043929,5788782.612491281,1948,3444,True
8013,584172.3677976743,5788781.267469645,1947,3446,True
8014,584172.0087909555,5788779.922448009,1947,3448,True
8015,584171.6497842368,5788778.577426373,1946,3450,True
8016,584171.2907775181,5788777.232404738,1946,3452,True
8017,584170.9317707994,5788775.8873831015,1945,3453,True
8018,584170.5727640807,5788774.542361466,1945,3455,True
8019,584170.213757362,5788773.19733983,1944,3457,True
8020,584169.8547506433,5788771.852318195,1944,3459,True
8021,584169.4957439246,5788770.5072965585,1943,3461,True
8022,584169.1367372059,5788769.162274923,1943,3463,True
8023,584168.7777304872,5788767.817253287,1942,3464,False
8024,584168.4133201609,5788766.449726144,1942,3466,True
8025,584168.0489098347,5788765.082199001,1941,3468,True
8026,584167.6844995085,5788763.714671858,1941,3470,True
8027,584167.3200891822,5788762.347144714,1940,3472,True
8028,584166.9556788561,5788760.9796175705,1940,3474,True
8029,584166.5912685299,5788759.612090427,1939,3476,True
8030,584166.2268582036,5788758.244563284,1939,3477,True
8031,584165.8624478774,5788756.877036141,1938,3479,True
8032,584165.4980375512,5788755.509508998,1938,3481,True
8033,584165.133627225,5788754.141981855,1937,3483,True
8034,584164.7692168987,5788752.774454712,1937,3485,True
8035,584164.4048065725,5788751.406927568,1937,3487,True
8036,584164.0403962462,5788750.039400425,1936,3489,True
8037,584163.6759859201,5788748.671873282,1936,3490,True
8038,584163.3115755939,5788747.304346139,1935,3492,True
8039,584162.9471652677,5788745.9368189955,1935,3494,True
8040,584162.5827549414,5788744.569291852,1934,3496,True
8041,584162.2183446152,5788743.201764709,1934,3498,True
8042,584161.853934289,5788741.834237566,1933,3500,True
8043,584161.4895239627,5788740.466710422,1933,3501,True
8044,584161.1251136365,5788739.099183279,1932,3503,True
8045,584160.7607033103,5788737.731656136,1932,3505,True
8046,584160.3962929841,5788736.364128993,1931,3507,True
8047,584160.0318826579,5788734.99660185,1931,3509,True
8048,584159.6674723317,5788733.629074707,1930,3511,True
8049,584159.3030620054,5788732.261547564,1930,3513,True
8050,584158.9386516792,5788730.8940204205,1929,3514,True
8051,584158.574241353,5788729.5264932765,1929,3516,True
8052,584158.2098310267,5788728.158966133,1928,3518,True
8053,584157.8454207005,5788726.79143899,1928,3520,True
8054,584157.4810103743,5788725.423911847,1927,3522,True
8055,584157.1166000481,5788724.056384704,1927,3524,True
8056,584156.7521897219,5788722.688857561,1926,3526,True
8057,584156.3877793957,5788721.321330418,1926,3527,True
8058,584156.0233690694,5788719.953803275,1925,3529,True
8059,584155.6589587432,5788718.586276131,1925,3531,True
8060,584155.294548417,5788717.218748988,1924,3533,True
8061,584154.9301380907,5788715.851221845,1924,3535,True
8062,584154.5657277645,5788714.483694701,1923,3537,True
8063,584154.2013174384,5788713.116167558,1923,3539,True
8064,584153.8369071122,5788711.748640415,1922,3540,True
8065,584153.4724967859,5788710.381113272,1922,3542,True
8066,584153.1080864597,5788709.013586129,1921,3544,True
8067,584152.7436761335,5788707.646058985,1921,3546,True
8068,584152.3792658072,5788706.278531842,1920,3548,True
8069,584152.014855481,5788704.911004699,1920,3550,True
8070,584151.6504451548,5788703.543477556,1919,3551,True
8071,584151.2860348285,5788702.175950413,1919,3553,True
8072,584150.9216245024,5788700.80842327,1918,3555,True
8073,584150.5572141762,5788699.440896126,1918,3557,True
8074,584150.1928038499,5788698.073368983,1917,3559,True
8075,584149.8283935237,5788696.705841839,1917,3561,True
8076,584149.4639831975,5788695.338314696,1916,3563,True
8077,584149.0995728712,5788693.970787553,1916,3564,True
8078,584148.735162545,5788692.60326041,1915,3566,True
8079,584148.3707522188,5788691.235733267,1915,3568,True
8080,584148.0063418925,5788689.868206124,1914,3570,True
8081,584147.6419315664,5788688.500678981,1914,3572,True
8082,584147.2775212402,5788687.133151838,1913,3574,True
8083,584146.9131109139,5788685.765624694,1913,3576,True
8084,584146.5487005877,5788684.3980975505,1912,3577,True
8085,584146.1842902615,5788683.030570407,1912,3579,True
8086,584145.8198799352,5788681.663043264,1911,3581,True
8087,584145.455469609,5788680.295516121,1911,3583,True
8088,584145.0910592828,5788678.927988978,1910,3585,True
8089,584144.7266489565,5788677.560461835,1910,3587,True
8090,584144.3622386304,5788676.192934692,1909,3589,True
8091,584143.9978283042,5788674.825407548,1909,3590,True
8092,584143.633417978,5788673.457880405,1908,3592,True
8093,584143.2690076517,5788672.090353262,1908,3594,True
8094,584142.9045973255,5788670.722826119,1907,3596,False
8095,584142.5336120856,5788669.3827853585,1907,3598,True
8096,584142.1626268458,5788668.042744598,1906,3600,True
8097,584141.7916416059,5788666.702703838,1906,3601,True
8098,584141.420656366,5788665.362663078,1905,3603,True
8099,584141.0496711261,5788664.022622318,1905,3605,True
8100,584140.6786858862,5788662.682581558,1904,3607,True
8101,584140.3077006463,5788661.342540798,1904,3609,True
8102,584139.9367154065,5788660.002500038,1903,3610,True
8103,584139.5657301666,5788658.662459278,1903,3612,True
8104,584139.1947449268,5788657.322418517,1902,3614,True
8105,584138.8237596869,5788655.982377757,1902,3616,True
8106,584138.452774447,5788654.642336997,1901,3618,True
8107,584138.0817892072,5788653.302296237,1901,3620,True
8108,584137.7108039672,5788651.962255477,1900,3621,True
8109,584137.3398187273,5788650.622214717,1900,3623,True
8110,584136.9688334875,5788649.282173957,1899,3625,True
8111,584136.5978482476,5788647.942133197,1899,3627,True
8112,584136.2268630078,5788646.602092436,1898,3629,True
8113,584135.8558777679,5788645.2620516755,1898,3630,True
8114,584135.484892528,5788643.922010915,1897,3632,True
8115,584135.1139072882,5788642.581970155,1897,3634,True
8116,584134.7429220483,5788641.241929395,1896,3636,True
8117,584134.3719368083,5788639.901888635,1896,3638,True
8118,584134.0009515685,5788638.561847875,1895,3640,True
8119,584133.6299663286,5788637.221807115,1895,3641,True
8120,584133.2589810888,5788635.881766355,1894,3643,True
8121,584132.8879958489,5788634.541725595,1894,3645,True
8122,584132.517010609,5788633.201684834,1893,3647,True
8123,584132.1460253692,5788631.861644074,1893,3649,True
8124,584131.7750401293,5788630.521603314,1892,3650,True
8125,584131.4040548895,5788629.181562554,1892,3652,True
8126,584131.0330696495,5788627.841521794,1891,3654,True
8127,584130.6620844096,5788626.501481034,1891,3656,True
8128,584130.2910991698,5788625.161440274,1890,3658,True
8129,584129.9201139299,5788623.821399514,1890,3659,True
8130,584129.54912869,5788622.4813587535,1889,3661,True
8131,584129.1781434502,5788621.141317993,1889,3663,True
8132,584128.8071582103,5788619.801277233,1888,3665,True
8133,584128.4361729705,5788618.461236473,1888,3667,True
8134,584128.0651877305,5788617.121195713,1887,3669,True
8135,584127.6942024906,5788615.781154953,1887,3670,True
8136,584127.3232172508,5788614.441114193,1886,3672,True
8137,584126.9522320109,5788613.101073433,1886,3674,True
8138,584126.581246771,5788611.761032673,1885,3676,True
8139,584126.2102615312,5788610.4209919125,1885,3678,True
8140,584125.8392762913,5788609.080951152,1884,3679,True
8141,584125.4682910515,5788607.740910392,1884,3681,True
8142,584125.0973058116,5788606.400869632,1883,3683,True
8143,584124.7263205716,5788605.060828872,1883,3685,True
8144,584124.3553353318,5788603.720788112,1882,3687,True
8145,584123.9843500919,5788602.380747352,1882,3689,True
8146,584123.613364852,5788601.040706592,1881,3690,True
8147,584123.2423796122,5788599.700665832,1881,3692,True
8148,584122.8713943723,5788598.3606250705,1880,3694,True
8149,584122.5004091325,5788597.02058431,1880,3696,True
8150,584122.1294238926,5788595.68054355,1879,3698,True
8151,584121.7584386527,5788594.34050279,1879,3699,True
8152,584121.3874534128,5788593.00046203,1878,3701,True
8153,584121.0164681729,5788591.66042127,1878,3703,True
8154,584120.645482933,5788590.32038051,1877,3705,True
8155,584120.2744976932,5788588.98033975,1877,3707,True
8156,584119.9035124533,5788587.64029899,1876,3709,True
8157,584119.5325272135,5788586.3002582295,1876,3710,True
8158,584119.1615419736,5788584.960217469,1875,3712,True
8159,584118.7905567337,5788583.620176709,1875,3714,True
8160,584118.4195714939,5788582.280135949,1874,3716,True
8161,584118.0485862539,5788580.940095189,1874,3718,True
8162,584117.677601014,5788579.600054429,1873,3719,True
8163,584117.3066157742,5788578.260013669,1873,3721,True
8164,584116.9356305343,5788576.919972909,1872,3723,True
8165,584116.5646452944,5788575.579932149,1872,3725,False
8166,584116.4951996034,5788575.180703724,1872,3725,True
8167,584116.4257539123,5788574.781475298,1872,3726,True
8168,584116.3563082212,5788574.382246873,1871,3726,True
8169,584116.2868625303,5788573.983018449,1871,3727,True
8170,584116.2174168392,5788573.583790023,1871,3728,True
8171,584116.1479711481,5788573.184561598,1871,3728,True
8172,584116.0785254571,5788572.785333173,1871,3729,True
8173,584116.009079766,5788572.386104748,1871,3729,True
8174,584115.9396340749,5788571.986876323,1871,3730,True
8175,584115.8701883839,5788571.587647898,1871,3730,True
8176,584115.8007426929,5788571.188419472,1871,3731,True
8177,584115.7312970018,5788570.789191048,1871,3731,True
8178,584115.6618513108,5788570.389962623,1870,3732,True
8179,584115.5924056197,5788569.990734197,1870,3732,True
8180,584115.5229599286,5788569.591505772,1870,3733,True
8181,584115.4535142375,5788569.192277348,1870,3734,True
8182,584115.3840685465,5788568.793048922,1870,3734,True
8183,584115.3146228555,5788568.393820497,1870,3735,True
8184,584115.2451771644,5788567.994592072,1870,3735,True
8185,584115.1757314734,5788567.595363647,1870,3736,True
8186,584115.1062857823,5788567.196135222,1870,3736,True
8187,584115.0368400912,5788566.796906797,1870,3737,True
8188,584114.9673944002,5788566.3976783715,1870,3737,True
8189,584114.8979487091,5788565.998449947,1869,3738,True
8190,584114.8285030181,5788565.599221522,1869,3738,True
8191,584114.759057327,5788565.199993096,1869,3739,True
8192,584114.689611636,5788564.8007646715,1869,3739,True
8193,584114.6201659449,5788564.401536247,1869,3740,True
8194,584114.5507202538,5788564.002307821,1869,3741,True
8195,584114.4812745628,5788563.603079396,1869,3741,True
8196,584114.4118288717,5788563.203850972,1869,3742,True
8197,584114.3423831807,5788562.804622546,1869,3742,True
8198,584114.2729374897,5788562.405394121,1869,3743,True
8199,584114.2034917986,5788562.006165696,1868,3743,True
8200,584114.1340461075,5788561.606937271,1868,3744,True
8201,584114.0646004165,5788561.207708846,1868,3744,True
8202,584113.9951547254,5788560.80848042,1868,3745,True
8203,584113.9257090343,5788560.409251995,1868,3745,True
8204,584113.8562633432,5788560.010023571,1868,3746,True
8205,584113.7868176523,5788559.610795145,1868,3746,True
8206,584113.7173719612,5788559.21156672,1868,3747,True
8207,584113.6479262701,5788558.812338295,1868,3748,True
8208,584113.5784805791,5788558.41310987,1868,3748,True
8209,584113.509034888,5788558.013881445,1868,3749,True
8210,584113.4395891969,5788557.61465302,1867,3749,True
8211,584113.3701435059,5788557.2154245945,1867,3750,True
8212,584113.3006978149,5788556.81619617,1867,3750,True
8213,584113.2312521238,5788556.416967745,1867,3751,True
8214,584113.1618064328,5788556.017739319,1867,3751,True
8215,584113.0923607417,5788555.6185108945,1867,3752,True
8216,584113.0229150506,5788555.21928247,1867,3752,True
8217,584112.9534693595,5788554.820054044,1867,3753,True
8218,584112.8840236685,5788554.420825619,1867,3754,True
8219,584112.8145779775,5788554.0215971945,1867,3754,True
8220,584112.7451322865,5788553.622368769,1867,3755,True
8221,584112.6756865954,5788553.223140344,1866,3755,True
8222,584112.6062409043,5788552.823911919,1866,3756,True
8223,584112.5367952132,5788552.424683494,1866,3756,True
8224,584112.4673495222,5788552.025455069,1866,3757,True
8225,584112.3979038311,5788551.626226644,1866,3757,True
8226,584112.3284581401,5788551.226998218,1866,3758,True
8227,584112.2590124491,5788550.827769794,1866,3758,True
8228,584112.189566758,5788550.428541369,1866,3759,True
8229,584112.1201210669,5788550.029312943,1866,3759,True
8230,584112.0506753759,5788549.630084518,1866,3760,True
8231,584111.9812296848,5788549.230856094,1865,3761,True
8232,584111.9117839937,5788548.831627668,1865,3761,True
8233,584111.8423383028,5788548.432399243,1865,3762,True
8234,584111.7728926117,5788548.033170818,1865,3762,True
8235,584111.7034469206,5788547.633942393,1865,3763,True
8236,584111.6340012295,5788547.234713968,1865,3763,False
8237,584113.0419329755,5788546.797763637,1867,3764,True
8238,584114.4498647215,5788546.360813308,1869,3764,True
8239,584115.8577964675,5788545.923862977,1871,3765,True
8240,584117.2657282136,5788545.486912647,1873,3766,True
8241,584118.6736599596,5788545.049962317,1875,3766,True
8242,584120.0815917056,5788544.613011987,1876,3767,True
8243,584121.4895234515,5788544.176061656,1878,3767,True
8244,584122.8974551975,5788543.739111327,1880,3768,True
8245,584124.3053869435,5788543.302160996,1882,3769,True
8246,584125.7133186895,5788542.865210666,1884,3769,True
8247,584127.1212504356,5788542.428260336,1886,3770,True
8248,584128.5291821816,5788541.991310006,1888,3770,True
8249,584129.9371139276,5788541.554359675,1890,3771,True
8250,584131.3450456735,5788541.117409346,1892,3772,True
8251,584132.7529774195,5788540.680459015,1894,3772,True
8252,584134.1609091655,5788540.243508684,1896,3773,True
8253,584135.5688409115,5788539.806558355,1897,3773,True
8254,584136.9767726576,5788539.369608024,1899,3774,True
8255,584138.3847044036,5788538.932657694,1901,3774,True
8256,584139.7926361496,5788538.495707364,1903,3775,True
8257,584141.2005678955,5788538.058757034,1905,3776,True
8258,584142.6084996415,5788537.6218067035,1907,3776,True
8259,584144.0164313875,5788537.184856374,1909,3777,True
8260,584145.4243631335,5788536.747906043,1911,3777,True
8261,584146.8322948796,5788536.3109557135,1913,3778,True
8262,584148.2402266256,5788535.874005383,1915,3779,True
8263,584149.6481583716,5788535.437055053,1917,3779,True
8264,584151.0560901175,5788535.000104723,1918,3780,True
8265,584152.4640218635,5788534.563154392,1920,3780,True
8266,584153.8719536095,5788534.126204062,1922,3781,True
8267,584155.2798853555,5788533.689253732,1924,3782,True
8268,584156.6878171016,5788533.252303402,1926,3782,True
8269,584158.0957488476,5788532.815353071,1928,3783,True
8270,584159.5036805936,5788532.378402742,1930,3783,True
8271,584160.9116123396,5788531.941452411,1932,3784,True
8272,584162.3195440855,5788531.504502081,1934,3785,True
8273,584163.7274758315,5788531.067551751,1936,3785,True
8274,584165.1354075775,5788530.630601421,1937,3786,True
8275,584166.5433393235,5788530.19365109,1939,3786,True
8276,584167.9512710696,5788529.756700761,1941,3787,True
8277,584169.3592028156,5788529.31975043,1943,3788,True
8278,584170.7671345616,5788528.8828001,1945,3788,True
8279,584172.1750663075,5788528.44584977,1947,3789,True
8280,584173.5829980535,5788528.008899439,1949,3789,True
8281,584174.9909297995,5788527.571949109,1951,3790,True
8282,584176.3988615455,5788527.134998779,1953,3790,True
8283,584177.8067932916,5788526.698048449,1955,3791,True
8284,584179.2147250376,5788526.2610981185,1957,3792,True
8285,584180.6226567836,5788525.824147789,1958,3792,True
8286,584182.0305885295,5788525.387197458,1960,3793,True
8287,584183.4385202755,5788524.9502471285,1962,3793,True
8288,584184.8464520215,5788524.513296798,1964,3794,True
8289,584186.2543837675,5788524.076346468,1966,3795,True
8290,584187.6623155136,5788523.639396138,1968,3795,True
8291,584189.0702472596,5788523.202445808,1970,3796,True
8292,584190.4781790056,5788522.765495477,1972,3796,True
8293,584191.8861107515,5788522.328545147,1974,3797,True
8294,584193.2940424975,5788521.891594817,1976,3798,True
8295,584194.7019742435,5788521.454644486,1978,3798,True
8296,584196.1099059895,5788521.017694157,1979,3799,True
8297,584197.5178377356,5788520.580743826,1981,3799,True
8298,584198.9257694816,5788520.143793496,1983,3800,True
8299,584200.3337012276,5788519.706843166,1985,3801,True
8300,584201.7416329735,5788519.269892836,1987,3801,True
8301,584203.1495647195,5788518.832942505,1989,3802,True
8302,584204.5574964655,5788518.395992176,1991,3802,True
8303,584205.9654282115,5788517.959041845,1993,3803,True
8304,584207.3733599576,5788517.522091515,1995,3804,True
8305,584208.7812917036,5788517.085141185,1997,3804,True
8306,584210.1892234496,5788516.648190855,1999,3805,True
8307,584211.5971551955,5788516.211240524,2000,3805,False
8308,584212.9098436779,5788515.819921295,2002,3806,True
8309,584214.2225321602,5788515.428602067,2004,3806,True
8310,584215.5352206427,5788515.037282838,2006,3807,True
8311,584216.847909125,5788514.645963608,2008,3807,True
8312,584218.1605976074,5788514.25464438,2009,3808,True
8313,584219.4732860897,5788513.863325151,2011,3808,True
8314,584220.7859745722,5788513.472005921,2013,3809,True
8315,584222.0986630545,5788513.080686693,2015,3810,True
8316,584223.4113515369,5788512.689367464,2016,3810,True
8317,584224.7240400192,5788512.298048235,2018,3811,True
8318,584226.0367285017,5788511.906729006,2020,3811,True
8319,584227.349416984,5788511.515409777,2022,3812,True
8320,584228.6621054664,5788511.124090548,2024,3812,True
8321,584229.9747939487,5788510.732771319,2025,3813,True
8322,584231.2874824312,5788510.34145209,2027,3813,True
8323,584232.6001709135,5788509.950132861,2029,3814,True
8324,584233.9128593958,5788509.5588136325,2031,3814,True
8325,584235.2255478782,5788509.167494403,2032,3815,True
8326,584236.5382363606,5788508.776175174,2034,3815,True
8327,584237.850924843,5788508.384855946,2036,3816,True
8328,584239.1636133253,5788507.993536716,2038,3816,True
8329,584240.4763018077,5788507.602217487,2040,3817,True
8330,584241.7889902901,5788507.210898259,2041,3817,True
8331,584243.1016787725,5788506.819579029,2043,3818,True
8332,584244.4143672548,5788506.4282598,2045,3819,True
8333,584245.7270557372,5788506.036940572,2047,3819,True
8334,584247.0397442195,5788505.645621343,2048,3820,True
8335,584248.352432702,5788505.254302113,2050,3820,True
8336,584249.6651211843,5788504.862982885,2052,3821,True
8337,584250.9778096667,5788504.471663656,2054,3821,True
8338,584252.290498149,5788504.080344426,2056,3822,True
8339,584253.6031866315,5788503.689025198,2057,3822,True
8340,584254.9158751138,5788503.297705969,2059,3823,True
8341,584256.2285635961,5788502.90638674,2061,3823,True
8342,584257.5412520785,5788502.515067511,2063,3824,True
8343,584258.853940561,5788502.123748282,2064,3824,True
8344,584260.1666290433,5788501.732429054,2066,3825,True
8345,584261.4793175256,5788501.341109824,2068,3825,True
8346,584262.792006008,5788500.949790595,2070,3826,True
8347,584264.1046944904,5788500.558471367,2072,3826,True
8348,584265.4173829728,5788500.1671521375,2073,3827,True
8349,584266.7300714551,5788499.775832908,2075,3828,True
8350,584268.0427599375,5788499.38451368,2077,3828,True
8351,584269.3554484199,5788498.993194451,2079,3829,True
8352,584270.6681369023,5788498.601875221,2080,3829,True
8353,584271.9808253846,5788498.210555993,2082,3830,True
8354,584273.293513867,5788497.819236764,2084,3830,True
8355,584274.6062023493,5788497.4279175345,2086,3831,True
8356,584275.9188908318,5788497.036598306,2088,3831,True
8357,584277.2315793141,5788496.645279077,2089,3832,True
8358,584278.5442677964,5788496.253959848,2091,3832,True
8359,584279.8569562788,5788495.862640619,2093,3833,True
8360,584281.1696447612,5788495.47132139,2095,3833,True
8361,584282.4823332436,5788495.080002161,2096,3834,True
8362,584283.7950217259,5788494.688682932,2098,3834,True
8363,584285.1077102083,5788494.297363703,2100,3835,True
8364,584286.4203986907,5788493.906044474,2102,3835,True
8365,584287.7330871731,5788493.514725246,2104,3836,True
8366,584289.0457756554,5788493.123406016,2105,3837,True
8367,584290.3584641378,5788492.732086787,2107,3837,True
8368,584291.6711526202,5788492.340767559,2109,3838,True
8369,584292.9838411026,5788491.949448329,2111,3838,True
8370,584294.2965295849,5788491.5581291,2112,3839,True
8371,584295.6092180673,5788491.166809872,2114,3839,True
8372,584296.9219065497,5788490.7754906425,2116,3840,True
8373,584298.2345950321,5788490.384171413,2118,3840,True
8374,584299.5472835144,5788489.992852185,2120,3841,True
8375,584300.8599719967,5788489.601532956,2121,3841,True
8376,584302.1726604792,5788489.210213726,2123,3842,True
8377,584303.4853489615,5788488.818894498,2125,3842,True
8378,584304.7980374439,5788488.427575269,2127,3843,False
8379,584305.0844392581,5788488.381573619,2127,3843,True
8380,584305.3708410723,5788488.335571971,2127,3843,True
8381,584305.6572428866,5788488.289570321,2128,3843,True
8382,584305.9436447008,5788488.243568672,2128,3843,True
8383,584306.230046515,5788488.197567023,2129,3843,True
8384,584306.5164483292,5788488.151565374,2129,3843,True
8385,584306.8028501434,5788488.105563725,2129,3843,True
8386,584307.0892519576,5788488.059562076,2130,3843,True
8387,584307.3756537719,5788488.013560426,2130,3843,True
8388,584307.6620555861,5788487.967558778,2131,3844,True
8389,584307.9484574003,5788487.921557128,2131,3844,True
8390,584308.2348592145,5788487.875555479,2131,3844,True
8391,584308.5212610287,5788487.82955383,2132,3844,True
8392,584308.807662843,5788487.783552181,2132,3844,True
8393,584309.0940646572,5788487.7375505315,2133,3844,True
8394,584309.3804664714,5788487.691548883,2133,3844,True
8395,584309.6668682856,5788487.6455472335,2133,3844,True
8396,584309.9532700998,5788487.599545585,2134,3844,True
8397,584310.239671914,5788487.5535439355,2134,3844,True
8398,584310.5260737283,5788487.507542286,2134,3844,True
8399,584310.8124755425,5788487.461540638,2135,3844,True
8400,584311.0988773567,5788487.415538988,2135,3844,True
8401,584311.3852791709,5788487.369537339,2136,3844,True
8402,584311.6716809851,5788487.32353569,2136,3844,True
8403,584311.9580827995,5788487.277534041,2136,3844,True
8404,584312.2444846136,5788487.231532392,2137,3845,True
8405,584312.5308864278,5788487.185530743,2137,3845,True
8406,584312.817288242,5788487.139529093,2138,3845,True
8407,584313.1036900562,5788487.093527445,2138,3845,True
8408,584313.3900918704,5788487.047525795,2138,3845,True
8409,584313.6764936848,5788487.001524146,2139,3845,True
8410,584313.962895499,5788486.955522497,2139,3845,True
8411,584314.2492973132,5788486.909520848,2140,3845,True
8412,584314.5356991274,5788486.863519198,2140,3845,True
8413,584314.8221009416,5788486.81751755,2140,3845,True
8414,584315.1085027559,5788486.7715159,2141,3845,True
8415,584315.3949045701,5788486.725514252,2141,3845,True
8416,584315.6813063843,5788486.679512602,2141,3845,True
8417,584315.9677081985,5788486.633510953,2142,3845,True
8418,584316.2541100127,5788486.587509304,2142,3845,True
8419,584316.540511827,5788486.541507655,2143,3845,True
8420,584316.8269136412,5788486.495506005,2143,3846,True
8421,584317.1133154554,5788486.449504357,2143,3846,True
8422,584317.3997172696,5788486.403502707,2144,3846,True
8423,584317.6861190838,5788486.357501058,2144,3846,True
8424,584317.972520898,5788486.311499409,2145,3846,True
8425,584318.2589227123,5788486.26549776,2145,3846,True
8426,584318.5453245265,5788486.219496111,2145,3846,True
8427,584318.8317263407,5788486.173494462,2146,3846,True
8428,584319.1181281549,5788486.127492812,2146,3846,True
8429,584319.4045299691,5788486.081491164,2146,3846,True
8430,584319.6909317834,5788486.0354895145,2147,3846,True
8431,584319.9773335976,5788485.989487865,2147,3846,True
8432,584320.2637354118,5788485.9434862165,2148,3846,True
8433,584320.550137226,5788485.897484567,2148,3846,True
8434,584320.8365390402,5788485.8514829185,2148,3846,True
8435,584321.1229408544,5788485.805481269,2149,3846,True
8436,584321.4093426687,5788485.75947962,2149,3847,True
8437,584321.6957444829,5788485.713477971,2150,3847,True
8438,584321.9821462971,5788485.667476322,2150,3847,True
8439,584322.2685481113,5788485.621474672,2150,3847,True
8440,584322.5549499255,5788485.575473024,2151,3847,True
8441,584322.8413517398,5788485.529471374,2151,3847,True
8442,584323.127753554,5788485.483469725,2152,3847,True
8443,584323.4141553682,5788485.437468076,2152,3847,True
8444,584323.7005571824,5788485.391466427,2152,3847,True
8445,584323.9869589966,5788485.345464778,2153,3847,True
8446,584324.2733608108,5788485.299463129,2153,3847,True
8447,584324.5597626251,5788485.253461479,2153,3847,True
8448,584324.8461644393,5788485.207459831,2154,3847,True
8449,584325.1325662535,5788485.161458181,2154,3847,False
8450,584325.5311658016,5788486.577896451,2155,3845,True
8451,584325.9297653496,5788487.994334721,2155,3844,True
8452,584326.3283648976,5788489.41077299,2156,3842,True
8453,584326.7269644458,5788490.82721126,2156,3840,True
8454,584327.1255639938,5788492.24364953,2157,3838,True
8455,584327.5241635418,5788493.6600878,2157,3836,True
8456,584327.9227630899,5788495.076526069,2158,3834,True
8457,584328.3213626379,5788496.492964339,2159,3832,True
8458,584328.719962186,5788497.909402609,2159,3830,True
8459,584329.118561734,5788499.325840879,2160,3828,True
8460,584329.517161282,5788500.742279149,2160,3826,True
8461,584329.9157608302,5788502.158717418,2161,3824,True
8462,584330.3143603782,5788503.575155688,2161,3822,True
8463,584330.7129599262,5788504.991593958,2162,3820,True
8464,584331.1115594743,5788506.408032227,2162,3819,True
8465,584331.5101590223,5788507.824470498,2163,3817,True
8466,584331.9087585703,5788509.240908767,2163,3815,True
8467,584332.3073581184,5788510.6573470365,2164,3813,True
8468,584332.7059576664,5788512.073785307,2165,3811,True
8469,584333.1045572145,5788513.490223576,2165,3809,True
8470,584333.5031567626,5788514.906661846,2166,3807,True
8471,584333.9017563106,5788516.323100116,2166,3805,True
8472,584334.3003558586,5788517.7395383855,2167,3803,True
8473,584334.6989554067,5788519.155976655,2167,3801,True
8474,584335.0975549547,5788520.572414925,2168,3799,True
8475,584335.4961545027,5788521.988853195,2168,3797,True
8476,584335.8947540508,5788523.405291465,2169,3796,True
8477,584336.2933535989,5788524.821729735,2169,3794,True
8478,584336.691953147,5788526.238168004,2170,3792,True
8479,584337.090552695,5788527.654606274,2170,3790,True
8480,584337.489152243,5788529.071044544,2171,3788,True
8481,584337.887751791,5788530.487482813,2172,3786,True
8482,584338.2863513391,5788531.903921084,2172,3784,True
8483,584338.6849508871,5788533.320359353,2173,3782,True
8484,584339.0835504351,5788534.736797622,2173,3780,True
8485,584339.4821499833,5788536.153235893,2174,3778,True
8486,584339.8807495313,5788537.569674162,2174,3776,True
8487,584340.2793490794,5788538.986112432,2175,3774,True
8488,584340.6779486274,5788540.402550702,2175,3773,True
8489,584341.0765481754,5788541.818988971,2176,3771,True
8490,584341.4751477235,5788543.235427241,2176,3769,True
8491,584341.8737472715,5788544.651865511,2177,3767,True
8492,584342.2723468195,5788546.068303781,2177,3765,True
8493,584342.6709463677,5788547.48474205,2178,3763,True
8494,584343.0695459157,5788548.90118032,2179,3761,True
8495,584343.4681454637,5788550.31761859,2179,3759,True
8496,584343.8667450118,5788551.73405686,2180,3757,True
8497,584344.2653445598,5788553.15049513,2180,3755,True
8498,584344.6639441078,5788554.566933399,2181,3753,True
8499,584345.0625436559,5788555.983371669,2181,3751,True
8500,584345.4611432039,5788557.399809939,2182,3749,True
8501,584345.859742752,5788558.816248208,2182,3748,True
8502,584346.2583423001,5788560.232686479,2183,3746,True
8503,584346.6569418481,5788561.649124748,2183,3744,True
8504,584347.0555413961,5788563.0655630175,2184,3742,True
8505,584347.4541409442,5788564.482001288,2184,3740,True
8506,584347.8527404922,5788565.898439557,2185,3738,True
8507,584348.2513400402,5788567.314877827,2186,3736,True
8508,584348.6499395883,5788568.731316097,2186,3734,True
8509,584349.0485391364,5788570.1477543665,2187,3732,True
8510,584349.4471386845,5788571.564192636,2187,3730,True
8511,584349.8457382325,5788572.980630906,2188,3728,True
8512,584350.2443377805,5788574.397069176,2188,3726,True
8513,584350.6429373286,5788575.813507446,2189,3725,True
8514,584351.0415368766,5788577.2299457155,2189,3723,True
8515,584351.4401364246,5788578.646383985,2190,3721,True
8516,584351.8387359726,5788580.062822255,2190,3719,True
8517,584352.2373355208,5788581.479260525,2191,3717,True
8518,584352.6359350688,5788582.895698794,2192,3715,True
8519,584353.0345346169,5788584.3121370645,2192,3713,True
8520,584353.4331341649,5788585.728575334,2193,3711,False
8521,584353.8021107903,5788587.090190439,2193,3709,True
8522,584354.1710874155,5788588.451805544,2194,3707,True
8523,584354.5400640409,5788589.813420649,2194,3706,True
8524,584354.9090406662,5788591.175035753,2195,3704,True
8525,584355.2780172916,5788592.536650859,2195,3702,True
8526,584355.6469939168,5788593.898265963,2196,3700,True
8527,584356.0159705422,5788595.259881068,2196,3698,True
8528,584356.3849471675,5788596.621496174,2197,3696,True
8529,584356.7539237929,5788597.983111278,2197,3694,True
8530,584357.1229004181,5788599.344726383,2198,3693,True
8531,584357.4918770435,5788600.706341488,2198,3691,True
8532,584357.8608536688,5788602.067956593,2199,3689,True
8533,584358.2298302941,5788603.4295716975,2199,3687,True
8534,584358.5988069194,5788604.791186803,2200,3685,True
8535,584358.9677835448,5788606.152801908,2200,3683,True
8536,584359.3367601701,5788607.514417012,2201,3682,True
8537,584359.7057367954,5788608.876032118,2201,3680,True
8538,584360.0747134207,5788610.237647222,2202,3678,True
8539,584360.4436900461,5788611.599262327,2202,3676,True
8540,584360.8126666714,5788612.960877432,2203,3674,True
8541,584361.1816432967,5788614.322492537,2203,3672,True
8542,584361.550619922,5788615.684107642,2204,3671,True
8543,584361.9195965474,5788617.045722746,2204,3669,True
8544,584362.2885731728,5788618.407337852,2205,3667,True
8545,584362.657549798,5788619.768952956,2205,3665,True
8546,584363.0265264234,5788621.130568061,2206,3663,True
8547,584363.3955030487,5788622.492183167,2206,3661,True
8548,584363.764479674,5788623.853798271,2207,3659,True
8549,584364.1334562993,5788625.215413376,2207,3658,True
8550,584364.5024329247,5788626.577028481,2208,3656,True
8551,584364.87140955,5788627.938643586,2208,3654,True
8552,584365.2403861753,5788629.3002586905,2209,3652,True
8553,584365.6093628006,5788630.661873796,2209,3650,True
8554,584365.978339426,5788632.023488901,2210,3648,True
8555,584366.3473160513,5788633.385104005,2210,3647,True
8556,584366.7162926766,5788634.746719111,2211,3645,True
8557,584367.0852693019,5788636.108334215,2211,3643,True
8558,584367.4542459273,5788637.46994932,2212,3641,True
8559,584367.8232225525,5788638.8315644255,2212,3639,True
8560,584368.1921991779,5788640.19317953,2213,3637,True
8561,584368.5611758032,5788641.554794635,2213,3635,True
8562,584368.9301524286,5788642.91640974,2214,3634,True
8563,584369.2991290538,5788644.278024845,2214,3632,True
8564,584369.6681056792,5788645.639639949,2215,3630,True
8565,584370.0370823045,5788647.001255055,2215,3628,True
8566,584370.4060589299,5788648.36287016,2216,3626,True
8567,584370.7750355551,5788649.724485264,2216,3624,True
8568,584371.1440121805,5788651.08610037,2217,3623,True
8569,584371.5129888059,5788652.447715474,2217,3621,True
8570,584371.8819654312,5788653.809330579,2218,3619,True
8571,584372.2509420565,5788655.170945684,2218,3617,True
8572,584372.6199186818,5788656.532560789,2219,3615,True
8573,584372.9888953072,5788657.894175894,2219,3613,True
8574,584373.3578719324,5788659.255790998,2220,3611,True
8575,584373.7268485578,5788660.617406104,2220,3610,True
8576,584374.0958251831,5788661.979021208,2221,3608,True
8577,584374.4648018085,5788663.340636313,2221,3606,True
8578,584374.8337784337,5788664.7022514185,2222,3604,True
8579,584375.2027550591,5788666.063866523,2222,3602,True
8580,584375.5717316844,5788667.425481628,2223,3600,True
8581,584375.9407083098,5788668.787096733,2223,3599,True
8582,584376.309684935,5788670.148711838,2224,3597,True
8583,584376.6786615604,5788671.510326942,2224,3595,True
8584,584377.0476381857,5788672.871942048,2225,3593,True
8585,584377.416614811,5788674.233557153,2225,3591,True
8586,584377.7855914363,5788675.595172257,2226,3589,True
8587,584378.1545680617,5788676.956787363,2226,3588,True
8588,584378.523544687,5788678.318402467,2227,3586,True
8589,584378.8925213123,5788679.680017572,2227,3584,True
8590,584379.2614979376,5788681.041632677,2228,3582,True
8591,584379.630474563,5788682.403247782,2228,3580,False
8592,584379.9946654879,5788683.759430054,2229,3578,True
8593,584380.3588564127,5788685.115612326,2229,3576,True
8594,584380.7230473376,5788686.471794598,2230,3575,True
8595,584381.0872382624,5788687.827976869,2230,3573,True
8596,584381.4514291873,5788689.184159141,2231,3571,True
8597,584381.8156201121,5788690.540341414,2231,3569,True
8598,584382.179811037,5788691.896523685,2232,3567,True
8599,584382.5440019618,5788693.252705957,2232,3565,True
8600,584382.9081928867,5788694.608888228,2233,3564,True
8601,584383.2723838115,5788695.965070501,2233,3562,True
8602,584383.6365747364,5788697.321252773,2234,3560,True
8603,584384.0007656612,5788698.677435044,2234,3558,True
8604,584384.3649565862,5788700.033617316,2234,3556,True
8605,584384.729147511,5788701.389799588,2235,3554,True
8606,584385.0933384359,5788702.74598186,2235,3553,True
8607,584385.4575293607,5788704.102164132,2236,3551,True
8608,584385.8217202856,5788705.458346404,2236,3549,True
8609,584386.1859112104,5788706.814528676,2237,3547,True
8610,584386.5501021353,5788708.170710947,2237,3545,True
8611,584386.9142930601,5788709.526893219,2238,3543,True
8612,584387.278483985,5788710.8830754915,2238,3542,True
8613,584387.6426749098,5788712.239257763,2239,3540,True
8614,584388.0068658347,5788713.595440035,2239,3538,True
8615,584388.3710567595,5788714.951622306,2240,3536,True
8616,584388.7352476844,5788716.307804579,2240,3534,True
8617,584389.0994386092,5788717.6639868505,2241,3532,True
8618,584389.4636295341,5788719.020169122,2241,3531,True
8619,584389.8278204589,5788720.376351394,2242,3529,True
8620,584390.1920113838,5788721.732533666,2242,3527,True
8621,584390.5562023086,5788723.088715938,2243,3525,True
8622,584390.9203932335,5788724.44489821,2243,3523,True
8623,584391.2845841583,5788725.801080482,2244,3521,True
8624,584391.6487750832,5788727.157262754,2244,3520,True
8625,584392.012966008,5788728.513445025,2245,3518,True
8626,584392.377156933,5788729.869627297,2245,3516,True
8627,584392.7413478578,5788731.2258095695,2246,3514,True
8628,584393.1055387827,5788732.581991841,2246,3512,True
8629,584393.4697297075,5788733.938174113,2247,3510,True
8630,584393.8339206324,5788735.294356384,2247,3508,True
8631,584394.1981115572,5788736.650538657,2248,3507,True
8632,584394.5623024821,5788738.0067209285,2248,3505,True
8633,584394.9264934069,5788739.3629032,2249,3503,True
8634,584395.2906843318,5788740.719085473,2249,3501,True
8635,584395.6548752566,5788742.075267744,2250,3499,True
8636,584396.0190661815,5788743.431450016,2250,3497,True
8637,584396.3832571063,5788744.7876322875,2251,3496,True
8638,584396.7474480312,5788746.14381456,2251,3494,True
8639,584397.111638956,5788747.499996832,2252,3492,True
8640,584397.4758298809,5788748.856179103,2252,3490,True
8641,584397.8400208057,5788750.212361375,2253,3488,True
8642,584398.2042117306,5788751.568543647,2253,3486,True
8643,584398.5684026554,5788752.924725919,2254,3485,True
8644,584398.9325935803,5788754.280908191,2254,3483,True
8645,584399.2967845051,5788755.637090462,2255,3481,True
8646,584399.66097543,5788756.993272735,2255,3479,True
8647,584400.0251663548,5788758.349455006,2256,3477,True
8648,584400.3893572798,5788759.705637278,2256,3475,True
8649,584400.7535482045,5788761.061819551,2257,3474,True
8650,584401.1177391295,5788762.418001822,2257,3472,True
8651,584401.4819300543,5788763.774184094,2258,3470,True
8652,584401.8461209792,5788765.130366365,2258,3468,True
8653,584402.210311904,5788766.486548638,2259,3466,True
8654,584402.5745028289,5788767.84273091,2259,3464,True
8655,584402.9386937537,5788769.198913181,2260,3463,True
8656,584403.3028846786,5788770.555095453,2260,3461,True
8657,584403.6670756034,5788771.911277725,2261,3459,True
8658,584404.0312665283,5788773.267459997,2261,3457,True
8659,584404.3954574531,5788774.623642269,2262,3455,True
8660,584404.759648378,5788775.97982454,2262,3453,True
8661,584405.1238393028,5788777.336006813,2263,3452,True
8662,584405.4880302277,5788778.692189084,2263,3450,False
8663,584405.8557872048,5788780.0577058345,2264,3448,True
8664,584406.2235441819,5788781.423222586,2264,3446,True
8665,584406.5913011591,5788782.788739336,2265,3444,True
8666,584406.9590581362,5788784.154256086,2265,3442,True
8667,584407.3268151133,5788785.519772837,2266,3440,True
8668,584407.6945720904,5788786.885289587,2266,3439,True
8669,584408.0623290676,5788788.250806337,2267,3437,True
8670,584408.4300860447,5788789.616323088,2267,3435,True
8671,584408.7978430218,5788790.981839838,2268,3433,True
8672,584409.1655999989,5788792.3473565895,2268,3431,True
8673,584409.5333569761,5788793.71287334,2269,3429,True
8674,584409.9011139532,5788795.07839009,2269,3427,True
8675,584410.2688709303,5788796.443906841,2270,3426,True
8676,584410.6366279074,5788797.809423591,2270,3424,True
8677,584411.0043848846,5788799.174940341,2271,3422,True
8678,584411.3721418617,5788800.540457092,2271,3420,True
8679,584411.7398988388,5788801.905973842,2272,3418,True
8680,584412.1076558159,5788803.2714905925,2272,3416,True
8681,584412.4754127931,5788804.637007344,2273,3415,True
8682,584412.8431697702,5788806.002524094,2273,3413,True
8683,584413.2109267473,5788807.368040844,2274,3411,True
8684,584413.5786837244,5788808.733557595,2274,3409,True
8685,584413.9464407016,5788810.099074345,2275,3407,True
8686,584414.3141976787,5788811.464591095,2275,3405,True
8687,584414.6819546558,5788812.830107846,2276,3403,True
8688,584415.0497116329,5788814.195624596,2276,3402,True
8689,584415.41746861,5788815.5611413475,2277,3400,True
8690,584415.7852255872,5788816.926658098,2277,3398,True
8691,584416.1529825643,5788818.292174848,2278,3396,True
8692,584416.5207395414,5788819.657691599,2278,3394,True
8693,584416.8884965185,5788821.023208349,2279,3392,True
8694,584417.2562534957,5788822.388725099,2279,3390,True
8695,584417.6240104728,5788823.75424185,2280,3389,True
8696,584417.9917674499,5788825.1197586,2280,3387,True
8697,584418.359524427,5788826.4852753505,2281,3385,True
8698,584418.7272814042,5788827.850792102,2281,3383,True
8699,584419.0950383813,5788829.216308852,2282,3381,True
8700,584419.4627953584,5788830.581825602,2282,3379,True
8701,584419.8305523355,5788831.947342353,2283,3378,True
8702,584420.1983093127,5788833.312859103,2283,3376,True
8703,584420.5660662898,5788834.678375853,2284,3374,True
8704,584420.9338232669,5788836.043892604,2284,3372,True
8705,584421.301580244,5788837.409409354,2285,3370,True
8706,584421.6693372212,5788838.774926105,2285,3368,True
8707,584422.0370941983,5788840.140442856,2286,3366,True
8708,584422.4048511754,5788841.505959606,2286,3365,True
8709,584422.7726081525,5788842.871476357,2287,3363,True
8710,584423.1403651296,5788844.236993107,2287,3361,True
8711,584423.5081221068,5788845.602509857,2288,3359,True
8712,584423.8758790839,5788846.968026608,2288,3357,True
8713,584424.243636061,5788848.333543358,2289,3355,True
8714,584424.6113930381,5788849.6990601085,2289,3353,True
8715,584424.9791500153,5788851.06457686,2290,3352,True
8716,584425.3469069924,5788852.43009361,2290,3350,True
8717,584425.7146639695,5788853.79561036,2291,3348,True
8718,584426.0824209466,5788855.161127111,2291,3346,True
8719,584426.4501779238,5788856.526643861,2292,3344,True
8720,584426.8179349009,5788857.892160611,2292,3342,True
8721,584427.185691878,5788859.257677362,2293,3341,True
8722,584427.5534488551,5788860.623194112,2293,3339,True
8723,584427.9212058323,5788861.988710863,2293,3337,True
8724,584428.2889628094,5788863.354227614,2294,3335,True
8725,584428.6567197865,5788864.719744364,2294,3333,True
8726,584429.0244767636,5788866.085261115,2295,3331,True
8727,584429.3922337408,5788867.450777865,2295,3329,True
8728,584429.7599907179,5788868.816294615,2296,3328,True
8729,584430.127747695,5788870.181811366,2296,3326,True
8730,584430.495504672,5788871.547328116,2297,3324,True
8731,584430.8632616493,5788872.9128448665,2297,3322,True
8732,584431.2310186264,5788874.278361618,2298,3320,True
8733,584431.5987756035,5788875.643878368,2298,3318,False
8734,584431.9694260693,5788877.017412393,2299,3316,True
8735,584432.3400765352,5788878.390946419,2299,3315,True
8736,584432.7107270011,5788879.764480445,2300,3313,True
8737,584433.0813774669,5788881.13801447,2300,3311,True
8738,584433.4520279329,5788882.511548496,2301,3309,True
8739,584433.8226783987,5788883.885082522,2301,3307,True
8740,584434.1933288646,5788885.258616548,2302,3305,True
8741,584434.5639793305,5788886.632150574,2302,3303,True
8742,584434.9346297963,5788888.005684599,2303,3302,True
8743,584435.3052802623,5788889.379218625,2304,3300,True
8744,584435.6759307281,5788890.7527526505,2304,3298,True
8745,584436.0465811939,5788892.126286676,2305,3296,True
8746,584436.4172316599,5788893.499820702,2305,3294,True
8747,584436.7878821257,5788894.873354727,2306,3292,True
8748,584437.1585325915,5788896.246888753,2306,3290,True
8749,584437.5291830575,5788897.620422779,2307,3289,True
8750,584437.8998335233,5788898.993956804,2307,3287,True
8751,584438.2704839893,5788900.367490831,2308,3285,True
8752,584438.6411344551,5788901.741024856,2308,3283,True
8753,584439.0117849209,5788903.114558882,2309,3281,True
8754,584439.3824353869,5788904.488092908,2309,3279,True
8755,584439.7530858527,5788905.861626933,2310,3277,True
8756,584440.1237363186,5788907.235160959,2310,3276,True
8757,584440.4943867845,5788908.608694985,2311,3274,True
8758,584440.8650372503,5788909.98222901,2311,3272,True
8759,584441.2356877163,5788911.355763036,2312,3270,True
8760,584441.6063381821,5788912.729297061,2312,3268,True
8761,584441.976988648,5788914.102831087,2313,3266,True
8762,584442.3476391139,5788915.476365113,2313,3264,True
8763,584442.7182895797,5788916.849899139,2314,3263,True
8764,584443.0889400456,5788918.223433165,2314,3261,True
8765,584443.4595905115,5788919.5969671905,2315,3259,True
8766,584443.8302409773,5788920.970501216,2315,3257,True
8767,584444.2008914432,5788922.344035242,2316,3255,True
8768,584444.5715419091,5788923.717569267,2316,3253,True
8769,584444.942192375,5788925.091103293,2317,3251,True
8770,584445.3128428409,5788926.464637319,2317,3249,True
8771,584445.6834933067,5788927.838171344,2318,3248,True
8772,584446.0541437726,5788929.21170537,2318,3246,True
8773,584446.4247942385,5788930.5852393955,2319,3244,True
8774,584446.7954447044,5788931.958773421,2319,3242,True
8775,584447.1660951702,5788933.332307448,2320,3240,True
8776,584447.5367456361,5788934.705841473,2320,3238,True
8777,584447.907396102,5788936.079375499,2321,3236,True
8778,584448.2780465678,5788937.452909525,2321,3235,True
8779,584448.6486970338,5788938.82644355,2322,3233,True
8780,584449.0193474996,5788940.199977576,2322,3231,True
8781,584449.3899979655,5788941.573511601,2323,3229,True
8782,584449.7606484314,5788942.947045627,2323,3227,True
8783,584450.1312988972,5788944.320579653,2324,3225,True
8784,584450.5019493632,5788945.694113678,2324,3223,True
8785,584450.872599829,5788947.067647704,2325,3222,True
8786,584451.2432502948,5788948.44118173,2325,3220,True
8787,584451.6139007608,5788949.814715756,2326,3218,True
8788,584451.9845512266,5788951.188249782,2326,3216,True
8789,584452.3552016926,5788952.561783807,2327,3214,True
8790,584452.7258521584,5788953.935317833,2327,3212,True
8791,584453.0965026242,5788955.308851859,2328,3210,True
8792,584453.4671530902,5788956.682385884,2328,3209,True
8793,584453.837803556,5788958.05591991,2329,3207,True
8794,584454.2084540218,5788959.4294539355,2329,3205,True
8795,584454.5791044878,5788960.802987961,2330,3203,True
8796,584454.9497549536,5788962.176521987,2330,3201,True
8797,584455.3204054195,5788963.550056012,2331,3199,True
8798,584455.6910558854,5788964.923590038,2331,3197,True
8799,584456.0617063512,5788966.2971240645,2332,3196,True
8800,584456.4323568172,5788967.67065809,2332,3194,True
8801,584456.803007283,5788969.044192116,2333,3192,True
8802,584457.1736577488,5788970.417726141,2333,3190,True
8803,584457.5443082148,5788971.791260167,2334,3188,True
8804,584457.9149586806,5788973.164794193,2334,3186,False
8805,584458.282251865,5788974.532179771,2335,3184,True
8806,584458.6495450493,5788975.899565349,2335,3183,True
8807,584459.0168382337,5788977.266950927,2336,3181,True
8808,584459.384131418,5788978.634336505,2336,3179,True
8809,584459.7514246023,5788980.001722083,2337,3177,True
8810,584460.1187177866,5788981.369107662,2337,3175,True
8811,584460.486010971,5788982.73649324,2338,3173,True
8812,584460.8533041553,5788984.103878818,2338,3171,True
8813,584461.2205973397,5788985.471264396,2339,3170,True
8814,584461.587890524,5788986.838649974,2339,3168,True
8815,584461.9551837083,5788988.206035553,2340,3166,True
8816,584462.3224768926,5788989.573421131,2340,3164,True
8817,584462.689770077,5788990.940806709,2341,3162,True
8818,584463.0570632613,5788992.308192287,2341,3160,True
8819,584463.4243564457,5788993.675577865,2342,3158,True
8820,584463.79164963,5788995.042963443,2342,3157,True
8821,584464.1589428143,5788996.410349022,2343,3155,True
8822,584464.5262359986,5788997.7777346,2343,3153,True
8823,584464.893529183,5788999.145120178,2344,3151,True
8824,584465.2608223673,5789000.512505756,2344,3149,True
8825,584465.6281155517,5789001.879891334,2345,3147,True
8826,584465.9954087359,5789003.247276912,2345,3145,True
8827,584466.3627019203,5789004.614662491,2346,3144,True
8828,584466.7299951046,5789005.982048069,2346,3142,True
8829,584467.097288289,5789007.349433647,2347,3140,True
8830,584467.4645814733,5789008.716819225,2347,3138,True
8831,584467.8318746577,5789010.084204803,2348,3136,True
8832,584468.1991678419,5789011.451590382,2348,3134,True
8833,584468.5664610263,5789012.81897596,2349,3133,True
8834,584468.9337542106,5789014.186361538,2349,3131,True
8835,584469.301047395,5789015.553747116,2350,3129,True
8836,584469.6683405793,5789016.921132694,2350,3127,True
8837,584470.0356337636,5789018.288518272,2351,3125,True
8838,584470.4029269479,5789019.655903851,2351,3123,True
8839,584470.7702201323,5789021.023289429,2352,3121,True
8840,584471.1375133166,5789022.390675006,2352,3120,True
8841,584471.504806501,5789023.758060585,2353,3118,True
8842,584471.8720996852,5789025.125446163,2353,3116,True
8843,584472.2393928696,5789026.492831741,2354,3114,True
8844,584472.6066860539,5789027.86021732,2354,3112,True
8845,584472.9739792383,5789029.227602897,2355,3110,True
8846,584473.3412724226,5789030.594988476,2355,3108,True
8847,584473.708565607,5789031.962374054,2356,3107,True
8848,584474.0758587912,5789033.329759632,2356,3105,True
8849,584474.4431519756,5789034.697145211,2357,3103,True
8850,584474.8104451599,5789036.064530789,2357,3101,True
8851,584475.1777383443,5789037.431916366,2358,3099,True
8852,584475.5450315286,5789038.799301945,2358,3097,True
8853,584475.912324713,5789040.166687523,2359,3095,True
8854,584476.2796178972,5789041.534073101,2359,3094,True
8855,584476.6469110816,5789042.90145868,2360,3092,True
8856,584477.0142042659,5789044.268844257,2360,3090,True
8857,584477.3814974503,5789045.636229835,2361,3088,True
8858,584477.7487906346,5789047.003615414,2361,3086,True
8859,584478.116083819,5789048.371000992,2361,3084,True
8860,584478.4833770032,5789049.7383865705,2362,3082,True
8861,584478.8506701876,5789051.105772149,2362,3081,True
8862,584479.2179633719,5789052.473157726,2363,3079,True
8863,584479.5852565563,5789053.840543305,2363,3077,True
8864,584479.9525497406,5789055.207928883,2364,3075,True
8865,584480.319842925,5789056.575314461,2364,3073,True
8866,584480.6871361092,5789057.94270004,2365,3071,True
8867,584481.0544292936,5789059.310085617,2365,3070,True
8868,584481.4217224779,5789060.677471195,2366,3068,True
8869,584481.7890156623,5789062.044856774,2366,3066,True
8870,584482.1563088465,5789063.412242352,2367,3064,True
8871,584482.5236020309,5789064.77962793,2367,3062,True
8872,584482.8908952152,5789066.147013509,2368,3060,True
8873,584483.2581883996,5789067.514399086,2368,3058,True
8874,584483.6254815839,5789068.8817846645,2369,3057,True
8875,584483.9927747683,5789070.249170243,2369,3055,False
8876,584484.3561927761,5789071.598515752,2370,3053,True
8877,584484.719610784,5789072.94786126,2370,3051,True
8878,584485.0830287918,5789074.297206769,2371,3049,True
8879,584485.4464467998,5789075.646552277,2371,3047,True
8880,584485.8098648076,5789076.995897786,2372,3046,True
8881,584486.1732828155,5789078.345243294,2372,3044,True
8882,584486.5367008233,5789079.694588803,2373,3042,True
8883,584486.9001188312,5789081.043934311,2373,3040,True
8884,584487.263536839,5789082.39327982,2374,3038,True
8885,584487.6269548469,5789083.742625328,2374,3036,True
8886,584487.9903728548,5789085.091970837,2375,3035,True
8887,584488.3537908627,5789086.441316345,2375,3033,True
8888,584488.7172088706,5789087.790661854,2376,3031,True
8889,584489.0806268784,5789089.140007362,2376,3029,True
8890,584489.4440448863,5789090.489352871,2377,3027,True
8891,584489.8074628941,5789091.838698379,2377,3025,True
8892,584490.170880902,5789093.188043888,2378,3024,True
8893,584490.5342989098,5789094.537389396,2378,3022,True
8894,584490.8977169177,5789095.886734905,2379,3020,True
8895,584491.2611349256,5789097.236080413,2379,3018,True
8896,584491.6245529335,5789098.585425922,2380,3016,True
8897,584491.9879709414,5789099.93477143,2380,3014,True
8898,584492.3513889492,5789101.284116939,2381,3013,True
8899,584492.714806957,5789102.633462448,2381,3011,True
8900,584493.0782249649,5789103.982807956,2382,3009,True
8901,584493.4416429728,5789105.332153465,2382,3007,True
8902,584493.8050609806,5789106.681498973,2383,3005,True
8903,584494.1684789886,5789108.030844482,2383,3004,True
8904,584494.5318969964,5789109.38018999,2384,3002,True
8905,584494.8953150043,5789110.729535499,2384,3000,True
8906,584495.2587330121,5789112.078881007,2385,2998,True
8907,584495.62215102,5789113.428226516,2385,2996,True
8908,584495.9855690278,5789114.777572024,2386,2994,True
8909,584496.3489870357,5789116.126917533,2386,2993,True
8910,584496.7124050435,5789117.476263041,2387,2991,True
8911,584497.0758230515,5789118.82560855,2387,2989,True
8912,584497.4392410594,5789120.174954058,2388,2987,True
8913,584497.8026590672,5789121.524299567,2388,2985,True
8914,584498.1660770751,5789122.873645075,2389,2983,True
8915,584498.5294950829,5789124.222990584,2389,2982,True
8916,584498.8929130908,5789125.572336092,2390,2980,True
8917,584499.2563310986,5789126.921681601,2390,2978,True
8918,584499.6197491065,5789128.271027109,2391,2976,True
8919,584499.9831671144,5789129.620372618,2391,2974,True
8920,584500.3465851223,5789130.969718126,2392,2972,True
8921,584500.7100031301,5789132.319063635,2392,2971,True
8922,584501.073421138,5789133.668409143,2393,2969,True
8923,584501.4368391458,5789135.017754652,2393,2967,True
8924,584501.8002571537,5789136.367100161,2394,2965,True
8925,584502.1636751615,5789137.716445669,2394,2963,True
8926,584502.5270931694,5789139.065791178,2395,2961,True
8927,584502.8905111774,5789140.415136686,2395,2960,True
8928,584503.2539291852,5789141.764482195,2396,2958,True
8929,584503.6173471931,5789143.113827703,2396,2956,True
8930,584503.9807652009,5789144.463173212,2397,2954,True
8931,584504.3441832088,5789145.81251872,2397,2952,True
8932,584504.7076012166,5789147.161864229,2398,2951,True
8933,584505.0710192245,5789148.511209737,2398,2949,True
8934,584505.4344372323,5789149.860555246,2399,2947,True
8935,584505.7978552403,5789151.209900754,2399,2945,True
8936,584506.1612732481,5789152.559246263,2399,2943,True
8937,584506.524691256,5789153.908591771,2400,2941,True
8938,584506.8881092638,5789155.2579372795,2400,2940,True
8939,584507.2515272717,5789156.607282788,2401,2938,True
8940,584507.6149452796,5789157.9566282965,2401,2936,True
8941,584507.9783632874,5789159.305973805,2402,2934,True
8942,584508.3417812953,5789160.6553193135,2402,2932,True
8943,584508.7051993032,5789162.004664822,2403,2930,True
8944,584509.0686173111,5789163.3540103305,2403,2929,True
8945,584509.4320353189,5789164.703355839,2404,2927,True
8946,584509.7954533268,5789166.0527013475,2404,2925,False
8947,584510.1633983809,5789167.414531742,2405,2923,True
8948,584510.531343435,5789168.776362137,2405,2921,True
8949,584510.8992884891,5789170.138192533,2406,2919,True
8950,584511.2672335433,5789171.500022927,2406,2918,True
8951,584511.6351785974,5789172.861853322,2407,2916,True
8952,584512.0031236515,5789174.223683717,2407,2914,True
8953,584512.3710687057,5789175.585514111,2408,2912,True
8954,584512.7390137598,5789176.947344506,2408,2910,True
8955,584513.106958814,5789178.309174902,2409,2908,True
8956,584513.474903868,5789179.6710052965,2409,2906,True
8957,584513.8428489221,5789181.032835691,2410,2905,True
8958,584514.2107939763,5789182.394666086,2410,2903,True
8959,584514.5787390304,5789183.756496481,2411,2901,True
8960,584514.9466840846,5789185.118326876,2411,2899,True
8961,584515.3146291387,5789186.480157271,2412,2897,True
8962,584515.6825741928,5789187.841987666,2412,2895,True
8963,584516.050519247,5789189.20381806,2413,2894,True
8964,584516.418464301,5789190.565648455,2413,2892,True
8965,584516.7864093551,5789191.92747885,2414,2890,True
8966,584517.1543544093,5789193.2893092455,2414,2888,True
8967,584517.5222994634,5789194.65113964,2415,2886,True
8968,584517.8902445176,5789196.012970035,2415,2884,True
8969,584518.2581895717,5789197.37480043,2416,2882,True
8970,584518.6261346258,5789198.736630824,2416,2881,True
8971,584518.99407968,5789200.09846122,2417,2879,True
8972,584519.362024734,5789201.460291615,2417,2877,True
8973,584519.7299697882,5789202.8221220095,2418,2875,True
8974,584520.0979148423,5789204.183952404,2418,2873,True
8975,584520.4658598964,5789205.545782799,2419,2871,True
8976,584520.8338049506,5789206.907613194,2419,2870,True
8977,584521.2017500047,5789208.269443589,2420,2868,True
8978,584521.5696950589,5789209.631273984,2420,2866,True
8979,584521.9376401129,5789210.993104379,2421,2864,True
8980,584522.305585167,5789212.354934773,2421,2862,True
8981,584522.6735302212,5789213.716765168,2422,2860,True
8982,584523.0414752753,5789215.078595564,2422,2859,True
8983,584523.4094203295,5789216.4404259585,2423,2857,True
8984,584523.7773653836,5789217.802256353,2423,2855,True
8985,584524.1453104377,5789219.164086748,2424,2853,True
8986,584524.5132554919,5789220.525917143,2424,2851,True
8987,584524.8812005459,5789221.887747538,2425,2849,True
8988,584525.2491456001,5789223.249577933,2425,2847,True
8989,584525.6170906542,5789224.611408328,2426,2846,True
8990,584525.9850357083,5789225.973238722,2426,2844,True
8991,584526.3529807625,5789227.335069117,2427,2842,True
8992,584526.7209258166,5789228.696899512,2427,2840,True
8993,584527.0888708708,5789230.0587299075,2428,2838,True
8994,584527.4568159248,5789231.420560302,2428,2836,True
8995,584527.8247609789,5789232.782390697,2429,2835,True
8996,584528.1927060331,5789234.144221092,2429,2833,True
8997,584528.5606510872,5789235.506051486,2430,2831,True
8998,584528.9285961414,5789236.867881882,2430,2829,True
8999,584529.2965411955,5789238.229712277,2431,2827,True
9000,584529.6644862496,5789239.591542671,2431,2825,True
9001,584530.0324313038,5789240.953373066,2432,2823,True
9002,584530.4003763578,5789242.315203461,2432,2822,True
9003,584530.7683214119,5789243.677033856,2433,2820,True
9004,584531.1362664661,5789245.038864251,2433,2818,True
9005,584531.5042115202,5789246.400694646,2434,2816,True
9006,584531.8721565744,5789247.762525041,2434,2814,True
9007,584532.2401016285,5789249.124355435,2435,2812,True
9008,584532.6080466826,5789250.48618583,2435,2811,True
9009,584532.9759917367,5789251.848016226,2436,2809,True
9010,584533.3439367908,5789253.20984662,2436,2807,True
9011,584533.711881845,5789254.571677015,2437,2805,True
9012,584534.0798268991,5789255.93350741,2437,2803,True
9013,584534.4477719532,5789257.295337805,2438,2801,True
9014,584534.8157170074,5789258.657168199,2438,2799,True
9015,584535.1836620615,5789260.018998595,2439,2798,True
9016,584535.5516071157,5789261.38082899,2439,2796,True
9017,584535.9195521697,5789262.742659384,2440,2794,False
9018,584536.2876214465,5789264.115071375,2440,2792,True
9019,584536.6556907234,5789265.487483366,2441,2790,True
9020,584537.0237600002,5789266.859895357,2441,2788,True
9021,584537.3918292772,5789268.2323073475,2442,2786,True
9022,584537.759898554,5789269.604719339,2442,2785,True
9023,584538.1279678307,5789270.9771313295,2443,2783,True
9024,584538.4960371077,5789272.349543321,2443,2781,True
9025,584538.8641063845,5789273.7219553115,2444,2779,True
9026,584539.2321756614,5789275.094367302,2444,2777,True
9027,584539.6002449382,5789276.4667792935,2445,2775,True
9028,584539.968314215,5789277.839191284,2445,2773,True
9029,584540.3363834919,5789279.211603275,2446,2772,True
9030,584540.7044527687,5789280.584015266,2446,2770,True
9031,584541.0725220456,5789281.956427257,2447,2768,True
9032,584541.4405913224,5789283.328839247,2447,2766,True
9033,584541.8086605992,5789284.701251239,2448,2764,True
9034,584542.1767298761,5789286.073663229,2448,2762,True
9035,584542.5447991529,5789287.446075221,2449,2760,True
9036,584542.9128684297,5789288.818487211,2449,2759,True
9037,584543.2809377066,5789290.190899202,2450,2757,True
9038,584543.6490069834,5789291.563311193,2450,2755,True
9039,584544.0170762603,5789292.935723184,2451,2753,True
9040,584544.3851455371,5789294.308135174,2451,2751,True
9041,584544.7532148139,5789295.680547166,2452,2749,True
9042,584545.1212840908,5789297.052959156,2452,2747,True
9043,584545.4893533676,5789298.425371148,2453,2746,True
9044,584545.8574226445,5789299.797783138,2453,2744,True
9045,584546.2254919213,5789301.170195129,2454,2742,True
9046,584546.5935611981,5789302.54260712,2454,2740,True
9047,584546.961630475,5789303.915019111,2455,2738,True
9048,584547.3296997518,5789305.287431101,2455,2736,True
9049,584547.6977690287,5789306.659843093,2456,2734,True
9050,584548.0658383055,5789308.032255083,2456,2733,True
9051,584548.4339075823,5789309.404667074,2457,2731,True
9052,584548.8019768592,5789310.777079065,2457,2729,True
9053,584549.170046136,5789312.149491056,2458,2727,True
9054,584549.5381154129,5789313.521903047,2458,2725,True
9055,584549.9061846897,5789314.894315038,2459,2723,True
9056,584550.2742539665,5789316.266727028,2459,2721,True
9057,584550.6423232434,5789317.63913902,2460,2720,True
9058,584551.0103925202,5789319.01155101,2460,2718,True
9059,584551.3784617971,5789320.383963001,2461,2716,True
9060,584551.7465310739,5789321.756374992,2461,2714,True
9061,584552.1146003507,5789323.128786983,2462,2712,True
9062,584552.4826696276,5789324.5011989735,2462,2710,True
9063,584552.8507389044,5789325.873610965,2463,2708,True
9064,584553.2188081814,5789327.2460229555,2463,2707,True
9065,584553.5868774581,5789328.618434947,2464,2705,True
9066,584553.954946735,5789329.9908469375,2464,2703,True
9067,584554.3230160119,5789331.363258928,2465,2701,True
9068,584554.6910852887,5789332.7356709195,2465,2699,True
9069,584555.0591545656,5789334.10808291,2466,2697,True
9070,584555.4272238424,5789335.480494901,2466,2695,True
9071,584555.7952931192,5789336.852906892,2467,2694,True
9072,584556.1633623961,5789338.225318883,2467,2692,True
9073,584556.5314316729,5789339.597730874,2468,2690,True
9074,584556.8995009497,5789340.970142865,2468,2688,True
9075,584557.2675702266,5789342.342554855,2469,2686,True
9076,584557.6356395034,5789343.714966847,2469,2684,True
9077,584558.0037087803,5789345.087378837,2470,2682,True
9078,584558.3717780571,5789346.459790828,2470,2681,True
9079,584558.7398473339,5789347.832202819,2471,2679,True
9080,584559.1079166108,5789349.20461481,2471,2677,True
9081,584559.4759858876,5789350.5770268,2472,2675,True
9082,584559.8440551645,5789351.949438792,2472,2673,True
9083,584560.2121244413,5789353.321850782,2473,2671,True
9084,584560.5801937181,5789354.694262774,2473,2669,True
9085,584560.948262995,5789356.066674764,2474,2668,True
9086,584561.3163322718,5789357.439086755,2474,2666,True
9087,584561.6844015487,5789358.811498746,2475,2664,True
9088,584562.0524708255,5789360.183910737,2475,2662,False
9089,584562.4210353752,5789361.546757935,2476,2660,True
9090,584562.7895999248,5789362.9096051315,2476,2658,True
9091,584563.1581644745,5789364.272452329,2477,2656,True
9092,584563.5267290242,5789365.635299526,2477,2655,True
9093,584563.8952935738,5789366.998146724,2478,2653,True
9094,584564.2638581236,5789368.360993922,2478,2651,True
9095,584564.6324226733,5789369.723841119,2479,2649,True
9096,584565.0009872229,5789371.086688316,2479,2647,True
9097,584565.3695517726,5789372.449535513,2480,2645,True
9098,584565.7381163223,5789373.812382711,2480,2643,True
9099,584566.1066808719,5789375.175229909,2481,2642,True
9100,584566.4752454216,5789376.538077106,2481,2640,True
9101,584566.8438099714,5789377.900924304,2482,2638,True
9102,584567.212374521,5789379.2637715,2482,2636,True
9103,584567.5809390707,5789380.626618698,2483,2634,True
9104,584567.9495036204,5789381.989465896,2483,2632,True
9105,584568.31806817,5789383.352313093,2484,2631,True
9106,584568.6866327197,5789384.715160291,2484,2629,True
9107,584569.0551972694,5789386.0780074885,2485,2627,True
9108,584569.423761819,5789387.440854685,2485,2625,True
9109,584569.7923263687,5789388.803701883,2486,2623,True
9110,584570.1608909185,5789390.16654908,2486,2621,True
9111,584570.5294554681,5789391.529396278,2487,2619,True
9112,584570.8980200178,5789392.892243476,2487,2618,True
9113,584571.2665845675,5789394.2550906725,2488,2616,True
9114,584571.6351491171,5789395.61793787,2488,2614,True
9115,584572.0037136668,5789396.980785067,2489,2612,True
9116,584572.3722782165,5789398.343632265,2489,2610,True
9117,584572.7408427661,5789399.706479463,2490,2608,True
9118,584573.1094073158,5789401.06932666,2490,2607,True
9119,584573.4779718656,5789402.432173857,2491,2605,True
9120,584573.8465364152,5789403.795021054,2491,2603,True
9121,584574.2151009649,5789405.157868252,2492,2601,True
9122,584574.5836655146,5789406.52071545,2492,2599,True
9123,584574.9522300642,5789407.883562647,2493,2597,True
9124,584575.3207946139,5789409.246409845,2493,2595,True
9125,584575.6893591635,5789410.6092570415,2494,2594,True
9126,584576.0579237132,5789411.972104239,2494,2592,True
9127,584576.426488263,5789413.334951437,2495,2590,True
9128,584576.7950528126,5789414.697798634,2495,2588,True
9129,584577.1636173623,5789416.060645832,2496,2586,True
9130,584577.532181912,5789417.423493029,2496,2584,True
9131,584577.9007464616,5789418.786340226,2497,2583,True
9132,584578.2693110113,5789420.149187424,2497,2581,True
9133,584578.637875561,5789421.512034621,2498,2579,True
9134,584579.0064401106,5789422.874881819,2498,2577,True
9135,584579.3750046603,5789424.237729016,2499,2575,True
9136,584579.74356921,5789425.600576214,2499,2573,True
9137,584580.1121337597,5789426.963423411,2500,2571,True
9138,584580.4806983094,5789428.326270608,2500,2570,True
9139,584580.8492628591,5789429.689117806,2501,2568,True
9140,584581.2178274087,5789431.051965003,2501,2566,True
9141,584581.5863919584,5789432.414812201,2502,2564,True
9142,584581.9549565081,5789433.7776593985,2502,2562,True
9143,584582.3235210577,5789435.140506595,2503,2560,True
9144,584582.6920856074,5789436.503353793,2503,2559,True
9145,584583.0606501572,5789437.866200991,2504,2557,True
9146,584583.4292147068,5789439.229048188,2504,2555,True
9147,584583.7977792565,5789440.591895386,2505,2553,True
9148,584584.1663438062,5789441.9547425825,2505,2551,True
9149,584584.5349083558,5789443.31758978,2506,2549,True
9150,584584.9034729055,5789444.680436978,2506,2547,True
9151,584585.2720374552,5789446.043284175,2507,2546,True
9152,584585.6406020048,5789447.406131373,2507,2544,True
9153,584586.0091665545,5789448.76897857,2508,2542,True
9154,584586.3777311043,5789450.131825767,2508,2540,True
9155,584586.7462956539,5789451.494672965,2509,2538,True
9156,584587.1148602036,5789452.857520162,2509,2536,True
9157,584587.4834247533,5789454.22036736,2510,2535,True
9158,584587.8519893029,5789455.583214557,2510,2533,True
9159,584588.2205538526,5789456.946061755,2511,2531,False
9160,584588.5876122796,5789458.311714962,2511,2529,True
9161,584588.9546707065,5789459.67736817,2512,2527,True
9162,584589.3217291335,5789461.043021377,2512,2525,True
9163,584589.6887875604,5789462.408674585,2513,2523,True
9164,584590.0558459875,5789463.774327792,2513,2522,True
9165,584590.4229044145,5789465.139981,2514,2520,True
9166,584590.7899628414,5789466.505634207,2514,2518,True
9167,584591.1570212684,5789467.871287415,2515,2516,True
9168,584591.5240796953,5789469.236940622,2515,2514,True
9169,584591.8911381223,5789470.60259383,2516,2512,True
9170,584592.2581965493,5789471.968247037,2516,2510,True
9171,584592.6252549762,5789473.333900245,2517,2509,True
9172,584592.9923134032,5789474.699553452,2517,2507,True
9173,584593.3593718302,5789476.06520666,2518,2505,True
9174,584593.7264302572,5789477.4308598675,2518,2503,True
9175,584594.0934886842,5789478.796513075,2519,2501,True
9176,584594.4605471111,5789480.162166283,2519,2499,True
9177,584594.8276055381,5789481.527819491,2520,2498,True
9178,584595.194663965,5789482.8934726985,2520,2496,True
9179,584595.561722392,5789484.259125906,2521,2494,True
9180,584595.9287808189,5789485.624779114,2521,2492,True
9181,584596.2958392459,5789486.990432321,2522,2490,True
9182,584596.662897673,5789488.356085529,2522,2488,True
9183,584597.0299560999,5789489.721738736,2523,2486,True
9184,584597.3970145269,5789491.087391944,2523,2485,True
9185,584597.7640729538,5789492.453045151,2524,2483,True
9186,584598.1311313808,5789493.818698359,2524,2481,True
9187,584598.4981898078,5789495.184351566,2525,2479,True
9188,584598.8652482347,5789496.550004774,2525,2477,True
9189,584599.2323066617,5789497.915657981,2526,2475,True
9190,584599.5993650886,5789499.281311189,2526,2473,True
9191,584599.9664235157,5789500.646964396,2527,2472,True
9192,584600.3334819427,5789502.012617604,2527,2470,True
9193,584600.7005403696,5789503.378270811,2528,2468,True
9194,584601.0675987966,5789504.743924019,2528,2466,True
9195,584601.4346572235,5789506.109577226,2529,2464,True
9196,584601.8017156505,5789507.475230434,2529,2462,True
9197,584602.1687740774,5789508.8408836415,2530,2461,True
9198,584602.5358325044,5789510.206536849,2530,2459,True
9199,584602.9028909315,5789511.572190057,2531,2457,True
9200,584603.2699493584,5789512.937843264,2531,2455,True
9201,584603.6370077854,5789514.303496472,2532,2453,True
9202,584604.0040662123,5789515.669149679,2532,2451,True
9203,584604.3711246393,5789517.034802887,2533,2449,True
9204,584604.7381830662,5789518.400456094,2533,2448,True
9205,584605.1052414932,5789519.766109302,2534,2446,True
9206,584605.4722999202,5789521.131762509,2534,2444,True
9207,584605.8393583471,5789522.497415717,2535,2442,True
9208,584606.2064167742,5789523.863068924,2535,2440,True
9209,584606.5734752011,5789525.228722132,2536,2438,True
9210,584606.9405336281,5789526.594375339,2536,2436,True
9211,584607.3075920551,5789527.960028547,2537,2435,True
9212,584607.674650482,5789529.325681754,2537,2433,True
9213,584608.041708909,5789530.691334963,2538,2431,True
9214,584608.4087673359,5789532.05698817,2538,2429,True
9215,584608.7758257629,5789533.422641378,2539,2427,True
9216,584609.1428841898,5789534.788294585,2539,2425,True
9217,584609.5099426169,5789536.153947793,2540,2424,True
9218,584609.8770010439,5789537.5196010005,2540,2422,True
9219,584610.2440594708,5789538.885254208,2540,2420,True
9220,584610.6111178978,5789540.2509074155,2541,2418,True
9221,584610.9781763247,5789541.616560623,2541,2416,True
9222,584611.3452347517,5789542.982213831,2542,2414,True
9223,584611.7122931787,5789544.347867038,2542,2412,True
9224,584612.0793516056,5789545.713520246,2543,2411,True
9225,584612.4464100326,5789547.079173453,2543,2409,True
9226,584612.8134684596,5789548.444826661,2544,2407,True
9227,584613.1805268866,5789549.810479868,2544,2405,True
9228,584613.5475853136,5789551.176133076,2545,2403,True
9229,584613.9146437405,5789552.541786283,2545,2401,True
9230,584614.2817021675,5789553.907439491,2546,2399,False
9231,584614.651347674,5789555.2818012815,2546,2398,True
9232,584615.0209931805,5789556.656163072,2547,2396,True
9233,584615.390638687,5789558.030524863,2547,2394,True
9234,584615.7602841936,5789559.404886654,2548,2392,True
9235,584616.1299297,5789560.779248444,2548,2390,True
9236,584616.4995752065,5789562.153610235,2549,2388,True
9237,584616.869220713,5789563.527972026,2549,2386,True
9238,584617.2388662195,5789564.9023338165,2550,2385,True
9239,584617.608511726,5789566.276695606,2550,2383,True
9240,584617.9781572325,5789567.651057397,2551,2381,True
9241,584618.347802739,5789569.025419188,2551,2379,True
9242,584618.7174482456,5789570.399780978,2552,2377,True
9243,584619.0870937521,5789571.774142769,2552,2375,True
9244,584619.4567392586,5789573.14850456,2553,2373,True
9245,584619.8263847651,5789574.522866351,2553,2372,True
9246,584620.1960302716,5789575.897228141,2554,2370,True
9247,584620.5656757781,5789577.271589932,2554,2368,True
9248,584620.9353212846,5789578.645951723,2555,2366,True
9249,584621.3049667911,5789580.020313513,2555,2364,True
9250,584621.6746122977,5789581.394675304,2556,2362,True
9251,584622.0442578042,5789582.769037095,2556,2360,True
9252,584622.4139033107,5789584.143398886,2557,2359,True
9253,584622.7835488172,5789585.517760676,2557,2357,True
9254,584623.1531943236,5789586.892122467,2558,2355,True
9255,584623.5228398301,5789588.266484258,2558,2353,True
9256,584623.8924853366,5789589.6408460485,2559,2351,True
9257,584624.2621308431,5789591.015207838,2559,2349,True
9258,584624.6317763497,5789592.389569629,2560,2347,True
9259,584625.0014218562,5789593.76393142,2560,2345,True
9260,584625.3710673627,5789595.13829321,2561,2344,True
9261,584625.7407128692,5789596.512655001,2561,2342,True
9262,584626.1103583757,5789597.887016792,2562,2340,True
9263,584626.4800038822,5789599.261378583,2562,2338,True
9264,584626.8496493887,5789600.635740373,2563,2336,True
9265,584627.2192948952,5789602.010102164,2563,2334,True
9266,584627.5889404018,5789603.384463955,2564,2332,True
9267,584627.9585859083,5789604.758825745,2564,2331,True
9268,584628.3282314148,5789606.133187536,2565,2329,True
9269,584628.6978769213,5789607.507549327,2565,2327,True
9270,584629.0675224278,5789608.881911118,2566,2325,True
9271,584629.4371679343,5789610.256272908,2566,2323,True
9272,584629.8068134408,5789611.630634699,2567,2321,True
9273,584630.1764589472,5789613.00499649,2567,2319,True
9274,584630.5461044539,5789614.37935828,2568,2318,True
9275,584630.9157499603,5789615.75372007,2568,2316,True
9276,584631.2853954668,5789617.128081861,2569,2314,True
9277,584631.6550409733,5789618.502443652,2570,2312,True
9278,584632.0246864798,5789619.876805442,2570,2310,True
9279,584632.3943319863,5789621.251167233,2571,2308,True
9280,584632.7639774928,5789622.625529024,2571,2306,True
9281,584633.1336229993,5789623.999890815,2572,2305,True
9282,584633.5032685059,5789625.374252605,2572,2303,True
9283,584633.8729140124,5789626.748614396,2573,2301,True
9284,584634.2425595189,5789628.122976187,2573,2299,True
9285,584634.6122050254,5789629.497337977,2574,2297,True
9286,584634.9818505319,5789630.871699768,2574,2295,True
9287,584635.3514960384,5789632.246061559,2575,2293,True
9288,584635.7211415449,5789633.62042335,2575,2291,True
9289,584636.0907870514,5789634.99478514,2576,2290,True
9290,584636.460432558,5789636.369146931,2576,2288,True
9291,584636.8300780645,5789637.743508722,2577,2286,True
9292,584637.199723571,5789639.117870512,2577,2284,True
9293,584637.5693690774,5789640.492232302,2578,2282,True
9294,584637.939014584,5789641.866594093,2578,2280,True
9295,584638.3086600904,5789643.240955884,2579,2278,True
9296,584638.6783055969,5789644.615317674,2579,2277,True
9297,584639.0479511034,5789645.989679465,2580,2275,True
9298,584639.41759661,5789647.364041256,2580,2273,True
9299,584639.7872421165,5789648.7384030465,2581,2271,True
9300,584640.156887623,5789650.112764837,2581,2269,True
9301,584640.5265331295,5789651.487126628,2582,2267,False
9302,584640.8918975078,5789652.848490337,2582,2265,True
9303,584641.2572618861,5789654.209854047,2583,2264,True
9304,584641.6226262645,5789655.571217756,2583,2262,True
9305,584641.9879906427,5789656.932581466,2583,2260,True
9306,584642.353355021,5789658.293945175,2584,2258,True
9307,584642.7187193993,5789659.655308885,2584,2256,True
9308,584643.0840837776,5789661.016672594,2585,2254,True
9309,584643.4494481559,5789662.378036303,2585,2253,True
9310,584643.8148125343,5789663.739400012,2586,2251,True
9311,584644.1801769126,5789665.100763722,2586,2249,True
9312,584644.5455412909,5789666.462127431,2587,2247,True
9313,584644.9109056691,5789667.823491141,2587,2245,True
9314,584645.2762700474,5789669.18485485,2588,2243,True
9315,584645.6416344257,5789670.54621856,2588,2241,True
9316,584646.006998804,5789671.907582269,2589,2240,True
9317,584646.3723631824,5789673.268945979,2589,2238,True
9318,584646.7377275607,5789674.630309688,2590,2236,True
9319,584647.103091939,5789675.991673398,2590,2234,True
9320,584647.4684563173,5789677.353037107,2591,2232,True
9321,584647.8338206955,5789678.714400817,2591,2230,True
9322,584648.1991850738,5789680.075764526,2592,2229,True
9323,584648.5645494522,5789681.437128236,2592,2227,True
9324,584648.9299138305,5789682.798491945,2593,2225,True
9325,584649.2952782088,5789684.159855654,2593,2223,True
9326,584649.6606425871,5789685.521219363,2594,2221,True
9327,584650.0260069654,5789686.882583073,2594,2219,True
9328,584650.3913713438,5789688.243946782,2595,2218,True
9329,584650.756735722,5789689.605310492,2595,2216,True
9330,584651.1221001003,5789690.966674201,2596,2214,True
9331,584651.4874644786,5789692.328037911,2596,2212,True
9332,584651.8528288569,5789693.68940162,2597,2210,True
9333,584652.2181932352,5789695.05076533,2597,2208,True
9334,584652.5835576135,5789696.412129039,2598,2206,True
9335,584652.9489219919,5789697.773492749,2598,2205,True
9336,584653.3142863702,5789699.134856458,2599,2203,True
9337,584653.6796507484,5789700.496220168,2599,2201,True
9338,584654.0450151267,5789701.857583877,2600,2199,True
9339,584654.410379505,5789703.218947587,2600,2197,True
9340,584654.7757438833,5789704.580311296,2601,2195,True
9341,584655.1411082617,5789705.9416750055,2601,2194,True
9342,584655.50647264,5789707.303038714,2602,2192,True
9343,584655.8718370183,5789708.664402424,2602,2190,True
9344,584656.2372013966,5789710.025766133,2603,2188,True
9345,584656.6025657748,5789711.387129843,2603,2186,True
9346,584656.9679301531,5789712.748493552,2604,2184,True
9347,584657.3332945314,5789714.109857262,2604,2182,True
9348,584657.6986589098,5789715.471220971,2605,2181,True
9349,584658.0640232881,5789716.832584681,2605,2179,True
9350,584658.4293876664,5789718.19394839,2606,2177,True
9351,584658.7947520447,5789719.5553121,2606,2175,True
9352,584659.160116423,5789720.916675809,2607,2173,True
9353,584659.5254808012,5789722.278039519,2607,2171,True
9354,584659.8908451796,5789723.639403228,2608,2170,True
9355,584660.2562095579,5789725.000766938,2608,2168,True
9356,584660.6215739362,5789726.362130647,2609,2166,True
9357,584660.9869383145,5789727.7234943565,2609,2164,True
9358,584661.3523026928,5789729.0848580655,2610,2162,True
9359,584661.7176670711,5789730.446221775,2610,2160,True
9360,584662.0830314495,5789731.807585484,2611,2158,True
9361,584662.4483958277,5789733.168949194,2611,2157,True
9362,584662.813760206,5789734.530312903,2612,2155,True
9363,584663.1791245843,5789735.891676613,2612,2153,True
9364,584663.5444889626,5789737.253040322,2613,2151,True
9365,584663.9098533409,5789738.614404032,2613,2149,True
9366,584664.2752177193,5789739.975767741,2614,2147,True
9367,584664.6405820976,5789741.337131451,2614,2146,True
9368,584665.0059464759,5789742.69849516,2615,2144,True
9369,584665.3713108541,5789744.05985887,2615,2142,True
9370,584665.7366752324,5789745.421222579,2616,2140,True
9371,584666.1020396107,5789746.782586289,2616,2138,True
9372,584666.467403989,5789748.143949998,2617,2136,False
9373,584666.8375427427,5789749.517324249,2617,2134,True
9374,584667.2076814964,5789750.8906985,2618,2133,True
9375,584667.5778202501,5789752.264072752,2618,2131,True
9376,584667.9479590037,5789753.637447002,2619,2129,True
9377,584668.3180977574,5789755.010821254,2619,2127,True
9378,584668.6882365111,5789756.384195505,2620,2125,True
9379,584669.0583752648,5789757.757569756,2620,2123,True
9380,584669.4285140184,5789759.130944007,2621,2121,True
9381,584669.7986527721,5789760.504318259,2621,2120,True
9382,584670.1687915258,5789761.877692509,2622,2118,True
9383,584670.5389302794,5789763.251066761,2622,2116,True
9384,584670.9090690331,5789764.624441012,2623,2114,True
9385,584671.2792077868,5789765.997815263,2623,2112,True
9386,584671.6493465404,5789767.371189514,2624,2110,True
9387,584672.0194852941,5789768.744563766,2624,2108,True
9388,584672.3896240478,5789770.1179380175,2625,2107,True
9389,584672.7597628015,5789771.491312268,2625,2105,True
9390,584673.1299015551,5789772.86468652,2626,2103,True
9391,584673.5000403088,5789774.238060771,2626,2101,True
9392,584673.8701790625,5789775.611435022,2627,2099,True
9393,584674.2403178161,5789776.984809273,2627,2097,True
9394,584674.6104565698,5789778.358183525,2628,2095,True
9395,584674.9805953235,5789779.731557775,2628,2094,True
9396,584675.3507340772,5789781.104932027,2629,2092,True
9397,584675.7208728308,5789782.478306278,2629,2090,True
9398,584676.0910115845,5789783.851680529,2630,2088,True
9399,584676.4611503382,5789785.22505478,2630,2086,True
9400,584676.8312890918,5789786.598429032,2631,2084,True
9401,584677.2014278455,5789787.971803283,2631,2082,True
9402,584677.5715665992,5789789.345177534,2632,2081,True
9403,584677.9417053529,5789790.718551786,2632,2079,True
9404,584678.3118441065,5789792.091926036,2633,2077,True
9405,584678.6819828602,5789793.465300288,2633,2075,True
9406,584679.0521216139,5789794.838674539,2634,2073,True
9407,584679.4222603675,5789796.21204879,2634,2071,True
9408,584679.7923991212,5789797.585423041,2635,2069,True
9409,584680.1625378749,5789798.958797293,2635,2068,True
9410,584680.5326766286,5789800.3321715435,2636,2066,True
9411,584680.9028153822,5789801.705545795,2636,2064,True
9412,584681.2729541359,5789803.078920046,2637,2062,True
9413,584681.6430928896,5789804.4522942975,2637,2060,True
9414,584682.0132316432,5789805.825668548,2638,2058,True
9415,584682.3833703969,5789807.1990428,2638,2056,True
9416,584682.7535091506,5789808.5724170515,2639,2054,True
9417,584683.1236479043,5789809.945791302,2639,2053,True
9418,584683.4937866579,5789811.319165554,2640,2051,True
9419,584683.8639254116,5789812.692539805,2640,2049,True
9420,584684.2340641653,5789814.065914056,2641,2047,True
9421,584684.6042029189,5789815.439288307,2641,2045,True
9422,584684.9743416726,5789816.812662559,2642,2043,True
9423,584685.3444804263,5789818.186036809,2642,2041,True
9424,584685.71461918,5789819.559411061,2643,2040,True
9425,584686.0847579336,5789820.932785312,2643,2038,True
9426,584686.4548966873,5789822.306159563,2644,2036,True
9427,584686.825035441,5789823.679533814,2644,2034,True
9428,584687.1951741946,5789825.052908066,2645,2032,True
9429,584687.5653129483,5789826.426282317,2645,2030,True
9430,584687.935451702,5789827.799656568,2646,2028,True
9431,584688.3055904557,5789829.17303082,2646,2027,True
9432,584688.6757292093,5789830.54640507,2647,2025,True
9433,584689.045867963,5789831.919779322,2647,2023,True
9434,584689.4160067167,5789833.293153573,2648,2021,True
9435,584689.7861454703,5789834.6665278245,2648,2019,True
9436,584690.156284224,5789836.039902075,2649,2017,True
9437,584690.5264229777,5789837.413276327,2649,2015,True
9438,584690.8965617314,5789838.786650578,2650,2014,True
9439,584691.266700485,5789840.160024829,2650,2012,True
9440,584691.6368392387,5789841.53339908,2651,2010,True
9441,584692.0069779924,5789842.906773332,2651,2008,True
9442,584692.377116746,5789844.280147582,2652,2006,True
9443,584692.7472554997,5789845.653521834,2652,2004,False
9444,584693.1086747567,5789846.9923198195,2653,2002,True
9445,584693.4700940136,5789848.331117806,2653,2001,True
9446,584693.8315132706,5789849.669915792,2654,1999,True
9447,584694.1929325275,5789851.008713777,2654,1997,True
9448,584694.5543517845,5789852.347511764,2655,1995,True
9449,584694.9157710414,5789853.686309749,2655,1993,True
9450,584695.2771902984,5789855.025107735,2656,1992,True
9451,584695.6386095554,5789856.363905721,2656,1990,True
9452,584696.0000288123,5789857.702703707,2657,1988,True
9453,584696.3614480693,5789859.041501693,2657,1986,True
9454,584696.7228673262,5789860.380299679,2658,1984,True
9455,584697.0842865832,5789861.719097665,2658,1982,True
9456,584697.4457058401,5789863.057895651,2659,1981,True
9457,584697.8071250971,5789864.396693637,2659,1979,True
9458,584698.168544354,5789865.735491622,2660,1977,True
9459,584698.529963611,5789867.074289609,2660,1975,True
9460,584698.891382868,5789868.413087594,2661,1973,True
9461,584699.252802125,5789869.75188558,2661,1972,True
9462,584699.614221382,5789871.090683566,2662,1970,True
9463,584699.9756406388,5789872.429481552,2662,1968,True
9464,584700.3370598959,5789873.768279538,2663,1966,True
9465,584700.6984791528,5789875.107077524,2663,1964,True
9466,584701.0598984098,5789876.44587551,2664,1963,True
9467,584701.4213176668,5789877.784673495,2664,1961,True
9468,584701.7827369237,5789879.123471482,2665,1959,True
9469,584702.1441561807,5789880.462269467,2665,1957,True
9470,584702.5055754376,5789881.801067454,2665,1955,True
9471,584702.8669946946,5789883.139865439,2666,1953,True
9472,584703.2284139515,5789884.478663425,2666,1952,True
9473,584703.5898332085,5789885.8174614115,2667,1950,True
9474,584703.9512524654,5789887.156259397,2667,1948,True
9475,584704.3126717224,5789888.495057383,2668,1946,True
9476,584704.6740909794,5789889.833855369,2668,1944,True
9477,584705.0355102363,5789891.172653355,2669,1943,True
9478,584705.3969294933,5789892.51145134,2669,1941,True
9479,584705.7583487502,5789893.850249327,2670,1939,True
9480,584706.1197680072,5789895.189047312,2670,1937,True
9481,584706.4811872641,5789896.527845298,2671,1935,True
9482,584706.8426065211,5789897.866643284,2671,1934,True
9483,584707.2040257781,5789899.20544127,2672,1932,True
9484,584707.565445035,5789900.544239256,2672,1930,True
9485,584707.926864292,5789901.883037242,2673,1928,True
9486,584708.2882835489,5789903.221835228,2673,1926,True
9487,584708.6497028059,5789904.560633213,2674,1924,True
9488,584709.0111220628,5789905.8994312,2674,1923,True
9489,584709.3725413198,5789907.238229185,2675,1921,True
9490,584709.7339605767,5789908.577027172,2675,1919,True
9491,584710.0953798337,5789909.915825157,2676,1917,True
9492,584710.4567990907,5789911.254623143,2676,1915,True
9493,584710.8182183476,5789912.5934211295,2677,1914,True
9494,584711.1796376046,5789913.932219115,2677,1912,True
9495,584711.5410568615,5789915.271017101,2678,1910,True
9496,584711.9024761185,5789916.609815087,2678,1908,True
9497,584712.2638953754,5789917.948613073,2679,1906,True
9498,584712.6253146324,5789919.287411058,2679,1905,True
9499,584712.9867338894,5789920.626209045,2680,1903,True
9500,584713.3481531463,5789921.96500703,2680,1901,True
9501,584713.7095724033,5789923.303805016,2681,1899,True
9502,584714.0709916602,5789924.6426030025,2681,1897,True
9503,584714.4324109172,5789925.981400988,2682,1895,True
9504,584714.7938301741,5789927.320198974,2682,1894,True
9505,584715.1552494311,5789928.65899696,2683,1892,True
9506,584715.516668688,5789929.997794946,2683,1890,True
9507,584715.878087945,5789931.336592932,2684,1888,True
9508,584716.2395072021,5789932.675390918,2684,1886,True
9509,584716.600926459,5789934.014188903,2685,1885,True
9510,584716.962345716,5789935.35298689,2685,1883,True
9511,584717.3237649729,5789936.6917848755,2686,1881,True
9512,584717.6851842299,5789938.030582861,2686,1879,True
9513,584718.0466034868,5789939.369380848,2687,1877,True
9514,584718.4080227438,5789940.708178833,2687,1875,False
9515,584718.7762043591,5789942.077041415,2688,1874,True
9516,584719.1443859744,5789943.445903997,2688,1872,True
9517,584719.5125675898,5789944.814766578,2689,1870,True
9518,584719.8807492051,5789946.183629161,2689,1868,True
9519,584720.2489308205,5789947.552491742,2690,1866,True
9520,584720.6171124357,5789948.921354325,2690,1864,True
9521,584720.9852940511,5789950.290216906,2691,1863,True
9522,584721.3534756665,5789951.659079487,2691,1861,True
9523,584721.7216572817,5789953.02794207,2692,1859,True
9524,584722.0898388971,5789954.396804651,2692,1857,True
9525,584722.4580205125,5789955.765667234,2693,1855,True
9526,584722.8262021277,5789957.134529815,2693,1853,True
9527,584723.1943837431,5789958.503392397,2694,1851,True
9528,584723.5625653585,5789959.872254979,2694,1850,True
9529,584723.9307469738,5789961.241117561,2695,1848,True
9530,584724.2989285891,5789962.609980143,2695,1846,True
9531,584724.6671102045,5789963.978842724,2696,1844,True
9532,584725.0352918198,5789965.3477053065,2696,1842,True
9533,584725.4034734351,5789966.716567888,2697,1840,True
9534,584725.7716550505,5789968.08543047,2697,1838,True
9535,584726.1398366658,5789969.454293052,2698,1837,True
9536,584726.5080182811,5789970.823155634,2698,1835,True
9537,584726.8761998964,5789972.192018216,2698,1833,True
9538,584727.2443815118,5789973.560880797,2699,1831,True
9539,584727.6125631272,5789974.929743379,2699,1829,True
9540,584727.9807447424,5789976.298605961,2700,1827,True
9541,584728.3489263578,5789977.667468543,2700,1825,True
9542,584728.7171079732,5789979.036331125,2701,1824,True
9543,584729.0852895884,5789980.405193707,2701,1822,True
9544,584729.4534712038,5789981.774056288,2702,1820,True
9545,584729.8216528192,5789983.142918871,2702,1818,True
9546,584730.1898344345,5789984.511781452,2703,1816,True
9547,584730.5580160498,5789985.880644034,2703,1814,True
9548,584730.9261976652,5789987.249506616,2704,1812,True
9549,584731.2943792805,5789988.6183691975,2704,1811,True
9550,584731.6625608958,5789989.98723178,2705,1809,True
9551,584732.0307425112,5789991.356094361,2705,1807,True
9552,584732.3989241265,5789992.724956944,2706,1805,True
9553,584732.7671057418,5789994.093819525,2706,1803,True
9554,584733.1352873571,5789995.4626821065,2707,1801,True
9555,584733.5034689725,5789996.831544689,2707,1799,True
9556,584733.8716505879,5789998.20040727,2708,1798,True
9557,584734.2398322031,5789999.569269853,2708,1796,True
9558,584734.6080138185,5790000.938132434,2709,1794,True
9559,584734.9761954339,5790002.3069950165,2709,1792,True
9560,584735.3443770491,5790003.675857598,2710,1790,True
9561,584735.7125586645,5790005.04472018,2710,1788,True
9562,584736.0807402799,5790006.413582762,2711,1786,True
9563,584736.4489218952,5790007.782445343,2711,1785,True
9564,584736.8171035105,5790009.151307926,2712,1783,True
9565,584737.1852851259,5790010.520170507,2712,1781,True
9566,584737.5534667412,5790011.889033089,2713,1779,True
9567,584737.9216483565,5790013.257895671,2713,1777,True
9568,584738.2898299719,5790014.626758253,2714,1775,True
9569,584738.6580115872,5790015.995620835,2714,1773,True
9570,584739.0261932025,5790017.364483416,2715,1772,True
9571,584739.3943748178,5790018.733345998,2715,1770,True
9572,584739.7625564332,5790020.10220858,2716,1768,True
9573,584740.1307380486,5790021.471071162,2716,1766,True
9574,584740.4989196638,5790022.839933744,2717,1764,True
9575,584740.8671012792,5790024.208796326,2717,1762,True
9576,584741.2352828946,5790025.5776589075,2718,1761,True
9577,584741.6034645098,5790026.94652149,2718,1759,True
9578,584741.9716461252,5790028.315384071,2719,1757,True
9579,584742.3398277406,5790029.684246653,2719,1755,True
9580,584742.7080093558,5790031.053109235,2720,1753,True
9581,584743.0761909712,5790032.421971817,2720,1751,True
9582,584743.4443725866,5790033.790834399,2721,1749,True
9583,584743.8125542019,5790035.15969698,2721,1748,True
9584,584744.1807358172,5790036.528559563,2722,1746,True
9585,584744.5489174325,5790037.897422144,2722,1744,False
9586,584744.9170564362,5790039.261629212,2723,1742,True
9587,584745.2851954397,5790040.625836279,2723,1740,True
9588,584745.6533344433,5790041.990043348,2724,1738,True
9589,584746.021473447,5790043.354250415,2724,1736,True
9590,584746.3896124505,5790044.718457483,2725,1735,True
9591,584746.7577514541,5790046.08266455,2725,1733,True
9592,584747.1258904578,5790047.446871618,2726,1731,True
9593,584747.4940294613,5790048.811078685,2726,1729,True
9594,584747.8621684649,5790050.175285754,2727,1727,True
9595,584748.2303074684,5790051.539492821,2727,1725,True
9596,584748.5984464721,5790052.903699889,2728,1723,True
9597,584748.9665854757,5790054.267906956,2728,1722,True
9598,584749.3347244792,5790055.632114024,2729,1720,True
9599,584749.7028634829,5790056.996321091,2729,1718,True
9600,584750.0710024865,5790058.36052816,2730,1716,True
9601,584750.43914149,5790059.724735227,2730,1714,True
9602,584750.8072804937,5790061.088942295,2731,1712,True
9603,584751.1754194973,5790062.4531493625,2731,1711,True
9604,584751.5435585008,5790063.81735643,2732,1709,True
9605,584751.9116975045,5790065.1815634975,2732,1707,True
9606,584752.2798365081,5790066.545770566,2733,1705,True
9607,584752.6479755116,5790067.9099776335,2733,1703,True
9608,584753.0161145153,5790069.274184701,2734,1701,True
9609,584753.3842535189,5790070.638391769,2734,1699,True
9610,584753.7523925224,5790072.002598836,2735,1698,True
9611,584754.120531526,5790073.366805904,2735,1696,True
9612,584754.4886705296,5790074.731012972,2736,1694,True
9613,584754.8568095332,5790076.09522004,2736,1692,True
9614,584755.2249485368,5790077.459427107,2737,1690,True
9615,584755.5930875404,5790078.823634175,2737,1688,True
9616,584755.961226544,5790080.187841242,2738,1687,True
9617,584756.3293655476,5790081.55204831,2738,1685,True
9618,584756.6975045511,5790082.916255378,2739,1683,True
9619,584757.0656435548,5790084.280462446,2739,1681,True
9620,584757.4337825584,5790085.644669513,2740,1679,True
9621,584757.801921562,5790087.008876581,2740,1677,True
9622,584758.1700605656,5790088.373083648,2741,1675,True
9623,584758.5381995692,5790089.737290716,2741,1674,True
9624,584758.9063385727,5790091.101497784,2742,1672,True
9625,584759.2744775764,5790092.465704852,2742,1670,True
9626,584759.64261658,5790093.829911919,2743,1668,True
9627,584760.0107555835,5790095.194118987,2743,1666,True
9628,584760.3788945872,5790096.558326054,2744,1664,True
9629,584760.7470335908,5790097.922533122,2744,1663,True
9630,584761.1151725943,5790099.28674019,2745,1661,True
9631,584761.483311598,5790100.650947258,2745,1659,True
9632,584761.8514506015,5790102.015154325,2746,1657,True
9633,584762.2195896051,5790103.379361393,2746,1655,True
9634,584762.5877286087,5790104.74356846,2747,1653,True
9635,584762.9558676123,5790106.107775528,2747,1651,True
9636,584763.3240066159,5790107.471982596,2748,1650,True
9637,584763.6921456195,5790108.836189664,2748,1648,True
9638,584764.0602846231,5790110.2003967315,2749,1646,True
9639,584764.4284236267,5790111.564603799,2749,1644,True
9640,584764.7965626303,5790112.928810867,2750,1642,True
9641,584765.1647016339,5790114.293017934,2750,1640,True
9642,584765.5328406375,5790115.657225003,2751,1638,True
9643,584765.9009796411,5790117.02143207,2751,1637,True
9644,584766.2691186446,5790118.385639138,2752,1635,True
9645,584766.6372576483,5790119.749846205,2752,1633,True
9646,584767.0053966519,5790121.114053273,2753,1631,True
9647,584767.3735356554,5790122.47826034,2753,1629,True
9648,584767.7416746591,5790123.842467409,2754,1627,True
9649,584768.1098136626,5790125.206674476,2754,1626,True
9650,584768.4779526662,5790126.570881544,2755,1624,True
9651,584768.8460916699,5790127.935088611,2755,1622,True
9652,584769.2142306734,5790129.299295679,2756,1620,True
9653,584769.582369677,5790130.663502746,2756,1618,True
9654,584769.9505086807,5790132.027709815,2757,1616,True
9655,584770.3186476842,5790133.391916882,2757,1614,True
9656,584770.6867866878,5790134.75612395,2758,1613,False
9657,584771.0525430627,5790136.121293824,2758,1611,True
9658,584771.4182994375,5790137.486463698,2759,1609,True
9659,584771.7840558124,5790138.851633572,2759,1607,True
9660,584772.1498121873,5790140.2168034455,2760,1605,True
9661,584772.5155685622,5790141.58197332,2760,1603,True
9662,584772.881324937,5790142.947143194,2761,1602,True
9663,584773.2470813119,5790144.312313068,2761,1600,True
9664,584773.6128376868,5790145.677482942,2762,1598,True
9665,584773.9785940617,5790147.0426528165,2762,1596,True
9666,584774.3443504365,5790148.40782269,2763,1594,True
9667,584774.7101068114,5790149.772992564,2763,1592,True
9668,584775.0758631863,5790151.138162438,2764,1590,True
9669,584775.4416195612,5790152.503332312,2764,1589,True
9670,584775.807375936,5790153.868502187,2765,1587,True
9671,584776.1731323109,5790155.23367206,2765,1585,True
9672,584776.5388886858,5790156.598841934,2766,1583,True
9673,584776.9046450605,5790157.964011809,2766,1581,True
9674,584777.2704014354,5790159.329181682,2767,1579,True
9675,584777.6361578103,5790160.694351557,2767,1577,True
9676,584778.0019141852,5790162.05952143,2768,1576,True
9677,584778.36767056,5790163.424691305,2768,1574,True
9678,584778.7334269349,5790164.789861179,2769,1572,True
9679,584779.0991833098,5790166.155031052,2769,1570,True
9680,584779.4649396847,5790167.520200927,2770,1568,True
9681,584779.8306960595,5790168.8853708,2770,1566,True
9682,584780.1964524344,5790170.250540675,2771,1565,True
9683,584780.5622088093,5790171.615710549,2771,1563,True
9684,584780.9279651842,5790172.9808804225,2772,1561,True
9685,584781.293721559,5790174.346050297,2772,1559,True
9686,584781.6594779339,5790175.711220171,2773,1557,True
9687,584782.0252343088,5790177.076390045,2773,1555,True
9688,584782.3909906836,5790178.441559919,2774,1553,True
9689,584782.7567470585,5790179.806729793,2774,1552,True
9690,584783.1225034334,5790181.171899667,2775,1550,True
9691,584783.4882598083,5790182.537069541,2775,1548,True
9692,584783.8540161831,5790183.902239415,2776,1546,True
9693,584784.219772558,5790185.267409289,2776,1544,True
9694,584784.5855289329,5790186.632579164,2777,1542,True
9695,584784.9512853078,5790187.997749037,2777,1540,True
9696,584785.3170416825,5790189.3629189115,2778,1539,True
9697,584785.6827980574,5790190.728088785,2778,1537,True
9698,584786.0485544323,5790192.093258659,2779,1535,True
9699,584786.4143108071,5790193.458428534,2779,1533,True
9700,584786.780067182,5790194.823598407,2780,1531,True
9701,584787.1458235569,5790196.188768282,2780,1529,True
9702,584787.5115799318,5790197.553938156,2781,1528,True
9703,584787.8773363066,5790198.919108029,2781,1526,True
9704,584788.2430926815,5790200.284277904,2782,1524,True
9705,584788.6088490564,5790201.649447777,2782,1522,True
9706,584788.9746054313,5790203.014617652,2783,1520,True
9707,584789.3403618061,5790204.379787526,2783,1518,True
9708,584789.706118181,5790205.7449574,2784,1516,True
9709,584790.0718745559,5790207.110127274,2784,1515,True
9710,584790.4376309308,5790208.475297147,2785,1513,True
9711,584790.8033873056,5790209.840467022,2785,1511,True
9712,584791.1691436805,5790211.205636896,2786,1509,True
9713,584791.5349000554,5790212.57080677,2786,1507,True
9714,584791.9006564302,5790213.935976644,2787,1505,True
9715,584792.2664128051,5790215.301146518,2787,1503,True
9716,584792.63216918,5790216.666316392,2788,1502,True
9717,584792.9979255549,5790218.031486266,2788,1500,True
9718,584793.3636819297,5790219.39665614,2789,1498,True
9719,584793.7294383046,5790220.761826014,2789,1496,True
9720,584794.0951946795,5790222.126995889,2790,1494,True
9721,584794.4609510544,5790223.492165762,2790,1492,True
9722,584794.8267074291,5790224.857335636,2791,1491,True
9723,584795.192463804,5790226.222505511,2791,1489,True
9724,584795.5582201789,5790227.587675384,2792,1487,True
9725,584795.9239765538,5790228.952845259,2792,1485,True
9726,584796.2897329286,5790230.318015132,2793,1483,True
9727,584796.6554893035,5790231.6831850065,2793,1481,False
9728,584797.0253320991,5790233.055261177,2794,1479,True
9729,584797.3951748945,5790234.4273373475,2794,1478,True
9730,584797.76501769,5790235.799413517,2795,1476,True
9731,584798.1348604856,5790237.171489688,2795,1474,True
9732,584798.5047032811,5790238.543565858,2796,1472,True
9733,584798.8745460765,5790239.915642029,2796,1470,True
9734,584799.2443888721,5790241.287718199,2797,1468,True
9735,584799.6142316676,5790242.659794369,2797,1466,True
9736,584799.984074463,5790244.031870539,2798,1465,True
9737,584800.3539172586,5790245.40394671,2798,1463,True
9738,584800.7237600541,5790246.77602288,2799,1461,True
9739,584801.0936028495,5790248.14809905,2799,1459,True
9740,584801.4634456451,5790249.52017522,2800,1457,True
9741,584801.8332884406,5790250.892251391,2800,1455,True
9742,584802.2031312361,5790252.2643275615,2801,1453,True
9743,584802.5729740316,5790253.636403732,2801,1452,True
9744,584802.9428168271,5790255.008479902,2802,1450,True
9745,584803.3126596226,5790256.380556072,2802,1448,True
9746,584803.682502418,5790257.752632243,2803,1446,True
9747,584804.0523452136,5790259.124708413,2803,1444,True
9748,584804.4221880091,5790260.496784584,2804,1442,True
9749,584804.7920308046,5790261.868860753,2804,1440,True
9750,584805.1618736001,5790263.240936924,2805,1439,True
9751,584805.5317163956,5790264.613013094,2805,1437,True
9752,584805.9015591912,5790265.985089265,2806,1435,True
9753,584806.2714019866,5790267.357165435,2806,1433,True
9754,584806.6412447821,5790268.729241605,2807,1431,True
9755,584807.0110875777,5790270.101317775,2807,1429,True
9756,584807.3809303731,5790271.473393946,2808,1427,True
9757,584807.7507731686,5790272.8454701165,2808,1426,True
9758,584808.1206159642,5790274.217546286,2809,1424,True
9759,584808.4904587597,5790275.589622457,2809,1422,True
9760,584808.8603015551,5790276.961698627,2810,1420,True
9761,584809.2301443507,5790278.333774798,2810,1418,True
9762,584809.5999871462,5790279.705850968,2811,1416,True
9763,584809.9698299416,5790281.077927138,2811,1414,True
9764,584810.3396727372,5790282.450003308,2812,1413,True
9765,584810.7095155327,5790283.822079479,2812,1411,True
9766,584811.0793583281,5790285.194155649,2813,1409,True
9767,584811.4492011237,5790286.56623182,2813,1407,True
9768,584811.8190439192,5790287.938307989,2814,1405,True
9769,584812.1888867147,5790289.31038416,2814,1403,True
9770,584812.5587295102,5790290.68246033,2815,1401,True
9771,584812.9285723057,5790292.054536501,2815,1400,True
9772,584813.2984151012,5790293.4266126705,2816,1398,True
9773,584813.6682578967,5790294.798688841,2816,1396,True
9774,584814.0381006922,5790296.170765012,2817,1394,True
9775,584814.4079434877,5790297.542841182,2817,1392,True
9776,584814.7777862833,5790298.914917353,2818,1390,True
9777,584815.1476290787,5790300.286993522,2818,1388,True
9778,584815.5174718742,5790301.659069693,2819,1386,True
9779,584815.8873146698,5790303.031145863,2819,1385,True
9780,584816.2571574652,5790304.403222034,2820,1383,True
9781,584816.6270002607,5790305.775298204,2820,1381,True
9782,584816.9968430563,5790307.147374374,2821,1379,True
9783,584817.3666858517,5790308.519450544,2821,1377,True
9784,584817.7365286472,5790309.891526715,2822,1375,True
9785,584818.1063714428,5790311.263602885,2822,1373,True
9786,584818.4762142383,5790312.635679056,2823,1372,True
9787,584818.8460570337,5790314.0077552255,2823,1370,True
9788,584819.2158998293,5790315.379831396,2824,1368,True
9789,584819.5857426248,5790316.751907567,2824,1366,True
9790,584819.9555854202,5790318.123983737,2825,1364,True
9791,584820.3254282158,5790319.496059907,2825,1362,True
9792,584820.6952710113,5790320.868136077,2826,1360,True
9793,584821.0651138067,5790322.240212248,2826,1359,True
9794,584821.4349566023,5790323.612288418,2827,1357,True
9795,584821.8047993978,5790324.984364589,2827,1355,True
9796,584822.1746421934,5790326.356440758,2828,1353,True
9797,584822.5444849888,5790327.728516929,2828,1351,True
9798,584822.9143277843,5790329.100593099,2829,1349,False
9799,584823.2754250271,5790330.442836647,2829,1348,True
9800,584823.63652227,5790331.7850801945,2830,1346,True
9801,584823.9976195128,5790333.127323742,2830,1344,True
9802,584824.3587167558,5790334.46956729,2831,1342,True
9803,584824.7198139986,5790335.811810837,2831,1340,True
9804,584825.0809112415,5790337.154054384,2832,1338,True
9805,584825.4420084843,5790338.496297931,2832,1337,True
9806,584825.8031057271,5790339.838541479,2833,1335,True
9807,584826.16420297,5790341.180785026,2833,1333,True
9808,584826.5253002128,5790342.523028574,2833,1331,True
9809,584826.8863974557,5790343.8652721215,2834,1329,True
9810,584827.2474946985,5790345.207515669,2834,1327,True
9811,584827.6085919414,5790346.549759217,2835,1326,True
9812,584827.9696891842,5790347.892002764,2835,1324,True
9813,584828.3307864271,5790349.234246312,2836,1322,True
9814,584828.6918836699,5790350.576489859,2836,1320,True
9815,584829.0529809127,5790351.918733407,2837,1318,True
9816,584829.4140781556,5790353.260976953,2837,1317,True
9817,584829.7751753984,5790354.603220501,2838,1315,True
9818,584830.1362726414,5790355.945464049,2838,1313,True
9819,584830.4973698842,5790357.287707596,2839,1311,True
9820,584830.8584671271,5790358.629951144,2839,1309,True
9821,584831.2195643699,5790359.972194691,2840,1307,True
9822,584831.5806616127,5790361.314438239,2840,1306,True
9823,584831.9417588556,5790362.656681786,2841,1304,True
9824,584832.3028560984,5790363.998925334,2841,1302,True
9825,584832.6639533413,5790365.341168881,2842,1300,True
9826,584833.0250505841,5790366.683412429,2842,1298,True
9827,584833.386147827,5790368.0256559765,2843,1297,True
9828,584833.7472450698,5790369.367899523,2843,1295,True
9829,584834.1083423127,5790370.710143071,2844,1293,True
9830,584834.4694395555,5790372.052386618,2844,1291,True
9831,584834.8305367983,5790373.394630166,2845,1289,True
9832,584835.1916340413,5790374.736873713,2845,1287,True
9833,584835.552731284,5790376.079117261,2846,1286,True
9834,584835.913828527,5790377.421360808,2846,1284,True
9835,584836.2749257698,5790378.763604356,2847,1282,True
9836,584836.6360230127,5790380.1058479035,2847,1280,True
9837,584836.9971202555,5790381.448091451,2848,1278,True
9838,584837.3582174983,5790382.790334999,2848,1277,True
9839,584837.7193147412,5790384.132578546,2849,1275,True
9840,584838.080411984,5790385.474822093,2849,1273,True
9841,584838.4415092269,5790386.81706564,2850,1271,True
9842,584838.8026064697,5790388.159309188,2850,1269,True
9843,584839.1637037126,5790389.501552735,2851,1267,True
9844,584839.5248009554,5790390.843796283,2851,1266,True
9845,584839.8858981984,5790392.186039831,2852,1264,True
9846,584840.2469954411,5790393.528283378,2852,1262,True
9847,584840.608092684,5790394.870526926,2853,1260,True
9848,584840.9691899269,5790396.212770473,2853,1258,True
9849,584841.3302871697,5790397.555014021,2854,1257,True
9850,584841.6913844126,5790398.897257568,2854,1255,True
9851,584842.0524816554,5790400.239501116,2855,1253,True
9852,584842.4135788983,5790401.5817446625,2855,1251,True
9853,584842.7746761411,5790402.92398821,2856,1249,True
9854,584843.1357733839,5790404.266231758,2856,1247,True
9855,584843.4968706268,5790405.608475305,2856,1246,True
9856,584843.8579678696,5790406.950718853,2857,1244,True
9857,584844.2190651125,5790408.2929624,2857,1242,True
9858,584844.5801623553,5790409.635205948,2858,1240,True
9859,584844.9412595982,5790410.977449495,2858,1238,True
9860,584845.302356841,5790412.319693043,2859,1237,True
9861,584845.663454084,5790413.66193659,2859,1235,True
9862,584846.0245513268,5790415.004180138,2860,1233,True
9863,584846.3856485696,5790416.346423686,2860,1231,True
9864,584846.7467458125,5790417.688667232,2861,1229,True
9865,584847.1078430553,5790419.03091078,2861,1227,True
9866,584847.4689402982,5790420.373154327,2862,1226,True
9867,584847.830037541,5790421.715397875,2862,1224,True
9868,584848.1911347839,5790423.057641422,2863,1222,True
9869,584848.5522320267,5790424.39988497,2863,1220,False
9870,584848.6786177349,5790424.70695756,2864,1220,True
9871,584848.805003443,5790425.014030149,2864,1219,True
9872,584848.9313891513,5790425.321102739,2864,1219,True
9873,584849.0577748594,5790425.628175329,2864,1219,True
9874,584849.1841605676,5790425.935247919,2864,1218,True
9875,584849.3105462757,5790426.242320509,2864,1218,True
9876,584849.4369319839,5790426.549393099,2865,1217,True
9877,584849.5633176921,5790426.856465689,2865,1217,True
9878,584849.6897034002,5790427.163538278,2865,1216,True
9879,584849.8160891085,5790427.470610868,2865,1216,True
9880,584849.9424748166,5790427.777683458,2865,1216,True
9881,584850.0688605248,5790428.084756047,2865,1215,True
9882,584850.1952462329,5790428.391828638,2866,1215,True
9883,584850.3216319411,5790428.698901228,2866,1214,True
9884,584850.4480176492,5790429.005973817,2866,1214,True
9885,584850.5744033575,5790429.313046407,2866,1214,True
9886,584850.7007890657,5790429.620118997,2866,1213,True
9887,584850.8271747738,5790429.927191586,2866,1213,True
9888,584850.953560482,5790430.234264176,2867,1212,True
9889,584851.0799461901,5790430.541336766,2867,1212,True
9890,584851.2063318983,5790430.848409356,2867,1211,True
9891,584851.3327176064,5790431.155481946,2867,1211,True
9892,584851.4591033147,5790431.462554536,2867,1211,True
9893,584851.5854890229,5790431.769627126,2867,1210,True
9894,584851.711874731,5790432.076699715,2868,1210,True
9895,584851.8382604392,5790432.383772305,2868,1209,True
9896,584851.9646461473,5790432.690844895,2868,1209,True
9897,584852.0910318556,5790432.9979174845,2868,1209,True
9898,584852.2174175637,5790433.304990075,2868,1208,True
9899,584852.3438032719,5790433.612062665,2868,1208,True
9900,584852.47018898,5790433.919135254,2869,1207,True
9901,584852.5965746882,5790434.226207844,2869,1207,True
9902,584852.7229603964,5790434.533280434,2869,1206,True
9903,584852.8493461045,5790434.840353023,2869,1206,True
9904,584852.9757318128,5790435.147425613,2869,1206,True
9905,584853.1021175209,5790435.4544982035,2870,1205,True
9906,584853.2285032291,5790435.761570794,2870,1205,True
9907,584853.3548889372,5790436.068643383,2870,1204,True
9908,584853.4812746454,5790436.375715973,2870,1204,True
9909,584853.6076603536,5790436.682788563,2870,1204,True
9910,584853.7340460618,5790436.989861152,2870,1203,True
9911,584853.86043177,5790437.296933742,2871,1203,True
9912,584853.9868174781,5790437.604006332,2871,1202,True
9913,584854.1132031863,5790437.9110789215,2871,1202,True
9914,584854.2395888944,5790438.218151512,2871,1201,True
9915,584854.3659746026,5790438.525224102,2871,1201,True
9916,584854.4923603107,5790438.832296691,2871,1201,True
9917,584854.618746019,5790439.139369281,2872,1200,True
9918,584854.7451317272,5790439.446441871,2872,1200,True
9919,584854.8715174353,5790439.753514461,2872,1199,True
9920,584854.9979031435,5790440.06058705,2872,1199,True
9921,584855.1242888516,5790440.3676596405,2872,1199,True
9922,584855.2506745599,5790440.674732231,2872,1198,True
9923,584855.377060268,5790440.98180482,2873,1198,True
9924,584855.5034459762,5790441.28887741,2873,1197,True
9925,584855.6298316844,5790441.59595,2873,1197,True
9926,584855.7562173925,5790441.903022589,2873,1197,True
9927,584855.8826031007,5790442.210095179,2873,1196,True
9928,584856.0089888088,5790442.517167769,2873,1196,True
9929,584856.1353745171,5790442.824240359,2874,1195,True
9930,584856.2617602252,5790443.131312949,2874,1195,True
9931,584856.3881459334,5790443.438385539,2874,1194,True
9932,584856.5145316415,5790443.745458128,2874,1194,True
9933,584856.6409173497,5790444.052530718,2874,1194,True
9934,584856.767303058,5790444.359603308,2874,1193,True
9935,584856.893688766,5790444.666675898,2875,1193,True
9936,584857.0200744743,5790444.973748487,2875,1192,True
9937,584857.1464601824,5790445.2808210775,2875,1192,True
9938,584857.2728458906,5790445.587893668,2875,1192,True
9939,584857.3992315987,5790445.894966257,2875,1191,True
9940,584857.5256173069,5790446.202038847,2875,1191,False
9941,584858.9291633766,5790445.821168625,2877,1191,True
9942,584860.3327094461,5790445.440298402,2879,1192,True
9943,584861.7362555157,5790445.05942818,2881,1192,True
9944,584863.1398015853,5790444.6785579575,2883,1193,True
9945,584864.543347655,5790444.2976877345,2885,1193,True
9946,584865.9468937245,5790443.916817512,2887,1194,True
9947,584867.3504397941,5790443.53594729,2889,1194,True
9948,584868.7539858638,5790443.155077067,2891,1195,True
9949,584870.1575319334,5790442.774206845,2893,1195,True
9950,584871.5610780029,5790442.393336623,2895,1196,True
9951,584872.9646240725,5790442.0124664,2896,1196,True
9952,584874.3681701422,5790441.631596178,2898,1197,True
9953,584875.7717162118,5790441.250725956,2900,1197,True
9954,584877.1752622813,5790440.869855733,2902,1198,True
9955,584878.578808351,5790440.488985511,2904,1198,True
9956,584879.9823544206,5790440.108115288,2906,1199,True
9957,584881.3859004902,5790439.727245065,2908,1199,True
9958,584882.7894465597,5790439.346374843,2910,1200,True
9959,584884.1929926294,5790438.965504621,2912,1200,True
9960,584885.596538699,5790438.584634399,2914,1201,True
9961,584887.0000847686,5790438.203764176,2915,1202,True
9962,584888.4036308381,5790437.822893954,2917,1202,True
9963,584889.8071769078,5790437.442023732,2919,1203,True
9964,584891.2107229774,5790437.061153509,2921,1203,True
9965,584892.614269047,5790436.680283287,2923,1204,True
9966,584894.0178151166,5790436.2994130645,2925,1204,True
9967,584895.4213611862,5790435.918542841,2927,1205,True
9968,584896.8249072558,5790435.537672619,2929,1205,True
9969,584898.2284533255,5790435.156802397,2931,1206,True
9970,584899.631999395,5790434.775932174,2933,1206,True
9971,584901.0355454646,5790434.395061952,2934,1207,True
9972,584902.4390915342,5790434.01419173,2936,1207,True
9973,584903.8426376039,5790433.633321507,2938,1208,True
9974,584905.2461836734,5790433.252451285,2940,1208,True
9975,584906.649729743,5790432.871581063,2942,1209,True
9976,584908.0532758127,5790432.49071084,2944,1209,True
9977,584909.4568218823,5790432.1098406175,2946,1210,True
9978,584910.8603679518,5790431.728970395,2948,1210,True
9979,584912.2639140214,5790431.348100172,2950,1211,True
9980,584913.6674600911,5790430.96722995,2952,1211,True
9981,584915.0710061607,5790430.586359728,2953,1212,True
9982,584916.4745522302,5790430.205489505,2955,1212,True
9983,584917.8780982998,5790429.824619283,2957,1213,True
9984,584919.2816443695,5790429.443749061,2959,1213,True
9985,584920.6851904391,5790429.062878838,2961,1214,True
9986,584922.0887365086,5790428.682008616,2963,1214,True
9987,584923.4922825783,5790428.301138394,2965,1215,True
9988,584924.8958286479,5790427.920268171,2967,1215,True
9989,584926.2993747175,5790427.539397948,2969,1216,True
9990,584927.702920787,5790427.158527726,2971,1216,True
9991,584929.1064668567,5790426.777657503,2972,1217,True
9992,584930.5100129263,5790426.396787281,2974,1218,True
9993,584931.9135589959,5790426.015917059,2976,1218,True
9994,584933.3171050654,5790425.635046837,2978,1219,True
9995,584934.7206511351,5790425.254176614,2980,1219,True
9996,584936.1241972047,5790424.873306392,2982,1220,True
9997,584937.5277432743,5790424.49243617,2984,1220,True
9998,584938.9312893439,5790424.111565947,2986,1221,True
9999,584940.3348354135,5790423.7306957245,2988,1221,True
10000,584941.7383814831,5790423.349825502,2990,1222,True
10001,584943.1419275528,5790422.968955279,2991,1222,True
10002,584944.5454736223,5790422.588085057,2993,1223,True
10003,584945.9490196919,5790422.207214835,2995,1223,True
10004,584947.3525657615,5790421.826344612,2997,1224,True
10005,584948.7561118312,5790421.44547439,2999,1224,True
10006,584950.1596579007,5790421.064604168,3001,1225,True
10007,584951.5632039703,5790420.683733945,3003,1225,True
10008,584952.96675004,5790420.302863723,3005,1226,True
10009,584954.3702961096,5790419.921993501,3007,1226,True
10010,584955.7738421791,5790419.5411232775,3009,1227,True
10011,584957.1773882487,5790419.160253055,3010,1227,False
10012,584958.523180107,5790418.776023289,3012,1228,True
10013,584959.8689719653,5790418.391793524,3014,1228,True
10014,584961.2147638237,5790418.007563758,3016,1229,True
10015,584962.5605556819,5790417.623333992,3018,1229,True
10016,584963.9063475402,5790417.239104226,3020,1230,True
10017,584965.2521393985,5790416.854874461,3021,1230,True
10018,584966.5979312568,5790416.470644695,3023,1231,True
10019,584967.9437231151,5790416.0864149295,3025,1231,True
10020,584969.2895149734,5790415.702185163,3027,1232,True
10021,584970.6353068317,5790415.317955398,3029,1233,True
10022,584971.98109869,5790414.933725632,3031,1233,True
10023,584973.3268905482,5790414.5494958665,3032,1234,True
10024,584974.6726824066,5790414.1652661,3034,1234,True
10025,584976.0184742649,5790413.781036335,3036,1235,True
10026,584977.3642661232,5790413.396806569,3038,1235,True
10027,584978.7100579814,5790413.012576803,3040,1236,True
10028,584980.0558498397,5790412.628347037,3041,1236,True
10029,584981.4016416981,5790412.244117271,3043,1237,True
10030,584982.7474335564,5790411.859887506,3045,1237,True
10031,584984.0932254146,5790411.47565774,3047,1238,True
10032,584985.4390172729,5790411.091427974,3049,1238,True
10033,584986.7848091312,5790410.707198208,3051,1239,True
10034,584988.1306009896,5790410.322968443,3052,1239,True
10035,584989.4763928478,5790409.938738677,3054,1240,True
10036,584990.8221847061,5790409.554508911,3056,1240,True
10037,584992.1679765644,5790409.170279145,3058,1241,True
10038,584993.5137684227,5790408.78604938,3060,1241,True
10039,584994.859560281,5790408.401819614,3062,1242,True
10040,584996.2053521393,5790408.017589848,3063,1242,True
10041,584997.5511439976,5790407.633360082,3065,1243,True
10042,584998.8969358559,5790407.249130316,3067,1243,True
10043,585000.2427277141,5790406.864900551,3069,1244,True
10044,585001.5885195725,5790406.480670785,3071,1244,True
10045,585002.9343114308,5790406.096441019,3072,1245,True
10046,585004.280103289,5790405.712211253,3074,1246,True
10047,585005.6258951473,5790405.327981488,3076,1246,True
10048,585006.9716870056,5790404.943751722,3078,1247,True
10049,585008.3174788639,5790404.559521956,3080,1247,True
10050,585009.6632707223,5790404.17529219,3082,1248,True
10051,585011.0090625805,5790403.791062425,3083,1248,True
10052,585012.3548544388,5790403.406832659,3085,1249,True
10053,585013.7006462971,5790403.022602893,3087,1249,True
10054,585015.0464381553,5790402.638373127,3089,1250,True
10055,585016.3922300137,5790402.254143361,3091,1250,True
10056,585017.738021872,5790401.869913596,3093,1251,True
10057,585019.0838137303,5790401.4856838295,3094,1251,True
10058,585020.4296055885,5790401.101454064,3096,1252,True
10059,585021.7753974468,5790400.717224298,3098,1252,True
10060,585023.1211893052,5790400.332994533,3100,1253,True
10061,585024.4669811635,5790399.948764767,3102,1253,True
10062,585025.8127730218,5790399.564535001,3103,1254,True
10063,585027.15856488,5790399.180305235,3105,1254,True
10064,585028.5043567383,5790398.79607547,3107,1255,True
10065,585029.8501485967,5790398.411845704,3109,1255,True
10066,585031.195940455,5790398.027615938,3111,1256,True
10067,585032.5417323132,5790397.643386172,3113,1256,True
10068,585033.8875241715,5790397.259156406,3114,1257,True
10069,585035.2333160298,5790396.874926641,3116,1258,True
10070,585036.5791078882,5790396.490696874,3118,1258,True
10071,585037.9248997464,5790396.106467109,3120,1259,True
10072,585039.2706916047,5790395.722237343,3122,1259,True
10073,585040.616483463,5790395.338007578,3124,1260,True
10074,585041.9622753212,5790394.9537778115,3125,1260,True
10075,585043.3080671796,5790394.569548046,3127,1261,True
10076,585044.6538590379,5790394.18531828,3129,1261,True
10077,585045.9996508962,5790393.801088515,3131,1262,True
10078,585047.3454427544,5790393.4168587485,3133,1262,True
10079,585048.6912346127,5790393.032628983,3134,1263,True
10080,585050.0370264711,5790392.648399217,3136,1263,True
10081,585051.3828183294,5790392.264169452,3138,1264,True
10082,585052.7286101877,5790391.879939686,3140,1264,False
10083,585052.9740769928,5790391.768381511,3140,1264,True
10084,585053.2195437979,5790391.656823336,3141,1265,True
10085,585053.4650106031,5790391.545265161,3141,1265,True
10086,585053.7104774083,5790391.433706987,3141,1265,True
10087,585053.9559442133,5790391.322148811,3142,1265,True
10088,585054.2014110185,5790391.210590636,3142,1265,True
10089,585054.4468778236,5790391.099032462,3142,1265,True
10090,585054.6923446287,5790390.987474287,3143,1265,True
10091,585054.9378114339,5790390.875916112,3143,1266,True
10092,585055.183278239,5790390.7643579375,3143,1266,True
10093,585055.4287450442,5790390.652799763,3144,1266,True
10094,585055.6742118493,5790390.541241588,3144,1266,True
10095,585055.9196786544,5790390.429683413,3144,1266,True
10096,585056.1651454596,5790390.318125238,3145,1266,True
10097,585056.4106122648,5790390.206567063,3145,1267,True
10098,585056.6560790698,5790390.095008888,3145,1267,True
10099,585056.901545875,5790389.983450714,3146,1267,True
10100,585057.1470126801,5790389.871892539,3146,1267,True
10101,585057.3924794853,5790389.760334364,3146,1267,True
10102,585057.6379462904,5790389.648776189,3147,1267,True
10103,585057.8834130955,5790389.537218015,3147,1267,True
10104,585058.1288799007,5790389.42565984,3147,1268,True
10105,585058.3743467059,5790389.314101664,3148,1268,True
10106,585058.6198135109,5790389.20254349,3148,1268,True
10107,585058.8652803161,5790389.090985315,3148,1268,True
10108,585059.1107471212,5790388.97942714,3149,1268,True
10109,585059.3562139263,5790388.8678689655,3149,1268,True
10110,585059.6016807315,5790388.756310791,3149,1269,True
10111,585059.8471475366,5790388.644752616,3150,1269,True
10112,585060.0926143418,5790388.533194441,3150,1269,True
10113,585060.3380811469,5790388.421636267,3150,1269,True
10114,585060.583547952,5790388.310078091,3151,1269,True
10115,585060.8290147572,5790388.198519916,3151,1269,True
10116,585061.0744815624,5790388.086961742,3151,1269,True
10117,585061.3199483674,5790387.975403567,3152,1270,True
10118,585061.5654151726,5790387.863845392,3152,1270,True
10119,585061.8108819777,5790387.752287217,3152,1270,True
10120,585062.0563487828,5790387.640729043,3153,1270,True
10121,585062.301815588,5790387.529170868,3153,1270,True
10122,585062.5472823931,5790387.417612692,3153,1270,True
10123,585062.7927491983,5790387.306054518,3154,1270,True
10124,585063.0382160034,5790387.194496343,3154,1271,True
10125,585063.2836828085,5790387.082938168,3154,1271,True
10126,585063.5291496137,5790386.9713799935,3155,1271,True
10127,585063.7746164189,5790386.859821819,3155,1271,True
10128,585064.0200832239,5790386.748263644,3155,1271,True
10129,585064.2655500291,5790386.636705469,3156,1271,True
10130,585064.5110168342,5790386.525147295,3156,1272,True
10131,585064.7564836394,5790386.413589119,3156,1272,True
10132,585065.0019504445,5790386.302030944,3157,1272,True
10133,585065.2474172496,5790386.19047277,3157,1272,True
10134,585065.4928840548,5790386.078914595,3157,1272,True
10135,585065.73835086,5790385.96735642,3158,1272,True
10136,585065.983817665,5790385.855798245,3158,1272,True
10137,585066.2292844702,5790385.744240071,3158,1273,True
10138,585066.4747512753,5790385.632681896,3159,1273,True
10139,585066.7202180804,5790385.521123721,3159,1273,True
10140,585066.9656848856,5790385.409565546,3159,1273,True
10141,585067.2111516907,5790385.298007371,3160,1273,True
10142,585067.4566184959,5790385.186449196,3160,1273,True
10143,585067.702085301,5790385.0748910215,3160,1273,True
10144,585067.9475521061,5790384.963332847,3161,1274,True
10145,585068.1930189113,5790384.851774672,3161,1274,True
10146,585068.4384857165,5790384.740216497,3161,1274,True
10147,585068.6839525215,5790384.628658323,3162,1274,True
10148,585068.9294193267,5790384.517100148,3162,1274,True
10149,585069.1748861318,5790384.405541972,3162,1274,True
10150,585069.420352937,5790384.293983798,3163,1275,True
10151,585069.6658197421,5790384.182425623,3163,1275,True
10152,585069.9112865472,5790384.070867448,3163,1275,True
10153,585070.1567533524,5790383.959309273,3164,1275,False
10154,585069.8156585511,5790382.56154744,3163,1277,True
10155,585069.4745637499,5790381.163785606,3163,1279,True
10156,585069.1334689485,5790379.766023771,3162,1281,True
10157,585068.7923741473,5790378.368261937,3162,1283,True
10158,585068.451279346,5790376.970500103,3161,1284,True
10159,585068.1101845447,5790375.572738269,3161,1286,True
10160,585067.7690897435,5790374.1749764355,3160,1288,True
10161,585067.4279949422,5790372.777214602,3160,1290,True
10162,585067.086900141,5790371.379452767,3159,1292,True
10163,585066.7458053397,5790369.981690933,3159,1294,True
10164,585066.4047105383,5790368.583929099,3158,1296,True
10165,585066.0636157371,5790367.186167265,3158,1298,True
10166,585065.7225209358,5790365.788405431,3158,1300,True
10167,585065.3814261346,5790364.390643598,3157,1302,True
10168,585065.0403313333,5790362.992881763,3157,1303,True
10169,585064.699236532,5790361.595119929,3156,1305,True
10170,585064.3581417308,5790360.197358095,3156,1307,True
10171,585064.0170469295,5790358.799596261,3155,1309,True
10172,585063.6759521281,5790357.401834427,3155,1311,True
10173,585063.3348573269,5790356.0040725935,3154,1313,True
10174,585062.9937625256,5790354.606310759,3154,1315,True
10175,585062.6526677244,5790353.208548925,3153,1317,True
10176,585062.3115729231,5790351.810787091,3153,1319,True
10177,585061.9704781218,5790350.413025257,3152,1320,True
10178,585061.6293833206,5790349.015263423,3152,1322,True
10179,585061.2882885193,5790347.6175015895,3152,1324,True
10180,585060.947193718,5790346.219739755,3151,1326,True
10181,585060.6060989167,5790344.821977921,3151,1328,True
10182,585060.2650041154,5790343.424216087,3150,1330,True
10183,585059.9239093142,5790342.026454253,3150,1332,True
10184,585059.5828145129,5790340.628692419,3149,1334,True
10185,585059.2417197117,5790339.230930585,3149,1336,True
10186,585058.9006249104,5790337.833168751,3148,1337,True
10187,585058.559530109,5790336.435406917,3148,1339,True
10188,585058.2184353078,5790335.037645083,3147,1341,True
10189,585057.8773405065,5790333.639883249,3147,1343,True
10190,585057.5362457053,5790332.242121415,3146,1345,True
10191,585057.195150904,5790330.844359581,3146,1347,True
10192,585056.8540561027,5790329.446597747,3146,1349,True
10193,585056.5129613015,5790328.048835913,3145,1351,True
10194,585056.1718665002,5790326.651074079,3145,1353,True
10195,585055.830771699,5790325.253312245,3144,1355,True
10196,585055.4896768976,5790323.855550411,3144,1356,True
10197,585055.1485820963,5790322.457788577,3143,1358,True
10198,585054.8074872951,5790321.0600267425,3143,1360,True
10199,585054.4663924938,5790319.662264909,3142,1362,True
10200,585054.1252976926,5790318.264503075,3142,1364,True
10201,585053.7842028913,5790316.866741241,3141,1366,True
10202,585053.44310809,5790315.468979407,3141,1368,True
10203,585053.1020132888,5790314.071217573,3140,1370,True
10204,585052.7609184874,5790312.673455738,3140,1372,True
10205,585052.4198236862,5790311.275693905,3140,1373,True
10206,585052.0787288849,5790309.877932071,3139,1375,True
10207,585051.7376340836,5790308.480170237,3139,1377,True
10208,585051.3965392824,5790307.082408403,3138,1379,True
10209,585051.0554444811,5790305.684646569,3138,1381,True
10210,585050.7143496798,5790304.286884734,3137,1383,True
10211,585050.3732548786,5790302.889122901,3137,1385,True
10212,585050.0321600772,5790301.491361067,3136,1387,True
10213,585049.691065276,5790300.093599233,3136,1389,True
10214,585049.3499704747,5790298.695837399,3135,1391,True
10215,585049.0088756734,5790297.298075565,3135,1392,True
10216,585048.6677808722,5790295.90031373,3134,1394,True
10217,585048.3266860709,5790294.5025518965,3134,1396,True
10218,585047.9855912697,5790293.104790063,3134,1398,True
10219,585047.6444964684,5790291.707028229,3133,1400,True
10220,585047.303401667,5790290.309266395,3133,1402,True
10221,585046.9623068658,5790288.911504561,3132,1404,True
10222,585046.6212120645,5790287.513742726,3132,1406,True
10223,585046.2801172633,5790286.115980892,3131,1408,True
10224,585045.939022462,5790284.718219059,3131,1409,False
10225,585045.5681884786,5790283.344975982,3130,1411,True
10226,585045.1973544953,5790281.971732904,3130,1413,True
10227,585044.8265205119,5790280.5984898275,3129,1415,True
10228,585044.4556865286,5790279.22524675,3129,1417,True
10229,585044.0848525452,5790277.852003673,3128,1419,True
10230,585043.7140185619,5790276.478760596,3128,1421,True
10231,585043.3431845785,5790275.105517519,3127,1422,True
10232,585042.972350595,5790273.732274442,3127,1424,True
10233,585042.6015166118,5790272.359031364,3126,1426,True
10234,585042.2306826283,5790270.985788288,3126,1428,True
10235,585041.859848645,5790269.612545211,3125,1430,True
10236,585041.4890146616,5790268.239302133,3125,1432,True
10237,585041.1181806783,5790266.8660590565,3124,1434,True
10238,585040.7473466949,5790265.492815979,3124,1435,True
10239,585040.3765127116,5790264.119572902,3123,1437,True
10240,585040.0056787282,5790262.746329825,3123,1439,True
10241,585039.6348447448,5790261.373086748,3122,1441,True
10242,585039.2640107615,5790259.999843671,3122,1443,True
10243,585038.8931767781,5790258.626600594,3121,1445,True
10244,585038.5223427948,5790257.253357517,3121,1447,True
10245,585038.1515088114,5790255.88011444,3120,1449,True
10246,585037.7806748281,5790254.506871362,3120,1450,True
10247,585037.4098408447,5790253.1336282855,3119,1452,True
10248,585037.0390068613,5790251.760385209,3119,1454,True
10249,585036.668172878,5790250.387142131,3118,1456,True
10250,585036.2973388946,5790249.013899054,3118,1458,True
10251,585035.9265049113,5790247.640655977,3117,1460,True
10252,585035.5556709279,5790246.2674129,3117,1462,True
10253,585035.1848369446,5790244.894169823,3116,1463,True
10254,585034.8140029612,5790243.520926746,3116,1465,True
10255,585034.4431689779,5790242.147683669,3115,1467,True
10256,585034.0723349944,5790240.774440591,3115,1469,True
10257,585033.701501011,5790239.4011975145,3114,1471,True
10258,585033.3306670277,5790238.027954438,3114,1473,True
10259,585032.9598330443,5790236.65471136,3113,1475,True
10260,585032.588999061,5790235.281468283,3113,1476,True
10261,585032.2181650776,5790233.908225206,3112,1478,True
10262,585031.8473310943,5790232.534982129,3112,1480,True
10263,585031.4764971109,5790231.161739052,3111,1482,True
10264,585031.1056631275,5790229.788495975,3111,1484,True
10265,585030.7348291442,5790228.415252898,3110,1486,True
10266,585030.3639951608,5790227.04200982,3110,1488,True
10267,585029.9931611775,5790225.6687667435,3109,1489,True
10268,585029.6223271941,5790224.295523667,3109,1491,True
10269,585029.2514932108,5790222.922280589,3108,1493,True
10270,585028.8806592274,5790221.549037512,3108,1495,True
10271,585028.5098252441,5790220.175794435,3107,1497,True
10272,585028.1389912607,5790218.802551358,3107,1499,True
10273,585027.7681572773,5790217.429308281,3106,1501,True
10274,585027.397323294,5790216.056065204,3106,1502,True
10275,585027.0264893105,5790214.682822127,3105,1504,True
10276,585026.6556553273,5790213.309579049,3105,1506,True
10277,585026.2848213438,5790211.9363359725,3104,1508,True
10278,585025.9139873605,5790210.563092896,3104,1510,True
10279,585025.5431533771,5790209.189849818,3103,1512,True
10280,585025.1723193937,5790207.816606741,3103,1514,True
10281,585024.8014854104,5790206.443363665,3102,1515,True
10282,585024.430651427,5790205.070120587,3102,1517,True
10283,585024.0598174437,5790203.69687751,3101,1519,True
10284,585023.6889834603,5790202.323634433,3101,1521,True
10285,585023.318149477,5790200.950391356,3100,1523,True
10286,585022.9473154936,5790199.577148279,3100,1525,True
10287,585022.5764815103,5790198.2039052015,3099,1527,True
10288,585022.2056475269,5790196.830662125,3099,1529,True
10289,585021.8348135435,5790195.457419047,3098,1530,True
10290,585021.4639795602,5790194.08417597,3098,1532,True
10291,585021.0931455768,5790192.710932894,3097,1534,True
10292,585020.7223115935,5790191.337689816,3097,1536,True
10293,585020.3514776101,5790189.964446739,3096,1538,True
10294,585019.9806436268,5790188.591203662,3096,1540,True
10295,585019.6098096434,5790187.217960585,3095,1542,False
10296,585019.2379798467,5790185.872211792,3095,1543,True
10297,585018.86615005,5790184.526462997,3094,1545,True
10298,585018.4943202531,5790183.180714204,3094,1547,True
10299,585018.1224904564,5790181.834965411,3093,1549,True
10300,585017.7506606597,5790180.489216616,3093,1551,True
10301,585017.378830863,5790179.143467823,3092,1552,True
10302,585017.0070010662,5790177.79771903,3092,1554,True
10303,585016.6351712695,5790176.451970236,3091,1556,True
10304,585016.2633414728,5790175.106221442,3091,1558,True
10305,585015.8915116761,5790173.760472649,3090,1560,True
10306,585015.5196818794,5790172.414723855,3090,1562,True
10307,585015.1478520826,5790171.068975061,3089,1563,True
10308,585014.7760222859,5790169.723226268,3089,1565,True
10309,585014.4041924892,5790168.3774774745,3088,1567,True
10310,585014.0323626925,5790167.03172868,3088,1569,True
10311,585013.6605328957,5790165.685979887,3087,1571,True
10312,585013.288703099,5790164.340231094,3087,1573,True
10313,585012.9168733023,5790162.994482299,3086,1574,True
10314,585012.5450435056,5790161.648733506,3086,1576,True
10315,585012.1732137088,5790160.302984713,3085,1578,True
10316,585011.8013839121,5790158.957235918,3084,1580,True
10317,585011.4295541154,5790157.611487125,3084,1582,True
10318,585011.0577243187,5790156.265738332,3083,1583,True
10319,585010.685894522,5790154.919989538,3083,1585,True
10320,585010.3140647252,5790153.574240744,3082,1587,True
10321,585009.9422349285,5790152.228491951,3082,1589,True
10322,585009.5704051318,5790150.882743157,3081,1591,True
10323,585009.1985753351,5790149.536994363,3081,1593,True
10324,585008.8267455383,5790148.19124557,3080,1594,True
10325,585008.4549157416,5790146.8454967765,3080,1596,True
10326,585008.0830859449,5790145.499747982,3079,1598,True
10327,585007.7112561482,5790144.153999189,3079,1600,True
10328,585007.3394263515,5790142.808250396,3078,1602,True
10329,585006.9675965547,5790141.462501601,3078,1604,True
10330,585006.595766758,5790140.116752808,3077,1605,True
10331,585006.2239369613,5790138.771004015,3077,1607,True
10332,585005.8521071646,5790137.425255221,3076,1609,True
10333,585005.4802773678,5790136.079506427,3076,1611,True
10334,585005.108447571,5790134.733757634,3075,1613,True
10335,585004.7366177744,5790133.38800884,3075,1614,True
10336,585004.3647879777,5790132.042260046,3074,1616,True
10337,585003.992958181,5790130.696511253,3074,1618,True
10338,585003.6211283841,5790129.350762459,3073,1620,True
10339,585003.2492985874,5790128.005013665,3073,1622,True
10340,585002.8774687907,5790126.659264872,3072,1624,True
10341,585002.505638994,5790125.3135160785,3072,1625,True
10342,585002.1338091972,5790123.967767284,3071,1627,True
10343,585001.7619794005,5790122.622018491,3071,1629,True
10344,585001.3901496038,5790121.276269698,3070,1631,True
10345,585001.0183198071,5790119.930520904,3070,1633,True
10346,585000.6464900104,5790118.58477211,3069,1635,True
10347,585000.2746602136,5790117.239023317,3069,1636,True
10348,584999.9028304169,5790115.893274523,3068,1638,True
10349,584999.5310006202,5790114.547525729,3068,1640,True
10350,584999.1591708235,5790113.201776936,3067,1642,True
10351,584998.7873410267,5790111.856028142,3067,1644,True
10352,584998.41551123,5790110.510279348,3066,1645,True
10353,584998.0436814333,5790109.164530555,3066,1647,True
10354,584997.6718516366,5790107.818781761,3065,1649,True
10355,584997.3000218398,5790106.473032967,3065,1651,True
10356,584996.9281920431,5790105.127284174,3064,1653,True
10357,584996.5563622464,5790103.7815353805,3064,1655,True
10358,584996.1845324497,5790102.435786586,3063,1656,True
10359,584995.812702653,5790101.090037793,3063,1658,True
10360,584995.4408728562,5790099.744289,3062,1660,True
10361,584995.0690430595,5790098.398540206,3062,1662,True
10362,584994.6972132628,5790097.052791412,3061,1664,True
10363,584994.3253834661,5790095.707042619,3061,1666,True
10364,584993.9535536693,5790094.361293825,3060,1667,True
10365,584993.5817238726,5790093.015545031,3060,1669,True
10366,584993.2098940759,5790091.669796238,3059,1671,False
10367,584992.8394107006,5790090.3023098735,3059,1673,True
10368,584992.4689273253,5790088.934823509,3058,1675,True
10369,584992.0984439502,5790087.567337145,3058,1677,True
10370,584991.7279605749,5790086.199850781,3057,1678,True
10371,584991.3574771996,5790084.832364417,3057,1680,True
10372,584990.9869938244,5790083.4648780525,3056,1682,True
10373,584990.6165104491,5790082.097391688,3056,1684,True
10374,584990.2460270738,5790080.729905324,3055,1686,True
10375,584989.8755436987,5790079.36241896,3055,1688,True
10376,584989.5050603234,5790077.994932596,3054,1689,True
10377,584989.1345769481,5790076.627446231,3054,1691,True
10378,584988.7640935729,5790075.259959866,3053,1693,True
10379,584988.3936101976,5790073.892473502,3053,1695,True
10380,584988.0231268224,5790072.524987138,3052,1697,True
10381,584987.6526434472,5790071.157500774,3052,1699,True
10382,584987.2821600719,5790069.790014409,3051,1701,True
10383,584986.9116766966,5790068.422528045,3051,1702,True
10384,584986.5411933213,5790067.055041681,3050,1704,True
10385,584986.1707099461,5790065.687555317,3050,1706,True
10386,584985.8002265709,5790064.320068953,3049,1708,True
10387,584985.4297431957,5790062.952582588,3049,1710,True
10388,584985.0592598204,5790061.585096224,3048,1712,True
10389,584984.6887764451,5790060.21760986,3048,1714,True
10390,584984.3182930698,5790058.850123496,3047,1715,True
10391,584983.9478096947,5790057.482637132,3047,1717,True
10392,584983.5773263194,5790056.115150767,3046,1719,True
10393,584983.2068429441,5790054.747664403,3046,1721,True
10394,584982.8363595689,5790053.380178039,3045,1723,True
10395,584982.4658761936,5790052.012691675,3045,1725,True
10396,584982.0953928183,5790050.645205311,3044,1727,True
10397,584981.7249094432,5790049.277718946,3044,1728,True
10398,584981.3544260679,5790047.910232582,3043,1730,True
10399,584980.9839426926,5790046.542746218,3043,1732,True
10400,584980.6134593174,5790045.175259854,3042,1734,True
10401,584980.2429759421,5790043.8077734895,3042,1736,True
10402,584979.8724925669,5790042.440287124,3041,1738,True
10403,584979.5020091917,5790041.07280076,3041,1740,True
10404,584979.1315258164,5790039.705314396,3040,1741,True
10405,584978.7610424411,5790038.337828032,3040,1743,True
10406,584978.3905590659,5790036.9703416675,3039,1745,True
10407,584978.0200756907,5790035.602855303,3039,1747,True
10408,584977.6495923154,5790034.235368939,3038,1749,True
10409,584977.2791089402,5790032.867882575,3038,1751,True
10410,584976.9086255649,5790031.500396211,3037,1752,True
10411,584976.5381421896,5790030.1329098465,3037,1754,True
10412,584976.1676588143,5790028.765423482,3036,1756,True
10413,584975.7971754392,5790027.397937118,3036,1758,True
10414,584975.4266920639,5790026.030450754,3035,1760,True
10415,584975.0562086886,5790024.66296439,3035,1762,True
10416,584974.6857253134,5790023.295478025,3034,1764,True
10417,584974.3152419381,5790021.927991661,3034,1765,True
10418,584973.944758563,5790020.560505297,3033,1767,True
10419,584973.5742751877,5790019.193018933,3033,1769,True
10420,584973.2037918124,5790017.825532569,3032,1771,True
10421,584972.8333084371,5790016.458046204,3032,1773,True
10422,584972.4628250619,5790015.09055984,3031,1775,True
10423,584972.0923416866,5790013.723073476,3031,1777,True
10424,584971.7218583114,5790012.355587112,3030,1778,True
10425,584971.3513749362,5790010.988100748,3030,1780,True
10426,584970.9808915609,5790009.620614382,3029,1782,True
10427,584970.6104081856,5790008.253128018,3029,1784,True
10428,584970.2399248104,5790006.885641654,3028,1786,True
10429,584969.8694414352,5790005.51815529,3028,1788,True
10430,584969.4989580599,5790004.150668926,3027,1790,True
10431,584969.1284746847,5790002.783182561,3027,1791,True
10432,584968.7579913094,5790001.415696197,3026,1793,True
10433,584968.3875079341,5790000.048209833,3026,1795,True
10434,584968.0170245589,5789998.680723469,3025,1797,True
10435,584967.6465411837,5789997.313237105,3025,1799,True
10436,584967.2760578084,5789995.94575074,3024,1801,True
10437,584966.9055744332,5789994.578264376,3024,1803,False
10438,584966.5520461474,5789993.214989199,3023,1804,True
10439,584966.1985178617,5789991.851714022,3023,1806,True
10440,584965.8449895759,5789990.488438846,3022,1808,True
10441,584965.4914612902,5789989.125163669,3022,1810,True
10442,584965.1379330044,5789987.761888492,3021,1812,True
10443,584964.7844047188,5789986.398613316,3021,1814,True
10444,584964.430876433,5789985.035338139,3020,1815,True
10445,584964.0773481473,5789983.672062962,3020,1817,True
10446,584963.7238198615,5789982.3087877855,3019,1819,True
10447,584963.3702915758,5789980.945512609,3019,1821,True
10448,584963.01676329,5789979.582237432,3018,1823,True
10449,584962.6632350043,5789978.218962255,3018,1825,True
10450,584962.3097067185,5789976.855687078,3017,1827,True
10451,584961.9561784328,5789975.492411901,3017,1828,True
10452,584961.602650147,5789974.129136724,3016,1830,True
10453,584961.2491218613,5789972.765861548,3016,1832,True
10454,584960.8955935756,5789971.402586371,3016,1834,True
10455,584960.5420652899,5789970.039311195,3015,1836,True
10456,584960.1885370042,5789968.676036018,3015,1838,True
10457,584959.8350087184,5789967.312760841,3014,1839,True
10458,584959.4814804327,5789965.949485664,3014,1841,True
10459,584959.1279521469,5789964.586210487,3013,1843,True
10460,584958.7744238612,5789963.222935311,3013,1845,True
10461,584958.4208955754,5789961.859660134,3012,1847,True
10462,584958.0673672897,5789960.496384957,3012,1849,True
10463,584957.7138390039,5789959.13310978,3011,1851,True
10464,584957.3603107182,5789957.769834603,3011,1852,True
10465,584957.0067824324,5789956.406559426,3010,1854,True
10466,584956.6532541467,5789955.0432842495,3010,1856,True
10467,584956.299725861,5789953.680009074,3009,1858,True
10468,584955.9461975753,5789952.316733897,3009,1860,True
10469,584955.5926692896,5789950.95345872,3008,1862,True
10470,584955.2391410038,5789949.590183543,3008,1863,True
10471,584954.8856127181,5789948.226908366,3007,1865,True
10472,584954.5320844323,5789946.863633189,3007,1867,True
10473,584954.1785561466,5789945.5003580125,3006,1869,True
10474,584953.8250278608,5789944.137082836,3006,1871,True
10475,584953.4714995751,5789942.773807659,3005,1873,True
10476,584953.1179712893,5789941.410532482,3005,1875,True
10477,584952.7644430036,5789940.047257305,3005,1876,True
10478,584952.4109147178,5789938.683982128,3004,1878,True
10479,584952.0573864322,5789937.320706952,3004,1880,True
10480,584951.7038581464,5789935.9574317755,3003,1882,True
10481,584951.3503298607,5789934.594156599,3003,1884,True
10482,584950.996801575,5789933.230881422,3002,1886,True
10483,584950.6432732892,5789931.867606245,3002,1887,True
10484,584950.2897450035,5789930.504331068,3001,1889,True
10485,584949.9362167177,5789929.141055891,3001,1891,True
10486,584949.582688432,5789927.777780714,3000,1893,True
10487,584949.2291601462,5789926.414505538,3000,1895,True
10488,584948.8756318605,5789925.051230361,2999,1897,True
10489,584948.5221035747,5789923.687955184,2999,1899,True
10490,584948.168575289,5789922.324680007,2998,1900,True
10491,584947.8150470033,5789920.961404831,2998,1902,True
10492,584947.4615187176,5789919.598129654,2997,1904,True
10493,584947.1079904318,5789918.234854477,2997,1906,True
10494,584946.7544621461,5789916.871579301,2996,1908,True
10495,584946.4009338603,5789915.508304124,2996,1910,True
10496,584946.0474055746,5789914.145028947,2995,1911,True
10497,584945.6938772888,5789912.78175377,2995,1913,True
10498,584945.3403490031,5789911.418478593,2994,1915,True
10499,584944.9868207173,5789910.055203416,2994,1917,True
10500,584944.6332924316,5789908.69192824,2993,1919,True
10501,584944.2797641458,5789907.328653063,2993,1921,True
10502,584943.9262358601,5789905.965377886,2993,1923,True
10503,584943.5727075745,5789904.60210271,2992,1924,True
10504,584943.2191792887,5789903.238827533,2992,1926,True
10505,584942.865651003,5789901.875552356,2991,1928,True
10506,584942.5121227172,5789900.512277179,2991,1930,True
10507,584942.1585944315,5789899.149002003,2990,1932,True
10508,584941.8050661457,5789897.785726826,2990,1934,False
10509,584941.4406106125,5789896.4278813405,2989,1935,True
10510,584941.0761550793,5789895.070035855,2989,1937,True
10511,584940.7116995461,5789893.712190369,2988,1939,True
10512,584940.347244013,5789892.354344884,2988,1941,True
10513,584939.9827884798,5789890.996499399,2987,1943,True
10514,584939.6183329466,5789889.6386539135,2987,1945,True
10515,584939.2538774133,5789888.280808428,2986,1947,True
10516,584938.8894218801,5789886.922962943,2986,1948,True
10517,584938.5249663469,5789885.565117457,2985,1950,True
10518,584938.1605108137,5789884.207271972,2985,1952,True
10519,584937.7960552806,5789882.8494264865,2984,1954,True
10520,584937.4315997474,5789881.491581001,2984,1956,True
10521,584937.0671442142,5789880.133735516,2983,1958,True
10522,584936.702688681,5789878.775890031,2983,1959,True
10523,584936.3382331477,5789877.418044545,2982,1961,True
10524,584935.9737776145,5789876.06019906,2982,1963,True
10525,584935.6093220813,5789874.702353574,2981,1965,True
10526,584935.2448665482,5789873.344508089,2981,1967,True
10527,584934.880411015,5789871.986662604,2980,1969,True
10528,584934.5159554818,5789870.628817119,2980,1970,True
10529,584934.1514999486,5789869.270971633,2979,1972,True
10530,584933.7870444154,5789867.913126147,2979,1974,True
10531,584933.4225888822,5789866.555280662,2978,1976,True
10532,584933.0581333489,5789865.197435177,2978,1978,True
10533,584932.6936778158,5789863.839589692,2977,1980,True
10534,584932.3292222826,5789862.4817442065,2977,1981,True
10535,584931.9647667494,5789861.12389872,2976,1983,True
10536,584931.6003112162,5789859.766053235,2976,1985,True
10537,584931.235855683,5789858.40820775,2975,1987,True
10538,584930.8714001498,5789857.050362265,2975,1989,True
10539,584930.5069446166,5789855.6925167795,2974,1991,True
10540,584930.1424890835,5789854.334671294,2974,1992,True
10541,584929.7780335502,5789852.976825808,2973,1994,True
10542,584929.413578017,5789851.618980323,2973,1996,True
10543,584929.0491224838,5789850.261134838,2972,1998,True
10544,584928.6846669506,5789848.903289353,2972,2000,True
10545,584928.3202114174,5789847.545443867,2971,2002,True
10546,584927.9557558842,5789846.187598382,2971,2004,True
10547,584927.591300351,5789844.829752896,2970,2005,True
10548,584927.2268448179,5789843.471907411,2970,2007,True
10549,584926.8623892847,5789842.114061926,2969,2009,True
10550,584926.4979337514,5789840.75621644,2969,2011,True
10551,584926.1334782182,5789839.398370955,2968,2013,True
10552,584925.769022685,5789838.04052547,2968,2015,True
10553,584925.4045671518,5789836.682679984,2967,2016,True
10554,584925.0401116186,5789835.324834499,2967,2018,True
10555,584924.6756560855,5789833.966989013,2966,2020,True
10556,584924.3112005523,5789832.609143528,2966,2022,True
10557,584923.946745019,5789831.251298043,2965,2024,True
10558,584923.5822894858,5789829.893452558,2965,2026,True
10559,584923.2178339526,5789828.535607072,2964,2027,True
10560,584922.8533784194,5789827.177761586,2964,2029,True
10561,584922.4889228862,5789825.819916101,2963,2031,True
10562,584922.1244673531,5789824.462070616,2963,2033,True
10563,584921.7600118199,5789823.104225131,2963,2035,True
10564,584921.3955562867,5789821.746379646,2962,2037,True
10565,584921.0311007535,5789820.388534159,2962,2038,True
10566,584920.6666452202,5789819.030688674,2961,2040,True
10567,584920.302189687,5789817.672843189,2961,2042,True
10568,584919.9377341538,5789816.314997704,2960,2044,True
10569,584919.5732786207,5789814.957152219,2960,2046,True
10570,584919.2088230875,5789813.599306733,2959,2048,True
10571,584918.8443675543,5789812.241461247,2959,2050,True
10572,584918.4799120211,5789810.883615762,2958,2051,True
10573,584918.1154564879,5789809.525770277,2958,2053,True
10574,584917.7510009547,5789808.167924792,2957,2055,True
10575,584917.3865454214,5789806.810079306,2957,2057,True
10576,584917.0220898883,5789805.452233821,2956,2059,True
10577,584916.6576343551,5789804.094388335,2956,2061,True
10578,584916.2931788219,5789802.73654285,2955,2062,True
10579,584915.9287232887,5789801.378697365,2955,2064,False
10580,584915.558083782,5789800.016047378,2954,2066,True
10581,584915.1874442751,5789798.653397391,2954,2068,True
10582,584914.8168047684,5789797.290747404,2953,2070,True
10583,584914.4461652616,5789795.928097418,2953,2072,True
10584,584914.0755257548,5789794.565447431,2952,2073,True
10585,584913.7048862481,5789793.202797444,2952,2075,True
10586,584913.3342467413,5789791.840147457,2951,2077,True
10587,584912.9636072345,5789790.477497471,2951,2079,True
10588,584912.5929677277,5789789.114847483,2950,2081,True
10589,584912.222328221,5789787.752197497,2950,2083,True
10590,584911.8516887142,5789786.38954751,2949,2085,True
10591,584911.4810492074,5789785.026897523,2949,2086,True
10592,584911.1104097007,5789783.664247536,2948,2088,True
10593,584910.7397701938,5789782.30159755,2948,2090,True
10594,584910.3691306871,5789780.938947563,2947,2092,True
10595,584909.9984911802,5789779.576297576,2947,2094,True
10596,584909.6278516735,5789778.213647589,2946,2096,True
10597,584909.2572121668,5789776.850997603,2946,2097,True
10598,584908.88657266,5789775.488347615,2945,2099,True
10599,584908.5159331532,5789774.125697629,2945,2101,True
10600,584908.1452936464,5789772.763047642,2944,2103,True
10601,584907.7746541396,5789771.400397655,2944,2105,True
10602,584907.4040146329,5789770.037747668,2943,2107,True
10603,584907.0333751261,5789768.675097682,2943,2109,True
10604,584906.6627356193,5789767.312447695,2942,2110,True
10605,584906.2920961125,5789765.949797708,2942,2112,True
10606,584905.9214566058,5789764.587147721,2941,2114,True
10607,584905.550817099,5789763.224497735,2941,2116,True
10608,584905.1801775922,5789761.861847747,2940,2118,True
10609,584904.8095380855,5789760.499197761,2940,2120,True
10610,584904.4388985786,5789759.136547774,2939,2121,True
10611,584904.0682590719,5789757.773897788,2939,2123,True
10612,584903.6976195652,5789756.4112478,2938,2125,True
10613,584903.3269800583,5789755.048597814,2938,2127,True
10614,584902.9563405516,5789753.685947827,2937,2129,True
10615,584902.5857010448,5789752.32329784,2937,2131,True
10616,584902.215061538,5789750.960647853,2936,2133,True
10617,584901.8444220312,5789749.597997867,2936,2134,True
10618,584901.4737825245,5789748.235347879,2935,2136,True
10619,584901.1031430177,5789746.872697893,2935,2138,True
10620,584900.7325035109,5789745.510047906,2934,2140,True
10621,584900.3618640042,5789744.14739792,2934,2142,True
10622,584899.9912244973,5789742.784747932,2933,2144,True
10623,584899.6205849906,5789741.422097946,2933,2145,True
10624,584899.2499454839,5789740.059447959,2932,2147,True
10625,584898.879305977,5789738.696797972,2932,2149,True
10626,584898.5086664703,5789737.334147985,2931,2151,True
10627,584898.1380269635,5789735.971497999,2931,2153,True
10628,584897.7673874567,5789734.608848012,2930,2155,True
10629,584897.39674795,5789733.246198025,2930,2157,True
10630,584897.0261084432,5789731.883548038,2929,2158,True
10631,584896.6554689364,5789730.520898052,2929,2160,True
10632,584896.2848294296,5789729.158248064,2928,2162,True
10633,584895.9141899229,5789727.795598078,2927,2164,True
10634,584895.5435504161,5789726.432948091,2927,2166,True
10635,584895.1729109093,5789725.070298104,2926,2168,True
10636,584894.8022714026,5789723.707648117,2926,2169,True
10637,584894.4316318957,5789722.344998131,2925,2171,True
10638,584894.060992389,5789720.982348144,2925,2173,True
10639,584893.6903528821,5789719.619698157,2924,2175,True
10640,584893.3197133754,5789718.25704817,2924,2177,True
10641,584892.9490738687,5789716.894398184,2923,2179,True
10642,584892.5784343618,5789715.531748196,2923,2181,True
10643,584892.2077948551,5789714.16909821,2922,2182,True
10644,584891.8371553483,5789712.806448223,2922,2184,True
10645,584891.4665158415,5789711.443798236,2921,2186,True
10646,584891.0958763348,5789710.081148249,2921,2188,True
10647,584890.725236828,5789708.718498263,2920,2190,True
10648,584890.3545973212,5789707.355848276,2920,2192,True
10649,584889.9839578144,5789705.993198289,2919,2193,True
10650,584889.6133183077,5789704.630548302,2919,2195,False
10651,584889.2387912391,5789703.269357623,2918,2197,True
10652,584888.8642641706,5789701.908166942,2918,2199,True
10653,584888.4897371021,5789700.546976263,2917,2201,True
10654,584888.1152100336,5789699.185785582,2917,2203,True
10655,584887.740682965,5789697.824594903,2916,2205,True
10656,584887.3661558966,5789696.463404222,2916,2206,True
10657,584886.991628828,5789695.102213543,2915,2208,True
10658,584886.6171017594,5789693.7410228625,2915,2210,True
10659,584886.242574691,5789692.379832183,2914,2212,True
10660,584885.8680476224,5789691.018641503,2914,2214,True
10661,584885.4935205539,5789689.657450823,2913,2216,True
10662,584885.1189934853,5789688.296260143,2913,2217,True
10663,584884.7444664169,5789686.935069463,2912,2219,True
10664,584884.3699393483,5789685.573878783,2912,2221,True
10665,584883.9954122799,5789684.212688103,2911,2223,True
10666,584883.6208852113,5789682.851497424,2911,2225,True
10667,584883.2463581427,5789681.490306743,2910,2227,True
10668,584882.8718310742,5789680.129116064,2910,2228,True
10669,584882.4973040057,5789678.7679253835,2909,2230,True
10670,584882.1227769372,5789677.406734704,2909,2232,True
10671,584881.7482498686,5789676.045544024,2908,2234,True
10672,584881.3737228002,5789674.684353344,2908,2236,True
10673,584880.9991957316,5789673.323162664,2907,2238,True
10674,584880.624668663,5789671.961971984,2907,2240,True
10675,584880.2501415946,5789670.600781304,2906,2241,True
10676,584879.875614526,5789669.239590624,2906,2243,True
10677,584879.5010874575,5789667.878399944,2905,2245,True
10678,584879.126560389,5789666.517209264,2905,2247,True
10679,584878.7520333205,5789665.156018585,2904,2249,True
10680,584878.3775062519,5789663.794827905,2904,2251,True
10681,584878.0029791835,5789662.433637225,2903,2252,True
10682,584877.6284521149,5789661.072446545,2903,2254,True
10683,584877.2539250463,5789659.711255865,2902,2256,True
10684,584876.8793979778,5789658.350065185,2902,2258,True
10685,584876.5048709093,5789656.988874505,2901,2260,True
10686,584876.1303438408,5789655.627683825,2901,2262,True
10687,584875.7558167722,5789654.266493145,2900,2264,True
10688,584875.3812897038,5789652.905302465,2900,2265,True
10689,584875.0067626352,5789651.5441117855,2899,2267,True
10690,584874.6322355666,5789650.182921105,2899,2269,True
10691,584874.2577084982,5789648.821730426,2898,2271,True
10692,584873.8831814296,5789647.460539745,2898,2273,True
10693,584873.5086543611,5789646.099349066,2897,2275,True
10694,584873.1341272925,5789644.738158386,2897,2276,True
10695,584872.7596002241,5789643.376967706,2896,2278,True
10696,584872.3850731555,5789642.015777026,2896,2280,True
10697,584872.010546087,5789640.654586346,2895,2282,True
10698,584871.6360190185,5789639.293395666,2895,2284,True
10699,584871.2614919499,5789637.932204986,2894,2286,True
10700,584870.8869648814,5789636.5710143065,2894,2288,True
10701,584870.5124378129,5789635.209823626,2893,2289,True
10702,584870.1379107444,5789633.848632947,2893,2291,True
10703,584869.7633836758,5789632.487442266,2892,2293,True
10704,584869.3888566074,5789631.126251587,2892,2295,True
10705,584869.0143295388,5789629.765060906,2891,2297,True
10706,584868.6398024702,5789628.403870227,2891,2299,True
10707,584868.2652754018,5789627.042679547,2890,2300,True
10708,584867.8907483332,5789625.681488867,2890,2302,True
10709,584867.5162212647,5789624.320298187,2889,2304,True
10710,584867.1416941962,5789622.959107507,2889,2306,True
10711,584866.7671671277,5789621.597916828,2888,2308,True
10712,584866.3926400591,5789620.236726147,2888,2310,True
10713,584866.0181129907,5789618.875535468,2887,2311,True
10714,584865.6435859221,5789617.514344787,2886,2313,True
10715,584865.2690588535,5789616.153154108,2886,2315,True
10716,584864.894531785,5789614.791963427,2885,2317,True
10717,584864.5200047165,5789613.430772748,2885,2319,True
10718,584864.145477648,5789612.069582067,2884,2321,True
10719,584863.7709505794,5789610.708391388,2884,2323,True
10720,584863.396423511,5789609.3472007075,2883,2324,True
10721,584863.0218964424,5789607.986010028,2883,2326,False
10722,584862.64980136,5789606.636311162,2882,2328,True
10723,584862.2777062777,5789605.286612296,2882,2330,True
10724,584861.9056111953,5789603.93691343,2881,2332,True
10725,584861.5335161128,5789602.587214564,2881,2334,True
10726,584861.1614210304,5789601.237515697,2880,2335,True
10727,584860.7893259481,5789599.8878168315,2880,2337,True
10728,584860.4172308657,5789598.538117966,2879,2339,True
10729,584860.0451357833,5789597.188419099,2879,2341,True
10730,584859.673040701,5789595.838720233,2878,2343,True
10731,584859.3009456185,5789594.489021367,2878,2345,True
10732,584858.9288505361,5789593.139322501,2877,2346,True
10733,584858.5567554537,5789591.789623635,2877,2348,True
10734,584858.1846603714,5789590.439924769,2876,2350,True
10735,584857.812565289,5789589.090225902,2876,2352,True
10736,584857.4404702066,5789587.740527037,2875,2354,True
10737,584857.0683751242,5789586.390828171,2875,2355,True
10738,584856.6962800418,5789585.041129304,2874,2357,True
10739,584856.3241849594,5789583.691430438,2874,2359,True
10740,584855.952089877,5789582.3417315725,2873,2361,True
10741,584855.5799947947,5789580.992032706,2873,2363,True
10742,584855.2078997123,5789579.64233384,2872,2365,True
10743,584854.8358046298,5789578.292634974,2872,2366,True
10744,584854.4637095474,5789576.9429361075,2871,2368,True
10745,584854.0916144651,5789575.593237242,2871,2370,True
10746,584853.7195193827,5789574.243538376,2870,2372,True
10747,584853.3474243003,5789572.893839509,2870,2374,True
10748,584852.975329218,5789571.544140643,2869,2376,True
10749,584852.6032341355,5789570.194441778,2869,2377,True
10750,584852.2311390531,5789568.844742911,2868,2379,True
10751,584851.8590439707,5789567.495044045,2868,2381,True
10752,584851.4869488884,5789566.145345179,2867,2383,True
10753,584851.114853806,5789564.795646313,2867,2385,True
10754,584850.7427587236,5789563.445947447,2866,2387,True
10755,584850.3706636413,5789562.096248581,2866,2388,True
10756,584849.9985685588,5789560.746549714,2865,2390,True
10757,584849.6264734764,5789559.396850849,2865,2392,True
10758,584849.254378394,5789558.047151982,2864,2394,True
10759,584848.8822833117,5789556.697453116,2864,2396,True
10760,584848.5101882293,5789555.34775425,2863,2398,True
10761,584848.1380931468,5789553.998055384,2863,2399,True
10762,584847.7659980645,5789552.648356518,2862,2401,True
10763,584847.3939029821,5789551.298657652,2862,2403,True
10764,584847.0218078997,5789549.948958785,2861,2405,True
10765,584846.6497128173,5789548.5992599195,2861,2407,True
10766,584846.277617735,5789547.249561054,2860,2409,True
10767,584845.9055226526,5789545.899862187,2860,2410,True
10768,584845.5334275701,5789544.550163321,2859,2412,True
10769,584845.1613324878,5789543.200464455,2859,2414,True
10770,584844.7892374054,5789541.850765589,2858,2416,True
10771,584844.417142323,5789540.501066723,2858,2418,True
10772,584844.0450472406,5789539.151367857,2857,2419,True
10773,584843.6729521583,5789537.80166899,2857,2421,True
10774,584843.3008570758,5789536.451970125,2856,2423,True
10775,584842.9287619934,5789535.102271259,2856,2425,True
10776,584842.556666911,5789533.752572392,2855,2427,True
10777,584842.1845718287,5789532.402873526,2855,2429,True
10778,584841.8124767463,5789531.053174661,2854,2430,True
10779,584841.4403816639,5789529.703475794,2854,2432,True
10780,584841.0682865815,5789528.353776928,2853,2434,True
10781,584840.6961914991,5789527.004078062,2853,2436,True
10782,584840.3240964167,5789525.6543791955,2852,2438,True
10783,584839.9520013343,5789524.30468033,2852,2440,True
10784,584839.579906252,5789522.954981464,2851,2441,True
10785,584839.2078111696,5789521.605282597,2851,2443,True
10786,584838.8357160871,5789520.255583731,2850,2445,True
10787,584838.4636210048,5789518.905884866,2850,2447,True
10788,584838.0915259224,5789517.556185999,2849,2449,True
10789,584837.71943084,5789516.206487133,2849,2451,True
10790,584837.3473357576,5789514.856788267,2848,2452,True
10791,584836.9752406753,5789513.507089401,2848,2454,True
10792,584836.6031455928,5789512.157390535,2847,2456,False
10793,584836.2304977408,5789510.778260866,2847,2458,True
10794,584835.8578498886,5789509.3991311975,2846,2460,True
10795,584835.4852020366,5789508.020001529,2846,2462,True
10796,584835.1125541845,5789506.640871861,2845,2464,True
10797,584834.7399063325,5789505.261742192,2845,2465,True
10798,584834.3672584803,5789503.882612524,2844,2467,True
10799,584833.9946106282,5789502.503482855,2844,2469,True
10800,584833.6219627762,5789501.124353186,2843,2471,True
10801,584833.249314924,5789499.7452235175,2843,2473,True
10802,584832.876667072,5789498.366093849,2842,2475,True
10803,584832.5040192199,5789496.986964181,2842,2477,True
10804,584832.1313713677,5789495.607834512,2841,2478,True
10805,584831.7587235157,5789494.228704844,2841,2480,True
10806,584831.3860756636,5789492.849575175,2840,2482,True
10807,584831.0134278116,5789491.470445506,2840,2484,True
10808,584830.6407799594,5789490.091315838,2839,2486,True
10809,584830.2681321073,5789488.712186169,2839,2488,True
10810,584829.8954842553,5789487.333056501,2838,2490,True
10811,584829.5228364031,5789485.953926832,2838,2492,True
10812,584829.150188551,5789484.574797164,2837,2493,True
10813,584828.777540699,5789483.195667495,2837,2495,True
10814,584828.4048928468,5789481.816537826,2836,2497,True
10815,584828.0322449948,5789480.437408158,2836,2499,True
10816,584827.6595971427,5789479.058278489,2835,2501,True
10817,584827.2869492907,5789477.679148821,2835,2503,True
10818,584826.9143014385,5789476.300019152,2834,2505,True
10819,584826.5416535864,5789474.920889484,2834,2506,True
10820,584826.1690057344,5789473.541759815,2833,2508,True
10821,584825.7963578822,5789472.162630146,2833,2510,True
10822,584825.4237100302,5789470.783500478,2832,2512,True
10823,584825.0510621781,5789469.404370809,2831,2514,True
10824,584824.678414326,5789468.025241141,2831,2516,True
10825,584824.3057664739,5789466.6461114725,2830,2518,True
10826,584823.9331186218,5789465.266981804,2830,2520,True
10827,584823.5604707698,5789463.887852135,2829,2521,True
10828,584823.1878229176,5789462.508722466,2829,2523,True
10829,584822.8151750655,5789461.129592798,2828,2525,True
10830,584822.4425272135,5789459.750463129,2828,2527,True
10831,584822.0698793613,5789458.37133346,2827,2529,True
10832,584821.6972315093,5789456.992203793,2827,2531,True
10833,584821.3245836572,5789455.613074124,2826,2533,True
10834,584820.9519358051,5789454.233944455,2826,2535,True
10835,584820.579287953,5789452.854814786,2825,2536,True
10836,584820.2066401009,5789451.475685118,2825,2538,True
10837,584819.8339922489,5789450.096555449,2824,2540,True
10838,584819.4613443967,5789448.71742578,2824,2542,True
10839,584819.0886965446,5789447.338296113,2823,2544,True
10840,584818.7160486926,5789445.959166444,2823,2546,True
10841,584818.3434008405,5789444.580036775,2822,2548,True
10842,584817.9707529884,5789443.2009071065,2822,2549,True
10843,584817.5981051363,5789441.821777438,2821,2551,True
10844,584817.2254572843,5789440.442647769,2821,2553,True
10845,584816.8528094321,5789439.0635181,2820,2555,True
10846,584816.48016158,5789437.684388433,2820,2557,True
10847,584816.107513728,5789436.305258764,2819,2559,True
10848,584815.7348658758,5789434.926129095,2819,2561,True
10849,584815.3622180237,5789433.546999427,2818,2563,True
10850,584814.9895701717,5789432.167869758,2818,2564,True
10851,584814.6169223196,5789430.788740089,2817,2566,True
10852,584814.2442744675,5789429.40961042,2817,2568,True
10853,584813.8716266154,5789428.030480753,2816,2570,True
10854,584813.4989787634,5789426.651351084,2816,2572,True
10855,584813.1263309112,5789425.272221415,2815,2574,True
10856,584812.7536830591,5789423.893091747,2815,2576,True
10857,584812.3810352071,5789422.513962078,2814,2577,True
10858,584812.0083873549,5789421.134832409,2814,2579,True
10859,584811.6357395028,5789419.7557027405,2813,2581,True
10860,584811.2630916508,5789418.376573073,2813,2583,True
10861,584810.8904437987,5789416.997443404,2812,2585,True
10862,584810.5177959466,5789415.618313735,2812,2587,True
10863,584810.1451480945,5789414.239184067,2811,2589,False
10864,584809.7804676573,5789412.896189985,2811,2591,True
10865,584809.4157872201,5789411.553195902,2810,2592,True
10866,584809.0511067829,5789410.21020182,2810,2594,True
10867,584808.6864263456,5789408.867207739,2809,2596,True
10868,584808.3217459085,5789407.524213656,2809,2598,True
10869,584807.9570654712,5789406.181219574,2808,2600,True
10870,584807.592385034,5789404.838225491,2808,2601,True
10871,584807.2277045968,5789403.49523141,2807,2603,True
10872,584806.8630241596,5789402.152237328,2807,2605,True
10873,584806.4983437223,5789400.809243245,2806,2607,True
10874,584806.1336632852,5789399.466249163,2806,2609,True
10875,584805.7689828479,5789398.1232550815,2805,2611,True
10876,584805.4043024107,5789396.780260999,2805,2612,True
10877,584805.0396219735,5789395.437266917,2804,2614,True
10878,584804.6749415363,5789394.094272835,2804,2616,True
10879,584804.310261099,5789392.751278752,2803,2618,True
10880,584803.9455806619,5789391.408284671,2803,2620,True
10881,584803.5809002246,5789390.065290588,2802,2621,True
10882,584803.2162197874,5789388.722296506,2802,2623,True
10883,584802.8515393501,5789387.379302424,2801,2625,True
10884,584802.486858913,5789386.036308342,2801,2627,True
10885,584802.1221784757,5789384.69331426,2800,2629,True
10886,584801.7574980385,5789383.350320178,2800,2631,True
10887,584801.3928176013,5789382.007326095,2799,2632,True
10888,584801.0281371641,5789380.664332014,2799,2634,True
10889,584800.6634567268,5789379.321337931,2798,2636,True
10890,584800.2987762897,5789377.978343849,2798,2638,True
10891,584799.9340958524,5789376.635349767,2797,2640,True
10892,584799.5694154152,5789375.292355685,2797,2641,True
10893,584799.204734978,5789373.949361603,2796,2643,True
10894,584798.8400545408,5789372.606367521,2796,2645,True
10895,584798.4753741035,5789371.263373438,2795,2647,True
10896,584798.1106936664,5789369.9203793565,2795,2649,True
10897,584797.7460132291,5789368.577385275,2795,2651,True
10898,584797.3813327919,5789367.234391192,2794,2652,True
10899,584797.0166523547,5789365.89139711,2794,2654,True
10900,584796.6519719175,5789364.5484030275,2793,2656,True
10901,584796.2872914802,5789363.205408946,2793,2658,True
10902,584795.9226110431,5789361.862414864,2792,2660,True
10903,584795.5579306058,5789360.519420781,2792,2661,True
10904,584795.1932501686,5789359.176426699,2791,2663,True
10905,584794.8285697314,5789357.833432618,2791,2665,True
10906,584794.4638892942,5789356.490438535,2790,2667,True
10907,584794.0992088569,5789355.147444453,2790,2669,True
10908,584793.7345284198,5789353.804450371,2789,2671,True
10909,584793.3698479825,5789352.461456289,2789,2672,True
10910,584793.0051675453,5789351.118462207,2788,2674,True
10911,584792.6404871081,5789349.775468124,2788,2676,True
10912,584792.2758066709,5789348.432474042,2787,2678,True
10913,584791.9111262336,5789347.0894799605,2787,2680,True
10914,584791.5464457965,5789345.746485878,2786,2681,True
10915,584791.1817653592,5789344.403491796,2786,2683,True
10916,584790.817084922,5789343.060497714,2785,2685,True
10917,584790.4524044847,5789341.7175036315,2785,2687,True
10918,584790.0877240476,5789340.37450955,2784,2689,True
10919,584789.7230436103,5789339.031515467,2784,2691,True
10920,584789.3583631731,5789337.688521385,2783,2692,True
10921,584788.993682736,5789336.345527303,2783,2694,True
10922,584788.6290022987,5789335.002533221,2782,2696,True
10923,584788.2643218614,5789333.659539139,2782,2698,True
10924,584787.8996414243,5789332.316545057,2781,2700,True
10925,584787.534960987,5789330.973550974,2781,2702,True
10926,584787.1702805498,5789329.630556893,2780,2703,True
10927,584786.8056001127,5789328.287562811,2780,2705,True
10928,584786.4409196754,5789326.944568728,2779,2707,True
10929,584786.0762392381,5789325.601574646,2779,2709,True
10930,584785.711558801,5789324.258580564,2778,2711,True
10931,584785.3468783638,5789322.915586482,2778,2712,True
10932,584784.9821979265,5789321.5725924,2777,2714,True
10933,584784.6175174894,5789320.229598317,2777,2716,True
10934,584784.2528370521,5789318.8866042355,2776,2718,False
10935,584783.8845548783,5789317.519045533,2776,2720,True
10936,584783.5162727046,5789316.15148683,2775,2722,True
10937,584783.1479905308,5789314.783928127,2775,2723,True
10938,584782.7797083571,5789313.416369424,2774,2725,True
10939,584782.4114261833,5789312.048810721,2774,2727,True
10940,584782.0431440095,5789310.681252019,2773,2729,True
10941,584781.6748618358,5789309.313693316,2773,2731,True
10942,584781.306579662,5789307.946134612,2772,2733,True
10943,584780.9382974883,5789306.578575909,2772,2735,True
10944,584780.5700153145,5789305.211017206,2771,2736,True
10945,584780.2017331407,5789303.8434585035,2771,2738,True
10946,584779.8334509669,5789302.475899801,2770,2740,True
10947,584779.4651687931,5789301.108341098,2770,2742,True
10948,584779.0968866193,5789299.740782395,2769,2744,True
10949,584778.7286044456,5789298.373223692,2769,2746,True
10950,584778.3603222718,5789297.005664989,2768,2748,True
10951,584777.9920400981,5789295.6381062865,2768,2749,True
10952,584777.6237579243,5789294.270547584,2767,2751,True
10953,584777.2554757505,5789292.902988881,2767,2753,True
10954,584776.8871935768,5789291.535430178,2766,2755,True
10955,584776.518911403,5789290.167871475,2766,2757,True
10956,584776.1506292293,5789288.800312771,2765,2759,True
10957,584775.7823470555,5789287.432754069,2765,2760,True
10958,584775.4140648817,5789286.065195366,2764,2762,True
10959,584775.045782708,5789284.697636663,2764,2764,True
10960,584774.6775005342,5789283.33007796,2763,2766,True
10961,584774.3092183605,5789281.962519257,2763,2768,True
10962,584773.9409361867,5789280.5949605545,2762,2770,True
10963,584773.5726540129,5789279.227401852,2762,2772,True
10964,584773.2043718392,5789277.859843149,2761,2773,True
10965,584772.8360896654,5789276.492284446,2761,2775,True
10966,584772.4678074917,5789275.124725743,2760,2777,True
10967,584772.0995253179,5789273.75716704,2760,2779,True
10968,584771.7312431441,5789272.389608338,2759,2781,True
10969,584771.3629609704,5789271.022049635,2759,2783,True
10970,584770.9946787965,5789269.654490931,2758,2785,True
10971,584770.6263966227,5789268.286932228,2758,2786,True
10972,584770.258114449,5789266.919373525,2757,2788,True
10973,584769.8898322752,5789265.5518148225,2757,2790,True
10974,584769.5215501015,5789264.18425612,2756,2792,True
10975,584769.1532679277,5789262.816697417,2756,2794,True
10976,584768.7849857539,5789261.449138714,2755,2796,True
10977,584768.4167035802,5789260.081580011,2755,2798,True
10978,584768.0484214064,5789258.714021308,2754,2799,True
10979,584767.6801392327,5789257.3464626055,2754,2801,True
10980,584767.3118570589,5789255.978903903,2753,2803,True
10981,584766.9435748851,5789254.6113452,2753,2805,True
10982,584766.5752927114,5789253.243786497,2752,2807,True
10983,584766.2070105376,5789251.876227794,2752,2809,True
10984,584765.8387283639,5789250.50866909,2751,2811,True
10985,584765.4704461901,5789249.141110388,2751,2812,True
10986,584765.1021640163,5789247.773551685,2750,2814,True
10987,584764.7338818426,5789246.405992982,2750,2816,True
10988,584764.3655996688,5789245.038434279,2749,2818,True
10989,584763.997317495,5789243.670875576,2749,2820,True
10990,584763.6290353213,5789242.3033168735,2748,2822,True
10991,584763.2607531475,5789240.935758171,2748,2823,True
10992,584762.8924709738,5789239.568199468,2747,2825,True
10993,584762.5241888,5789238.200640765,2747,2827,True
10994,584762.1559066261,5789236.833082062,2746,2829,True
10995,584761.7876244524,5789235.465523359,2746,2831,True
10996,584761.4193422786,5789234.097964657,2745,2833,True
10997,584761.0510601049,5789232.730405954,2745,2835,True
10998,584760.6827779311,5789231.36284725,2744,2836,True
10999,584760.3144957573,5789229.995288547,2744,2838,True
11000,584759.9462135836,5789228.627729844,2743,2840,True
11001,584759.5779314098,5789227.2601711415,2743,2842,True
11002,584759.209649236,5789225.892612439,2742,2844,True
11003,584758.8413670623,5789224.525053736,2742,2846,True
11004,584758.4730848885,5789223.157495033,2741,2848,True
11005,584758.1048027148,5789221.78993633,2741,2849,False
11006,584757.7433654446,5789220.414923825,2740,2851,True
11007,584757.3819281745,5789219.03991132,2740,2853,True
11008,584757.0204909043,5789217.664898816,2739,2855,True
11009,584756.6590536342,5789216.289886312,2739,2857,True
11010,584756.2976163641,5789214.914873807,2738,2859,True
11011,584755.9361790939,5789213.539861302,2738,2861,True
11012,584755.5747418237,5789212.164848797,2737,2862,True
11013,584755.2133045536,5789210.789836292,2737,2864,True
11014,584754.8518672835,5789209.414823787,2736,2866,True
11015,584754.4904300134,5789208.039811282,2736,2868,True
11016,584754.1289927432,5789206.6647987785,2735,2870,True
11017,584753.767555473,5789205.289786274,2735,2872,True
11018,584753.406118203,5789203.914773769,2734,2874,True
11019,584753.0446809328,5789202.539761264,2734,2875,True
11020,584752.6832436626,5789201.164748759,2733,2877,True
11021,584752.3218063925,5789199.789736254,2733,2879,True
11022,584751.9603691223,5789198.414723749,2732,2881,True
11023,584751.5989318521,5789197.039711245,2732,2883,True
11024,584751.2374945821,5789195.6646987405,2732,2885,True
11025,584750.8760573119,5789194.289686236,2731,2887,True
11026,584750.5146200417,5789192.914673731,2731,2889,True
11027,584750.1531827716,5789191.539661226,2730,2890,True
11028,584749.7917455015,5789190.164648721,2730,2892,True
11029,584749.4303082313,5789188.789636216,2729,2894,True
11030,584749.0688709612,5789187.414623712,2729,2896,True
11031,584748.707433691,5789186.039611207,2728,2898,True
11032,584748.345996421,5789184.664598702,2728,2900,True
11033,584747.9845591508,5789183.289586198,2727,2902,True
11034,584747.6231218806,5789181.914573693,2727,2903,True
11035,584747.2616846105,5789180.539561188,2726,2905,True
11036,584746.9002473403,5789179.164548683,2726,2907,True
11037,584746.5388100701,5789177.789536179,2725,2909,True
11038,584746.1773728001,5789176.414523674,2725,2911,True
11039,584745.8159355299,5789175.039511169,2724,2913,True
11040,584745.4544982597,5789173.664498664,2724,2915,True
11041,584745.0930609896,5789172.28948616,2723,2916,True
11042,584744.7316237194,5789170.914473655,2723,2918,True
11043,584744.3701864493,5789169.53946115,2722,2920,True
11044,584744.0087491792,5789168.164448645,2722,2922,True
11045,584743.647311909,5789166.789436141,2721,2924,True
11046,584743.2858746388,5789165.414423636,2721,2926,True
11047,584742.9244373688,5789164.039411131,2720,2928,True
11048,584742.5630000986,5789162.664398626,2720,2930,True
11049,584742.2015628284,5789161.289386122,2719,2931,True
11050,584741.8401255583,5789159.914373617,2719,2933,True
11051,584741.4786882881,5789158.539361112,2718,2935,True
11052,584741.1172510181,5789157.164348608,2718,2937,True
11053,584740.7558137479,5789155.789336103,2717,2939,True
11054,584740.3943764777,5789154.414323598,2717,2941,True
11055,584740.0329392076,5789153.039311093,2716,2943,True
11056,584739.6715019374,5789151.664298588,2716,2944,True
11057,584739.3100646673,5789150.289286084,2715,2946,True
11058,584738.9486273972,5789148.914273579,2715,2948,True
11059,584738.587190127,5789147.539261075,2714,2950,True
11060,584738.2257528568,5789146.16424857,2714,2952,True
11061,584737.8643155867,5789144.789236065,2713,2954,True
11062,584737.5028783166,5789143.41422356,2713,2956,True
11063,584737.1414410464,5789142.039211055,2712,2957,True
11064,584736.7800037763,5789140.66419855,2712,2959,True
11065,584736.4185665061,5789139.2891860455,2711,2961,True
11066,584736.0571292359,5789137.914173542,2711,2963,True
11067,584735.6956919659,5789136.539161037,2710,2965,True
11068,584735.3342546957,5789135.164148532,2710,2967,True
11069,584734.9728174256,5789133.789136027,2709,2969,True
11070,584734.6113801554,5789132.414123522,2709,2970,True
11071,584734.2499428852,5789131.039111017,2708,2972,True
11072,584733.8885056152,5789129.664098512,2708,2974,True
11073,584733.527068345,5789128.289086008,2708,2976,True
11074,584733.1656310748,5789126.914073504,2707,2978,True
11075,584732.8041938047,5789125.539060999,2707,2980,True
11076,584732.4427565346,5789124.164048494,2706,2982,False
11077,584732.0793951359,5789122.825611267,2706,2983,True
11078,584731.7160337371,5789121.487174041,2705,2985,True
11079,584731.3526723384,5789120.148736813,2705,2987,True
11080,584730.9893109397,5789118.8102995865,2704,2989,True
11081,584730.6259495409,5789117.47186236,2704,2991,True
11082,584730.2625881422,5789116.133425133,2703,2993,True
11083,584729.8992267435,5789114.794987907,2703,2994,True
11084,584729.5358653448,5789113.456550679,2702,2996,True
11085,584729.172503946,5789112.118113453,2702,2998,True
11086,584728.8091425473,5789110.779676226,2701,3000,True
11087,584728.4457811486,5789109.441238999,2701,3002,True
11088,584728.0824197498,5789108.102801773,2700,3003,True
11089,584727.7190583511,5789106.764364545,2700,3005,True
11090,584727.3556969524,5789105.425927319,2699,3007,True
11091,584726.9923355536,5789104.087490092,2699,3009,True
11092,584726.6289741549,5789102.749052865,2698,3011,True
11093,584726.2656127563,5789101.410615639,2698,3012,True
11094,584725.9022513574,5789100.072178411,2697,3014,True
11095,584725.5388899588,5789098.733741185,2697,3016,True
11096,584725.1755285601,5789097.395303958,2696,3018,True
11097,584724.8121671613,5789096.0568667315,2696,3020,True
11098,584724.4488057626,5789094.718429505,2695,3022,True
11099,584724.0854443639,5789093.379992277,2695,3023,True
11100,584723.7220829652,5789092.041555051,2694,3025,True
11101,584723.3587215664,5789090.703117824,2694,3027,True
11102,584722.9953601677,5789089.364680598,2693,3029,True
11103,584722.631998769,5789088.026243371,2693,3031,True
11104,584722.2686373702,5789086.687806143,2692,3032,True
11105,584721.9052759715,5789085.349368917,2692,3034,True
11106,584721.5419145728,5789084.01093169,2691,3036,True
11107,584721.178553174,5789082.672494464,2691,3038,True
11108,584720.8151917753,5789081.334057237,2690,3040,True
11109,584720.4518303766,5789079.9956200095,2690,3042,True
11110,584720.0884689778,5789078.657182783,2689,3043,True
11111,584719.7251075791,5789077.318745556,2689,3045,True
11112,584719.3617461805,5789075.98030833,2688,3047,True
11113,584718.9983847818,5789074.641871103,2688,3049,True
11114,584718.635023383,5789073.3034338765,2687,3051,True
11115,584718.2716619843,5789071.964996649,2687,3052,True
11116,584717.9083005856,5789070.626559422,2686,3054,True
11117,584717.5449391868,5789069.288122196,2686,3056,True
11118,584717.1815777881,5789067.949684969,2685,3058,True
11119,584716.8182163894,5789066.611247743,2685,3060,True
11120,584716.4548549906,5789065.272810515,2684,3061,True
11121,584716.0914935919,5789063.934373288,2684,3063,True
11122,584715.7281321932,5789062.595936062,2683,3065,True
11123,584715.3647707944,5789061.257498835,2683,3067,True
11124,584715.0014093957,5789059.919061609,2682,3069,True
11125,584714.638047997,5789058.580624381,2682,3071,True
11126,584714.2746865983,5789057.2421871545,2681,3072,True
11127,584713.9113251995,5789055.903749928,2681,3074,True
11128,584713.5479638008,5789054.565312701,2680,3076,True
11129,584713.1846024022,5789053.226875475,2680,3078,True
11130,584712.8212410033,5789051.888438247,2679,3080,True
11131,584712.4578796047,5789050.550001021,2679,3081,True
11132,584712.094518206,5789049.211563794,2678,3083,True
11133,584711.7311568072,5789047.873126567,2678,3085,True
11134,584711.3677954085,5789046.534689341,2677,3087,True
11135,584711.0044340098,5789045.196252113,2677,3089,True
11136,584710.641072611,5789043.857814887,2677,3090,True
11137,584710.2777112123,5789042.51937766,2676,3092,True
11138,584709.9143498136,5789041.180940433,2676,3094,True
11139,584709.5509884148,5789039.842503207,2675,3096,True
11140,584709.1876270161,5789038.504065979,2675,3098,True
11141,584708.8242656174,5789037.165628753,2674,3100,True
11142,584708.4609042187,5789035.827191526,2674,3101,True
11143,584708.0975428199,5789034.4887542995,2673,3103,True
11144,584707.7341814212,5789033.150317073,2673,3105,True
11145,584707.3708200225,5789031.811879845,2672,3107,True
11146,584707.0074586237,5789030.473442619,2672,3109,True
11147,584706.644097225,5789029.135005392,2671,3110,False
11148,584706.2766587951,5789027.759155176,2671,3112,True
11149,584705.909220365,5789026.383304959,2670,3114,True
11150,584705.541781935,5789025.007454743,2670,3116,True
11151,584705.1743435051,5789023.631604526,2669,3118,True
11152,584704.806905075,5789022.255754311,2669,3120,True
11153,584704.439466645,5789020.879904094,2668,3122,True
11154,584704.0720282149,5789019.504053878,2668,3123,True
11155,584703.704589785,5789018.128203661,2667,3125,True
11156,584703.337151355,5789016.752353445,2667,3127,True
11157,584702.9697129249,5789015.376503228,2666,3129,True
11158,584702.602274495,5789014.000653012,2666,3131,True
11159,584702.234836065,5789012.624802795,2665,3133,True
11160,584701.8673976349,5789011.248952579,2665,3135,True
11161,584701.4999592049,5789009.873102363,2664,3137,True
11162,584701.132520775,5789008.497252147,2664,3138,True
11163,584700.7650823449,5789007.12140193,2663,3140,True
11164,584700.3976439149,5789005.745551714,2663,3142,True
11165,584700.0302054848,5789004.369701497,2662,3144,True
11166,584699.6627670549,5789002.993851281,2662,3146,True
11167,584699.2953286249,5789001.618001064,2661,3148,True
11168,584698.9278901948,5789000.242150848,2661,3150,True
11169,584698.5604517648,5788998.866300631,2660,3151,True
11170,584698.1930133349,5788997.490450416,2660,3153,True
11171,584697.8255749048,5788996.114600199,2659,3155,True
11172,584697.4581364748,5788994.738749983,2659,3157,True
11173,584697.0906980447,5788993.362899766,2658,3159,True
11174,584696.7232596148,5788991.98704955,2658,3161,True
11175,584696.3558211848,5788990.611199333,2657,3163,True
11176,584695.9883827547,5788989.235349117,2657,3164,True
11177,584695.6209443248,5788987.8594989,2656,3166,True
11178,584695.2535058948,5788986.483648684,2656,3168,True
11179,584694.8860674647,5788985.107798468,2655,3170,True
11180,584694.5186290347,5788983.731948252,2655,3172,True
11181,584694.1511906048,5788982.356098035,2654,3174,True
11182,584693.7837521747,5788980.980247819,2654,3176,True
11183,584693.4163137447,5788979.604397602,2653,3178,True
11184,584693.0488753146,5788978.228547386,2653,3179,True
11185,584692.6814368847,5788976.852697169,2652,3181,True
11186,584692.3139984547,5788975.476846953,2652,3183,True
11187,584691.9465600246,5788974.100996737,2651,3185,True
11188,584691.5791215947,5788972.725146521,2651,3187,True
11189,584691.2116831647,5788971.349296304,2650,3189,True
11190,584690.8442447346,5788969.973446088,2650,3191,True
11191,584690.4768063047,5788968.597595871,2649,3192,True
11192,584690.1093678747,5788967.221745655,2649,3194,True
11193,584689.7419294446,5788965.845895438,2648,3196,True
11194,584689.3744910146,5788964.470045222,2648,3198,True
11195,584689.0070525846,5788963.0941950055,2647,3200,True
11196,584688.6396141546,5788961.71834479,2647,3202,True
11197,584688.2721757246,5788960.342494573,2646,3204,True
11198,584687.9047372945,5788958.966644357,2646,3205,True
11199,584687.5372988646,5788957.5907941405,2645,3207,True
11200,584687.1698604346,5788956.214943924,2645,3209,True
11201,584686.8024220045,5788954.8390937075,2644,3211,True
11202,584686.4349835746,5788953.463243491,2644,3213,True
11203,584686.0675451445,5788952.0873932745,2643,3215,True
11204,584685.7001067145,5788950.711543058,2643,3217,True
11205,584685.3326682845,5788949.3356928425,2642,3219,True
11206,584684.9652298545,5788947.959842626,2642,3220,True
11207,584684.5977914245,5788946.5839924095,2641,3222,True
11208,584684.2303529945,5788945.208142193,2641,3224,True
11209,584683.8629145644,5788943.832291977,2640,3226,True
11210,584683.4954761345,5788942.45644176,2640,3228,True
11211,584683.1280377045,5788941.080591544,2639,3230,True
11212,584682.7605992744,5788939.704741327,2639,3232,True
11213,584682.3931608445,5788938.328891111,2638,3233,True
11214,584682.0257224144,5788936.953040895,2638,3235,True
11215,584681.6582839844,5788935.577190679,2637,3237,True
11216,584681.2908455544,5788934.201340462,2637,3239,True
11217,584680.9234071244,5788932.825490246,2636,3241,True
11218,584680.5559686944,5788931.449640029,2636,3243,False
11219,584680.1893481154,5788930.10627707,2635,3245,True
11220,584679.8227275363,5788928.762914111,2635,3246,True
11221,584679.4561069574,5788927.419551152,2634,3248,True
11222,584679.0894863784,5788926.076188193,2634,3250,True
11223,584678.7228657993,5788924.732825234,2633,3252,True
11224,584678.3562452203,5788923.3894622745,2633,3254,True
11225,584677.9896246413,5788922.046099315,2632,3255,True
11226,584677.6230040623,5788920.702736357,2632,3257,True
11227,584677.2563834833,5788919.359373398,2631,3259,True
11228,584676.8897629043,5788918.016010439,2631,3261,True
11229,584676.5231423252,5788916.67264748,2630,3263,True
11230,584676.1565217463,5788915.329284521,2630,3265,True
11231,584675.7899011673,5788913.985921562,2629,3266,True
11232,584675.4232805882,5788912.642558603,2629,3268,True
11233,584675.0566600092,5788911.2991956435,2628,3270,True
11234,584674.6900394302,5788909.955832684,2628,3272,True
11235,584674.3234188512,5788908.612469725,2627,3274,True
11236,584673.9567982722,5788907.269106766,2627,3276,True
11237,584673.5901776932,5788905.925743807,2626,3277,True
11238,584673.2235571141,5788904.582380848,2626,3279,True
11239,584672.8569365351,5788903.239017889,2625,3281,True
11240,584672.4903159562,5788901.895654931,2625,3283,True
11241,584672.1236953771,5788900.552291972,2624,3285,True
11242,584671.7570747981,5788899.2089290125,2624,3286,True
11243,584671.3904542191,5788897.865566053,2623,3288,True
11244,584671.02383364,5788896.522203094,2623,3290,True
11245,584670.6572130611,5788895.178840135,2622,3292,True
11246,584670.2905924821,5788893.835477176,2622,3294,True
11247,584669.923971903,5788892.492114217,2621,3296,True
11248,584669.557351324,5788891.148751258,2621,3297,True
11249,584669.1907307451,5788889.805388299,2620,3299,True
11250,584668.824110166,5788888.46202534,2620,3301,True
11251,584668.457489587,5788887.118662381,2619,3303,True
11252,584668.090869008,5788885.7752994215,2619,3305,True
11253,584667.724248429,5788884.431936462,2618,3306,True
11254,584667.35762785,5788883.088573504,2618,3308,True
11255,584666.991007271,5788881.745210545,2617,3310,True
11256,584666.624386692,5788880.401847586,2617,3312,True
11257,584666.2577661129,5788879.058484627,2616,3314,True
11258,584665.8911455339,5788877.715121668,2616,3316,True
11259,584665.524524955,5788876.371758709,2615,3317,True
11260,584665.1579043759,5788875.02839575,2615,3319,True
11261,584664.7912837969,5788873.6850327905,2614,3321,True
11262,584664.4246632179,5788872.341669831,2614,3323,True
11263,584664.0580426389,5788870.998306872,2613,3325,True
11264,584663.6914220599,5788869.654943913,2613,3326,True
11265,584663.3248014809,5788868.311580954,2612,3328,True
11266,584662.9581809018,5788866.968217995,2612,3330,True
11267,584662.5915603228,5788865.624855036,2611,3332,True
11268,584662.2249397439,5788864.281492078,2611,3334,True
11269,584661.8583191648,5788862.938129119,2610,3336,True
11270,584661.4916985858,5788861.59476616,2610,3337,True
11271,584661.1250780068,5788860.2514032,2609,3339,True
11272,584660.7584574277,5788858.908040241,2609,3341,True
11273,584660.3918368488,5788857.564677282,2608,3343,True
11274,584660.0252162698,5788856.221314323,2608,3345,True
11275,584659.6585956907,5788854.877951364,2607,3346,True
11276,584659.2919751117,5788853.534588405,2607,3348,True
11277,584658.9253545327,5788852.191225446,2606,3350,True
11278,584658.5587339537,5788850.847862487,2606,3352,True
11279,584658.1921133747,5788849.504499528,2605,3354,True
11280,584657.8254927957,5788848.1611365685,2605,3356,True
11281,584657.4588722166,5788846.817773609,2604,3357,True
11282,584657.0922516377,5788845.474410651,2604,3359,True
11283,584656.7256310587,5788844.131047692,2603,3361,True
11284,584656.3590104796,5788842.787684733,2603,3363,True
11285,584655.9923899006,5788841.444321774,2602,3365,True
11286,584655.6257693216,5788840.100958815,2602,3366,True
11287,584655.2591487427,5788838.757595856,2601,3368,True
11288,584654.8925281636,5788837.414232897,2601,3370,True
11289,584654.5259075846,5788836.070869938,2600,3372,False
11290,584654.1516719878,5788834.692253426,2600,3374,True
11291,584653.777436391,5788833.313636914,2599,3376,True
11292,584653.4032007942,5788831.935020402,2599,3378,True
11293,584653.0289651975,5788830.55640389,2598,3379,True
11294,584652.6547296008,5788829.177787378,2598,3381,True
11295,584652.2804940039,5788827.799170867,2597,3383,True
11296,584651.9062584072,5788826.420554355,2597,3385,True
11297,584651.5320228104,5788825.041937843,2596,3387,True
11298,584651.1577872136,5788823.663321332,2596,3389,True
11299,584650.7835516168,5788822.28470482,2595,3391,True
11300,584650.4093160201,5788820.906088308,2595,3392,True
11301,584650.0350804233,5788819.527471797,2594,3394,True
11302,584649.6608448265,5788818.148855285,2594,3396,True
11303,584649.2866092297,5788816.770238773,2593,3398,True
11304,584648.912373633,5788815.391622261,2593,3400,True
11305,584648.5381380362,5788814.013005749,2592,3402,True
11306,584648.1639024394,5788812.6343892375,2592,3404,True
11307,584647.7896668427,5788811.255772726,2591,3406,True
11308,584647.4154312459,5788809.877156214,2591,3407,True
11309,584647.0411956491,5788808.498539702,2590,3409,True
11310,584646.6669600523,5788807.11992319,2590,3411,True
11311,584646.2927244556,5788805.741306678,2589,3413,True
11312,584645.9184888588,5788804.362690167,2589,3415,True
11313,584645.544253262,5788802.984073655,2588,3417,True
11314,584645.1700176653,5788801.605457143,2588,3419,True
11315,584644.7957820685,5788800.226840631,2587,3421,True
11316,584644.4215464717,5788798.84822412,2587,3422,True
11317,584644.0473108749,5788797.469607608,2586,3424,True
11318,584643.6730752782,5788796.090991097,2586,3426,True
11319,584643.2988396814,5788794.712374585,2585,3428,True
11320,584642.9246040846,5788793.333758073,2585,3430,True
11321,584642.5503684878,5788791.955141561,2584,3432,True
11322,584642.1761328911,5788790.576525049,2584,3434,True
11323,584641.8018972942,5788789.197908537,2583,3435,True
11324,584641.4276616975,5788787.819292026,2583,3437,True
11325,584641.0534261008,5788786.440675514,2582,3439,True
11326,584640.679190504,5788785.062059002,2582,3441,True
11327,584640.3049549072,5788783.68344249,2581,3443,True
11328,584639.9307193104,5788782.304825978,2581,3445,True
11329,584639.5564837137,5788780.9262094665,2580,3447,True
11330,584639.1822481168,5788779.547592955,2580,3449,True
11331,584638.8080125201,5788778.168976443,2579,3450,True
11332,584638.4337769233,5788776.790359931,2579,3452,True
11333,584638.0595413266,5788775.411743419,2578,3454,True
11334,584637.6853057297,5788774.033126908,2578,3456,True
11335,584637.311070133,5788772.6545103965,2577,3458,True
11336,584636.9368345363,5788771.275893885,2577,3460,True
11337,584636.5625989394,5788769.897277373,2576,3462,True
11338,584636.1883633427,5788768.518660861,2576,3463,True
11339,584635.8141277459,5788767.140044349,2575,3465,True
11340,584635.4398921492,5788765.761427837,2575,3467,True
11341,584635.0656565523,5788764.382811326,2574,3469,True
11342,584634.6914209556,5788763.004194814,2574,3471,True
11343,584634.3171853588,5788761.625578302,2573,3473,True
11344,584633.9429497621,5788760.24696179,2573,3475,True
11345,584633.5687141652,5788758.868345278,2572,3477,True
11346,584633.1944785685,5788757.4897287665,2572,3478,True
11347,584632.8202429718,5788756.111112255,2571,3480,True
11348,584632.4460073749,5788754.732495743,2571,3482,True
11349,584632.0717717782,5788753.353879231,2570,3484,True
11350,584631.6975361814,5788751.975262719,2570,3486,True
11351,584631.3233005847,5788750.596646207,2569,3488,True
11352,584630.9490649878,5788749.2180296965,2569,3490,True
11353,584630.5748293911,5788747.839413185,2568,3491,True
11354,584630.2005937943,5788746.460796673,2568,3493,True
11355,584629.8263581975,5788745.082180161,2567,3495,True
11356,584629.4521226007,5788743.703563649,2567,3497,True
11357,584629.077887004,5788742.324947137,2566,3499,True
11358,584628.7036514073,5788740.946330626,2566,3501,True
11359,584628.3294158104,5788739.567714114,2565,3503,True
11360,584627.9551802137,5788738.189097602,2564,3505,False
11361,584627.5983476551,5788736.832500986,2564,3506,True
11362,584627.2415150967,5788735.47590437,2564,3508,True
11363,584626.8846825382,5788734.119307755,2563,3510,True
11364,584626.5278499797,5788732.762711138,2563,3512,True
11365,584626.1710174212,5788731.406114522,2562,3514,True
11366,584625.8141848628,5788730.049517906,2562,3516,True
11367,584625.4573523042,5788728.69292129,2561,3517,True
11368,584625.1005197457,5788727.336324675,2561,3519,True
11369,584624.7436871872,5788725.979728059,2560,3521,True
11370,584624.3868546288,5788724.623131443,2560,3523,True
11371,584624.0300220703,5788723.266534827,2559,3525,True
11372,584623.6731895118,5788721.909938212,2559,3527,True
11373,584623.3163569532,5788720.553341595,2558,3528,True
11374,584622.9595243948,5788719.196744979,2558,3530,True
11375,584622.6026918363,5788717.840148363,2557,3532,True
11376,584622.2458592778,5788716.483551747,2557,3534,True
11377,584621.8890267193,5788715.126955132,2556,3536,True
11378,584621.5321941609,5788713.770358516,2556,3538,True
11379,584621.1753616023,5788712.4137619,2555,3539,True
11380,584620.8185290438,5788711.057165284,2555,3541,True
11381,584620.4616964853,5788709.700568668,2554,3543,True
11382,584620.1048639269,5788708.343972052,2554,3545,True
11383,584619.7480313684,5788706.987375436,2553,3547,True
11384,584619.3911988098,5788705.63077882,2553,3549,True
11385,584619.0343662513,5788704.274182204,2552,3551,True
11386,584618.6775336929,5788702.917585588,2552,3552,True
11387,584618.3207011344,5788701.560988973,2551,3554,True
11388,584617.9638685759,5788700.204392357,2551,3556,True
11389,584617.6070360173,5788698.847795741,2550,3558,True
11390,584617.2502034589,5788697.491199125,2550,3560,True
11391,584616.8933709004,5788696.134602509,2550,3562,True
11392,584616.5365383419,5788694.778005893,2549,3563,True
11393,584616.1797057834,5788693.421409277,2549,3565,True
11394,584615.822873225,5788692.064812661,2548,3567,True
11395,584615.4660406664,5788690.708216045,2548,3569,True
11396,584615.1092081079,5788689.35161943,2547,3571,True
11397,584614.7523755494,5788687.995022814,2547,3573,True
11398,584614.395542991,5788686.638426198,2546,3574,True
11399,584614.0387104325,5788685.281829582,2546,3576,True
11400,584613.681877874,5788683.9252329655,2545,3578,True
11401,584613.3250453154,5788682.56863635,2545,3580,True
11402,584612.968212757,5788681.212039734,2544,3582,True
11403,584612.6113801985,5788679.855443118,2544,3584,True
11404,584612.25454764,5788678.498846502,2543,3585,True
11405,584611.8977150815,5788677.142249887,2543,3587,True
11406,584611.540882523,5788675.785653271,2542,3589,True
11407,584611.1840499645,5788674.429056655,2542,3591,True
11408,584610.827217406,5788673.072460039,2541,3593,True
11409,584610.4703848475,5788671.7158634225,2541,3595,True
11410,584610.1135522891,5788670.359266807,2540,3596,True
11411,584609.7567197306,5788669.002670191,2540,3598,True
11412,584609.399887172,5788667.646073575,2539,3600,True
11413,584609.0430546135,5788666.289476959,2539,3602,True
11414,584608.6862220551,5788664.932880343,2538,3604,True
11415,584608.3293894966,5788663.576283728,2538,3606,True
11416,584607.9725569381,5788662.219687112,2537,3607,True
11417,584607.6157243795,5788660.863090496,2537,3609,True
11418,584607.2588918211,5788659.5064938795,2536,3611,True
11419,584606.9020592626,5788658.149897263,2536,3613,True
11420,584606.5452267041,5788656.793300648,2535,3615,True
11421,584606.1883941456,5788655.436704032,2535,3617,True
11422,584605.8315615872,5788654.080107416,2535,3619,True
11423,584605.4747290286,5788652.7235108,2534,3620,True
11424,584605.1178964701,5788651.366914185,2534,3622,True
11425,584604.7610639116,5788650.010317569,2533,3624,True
11426,584604.4042313532,5788648.653720953,2533,3626,True
11427,584604.0473987947,5788647.2971243365,2532,3628,True
11428,584603.6905662362,5788645.94052772,2532,3630,True
11429,584603.3337336776,5788644.583931105,2531,3631,True
11430,584602.9769011192,5788643.227334489,2531,3633,True
11431,584602.6200685607,5788641.870737873,2530,3635,False
11432,584602.2399486945,5788640.504692106,2530,3637,True
11433,584601.8598288283,5788639.138646339,2529,3639,True
11434,584601.479708962,5788637.772600572,2529,3641,True
11435,584601.0995890958,5788636.406554804,2528,3642,True
11436,584600.7194692296,5788635.040509037,2528,3644,True
11437,584600.3393493632,5788633.67446327,2527,3646,True
11438,584599.959229497,5788632.308417503,2527,3648,True
11439,584599.5791096308,5788630.942371735,2526,3650,True
11440,584599.1989897646,5788629.576325969,2526,3652,True
11441,584598.8188698983,5788628.210280201,2525,3654,True
11442,584598.4387500321,5788626.844234434,2525,3655,True
11443,584598.0586301659,5788625.4781886665,2524,3657,True
11444,584597.6785102997,5788624.1121429,2523,3659,True
11445,584597.2983904334,5788622.746097133,2523,3661,True
11446,584596.9182705672,5788621.380051365,2522,3663,True
11447,584596.538150701,5788620.014005599,2522,3665,True
11448,584596.1580308347,5788618.647959831,2521,3667,True
11449,584595.7779109684,5788617.281914064,2521,3668,True
11450,584595.3977911022,5788615.915868296,2520,3670,True
11451,584595.017671236,5788614.54982253,2520,3672,True
11452,584594.6375513697,5788613.183776762,2519,3674,True
11453,584594.2574315035,5788611.817730995,2519,3676,True
11454,584593.8773116373,5788610.451685227,2518,3678,True
11455,584593.497191771,5788609.085639461,2518,3679,True
11456,584593.1170719048,5788607.7195936935,2517,3681,True
11457,584592.7369520386,5788606.353547926,2517,3683,True
11458,584592.3568321724,5788604.98750216,2516,3685,True
11459,584591.9767123061,5788603.621456392,2516,3687,True
11460,584591.5965924399,5788602.255410625,2515,3689,True
11461,584591.2164725736,5788600.889364857,2515,3691,True
11462,584590.8363527074,5788599.523319091,2514,3692,True
11463,584590.4562328411,5788598.157273323,2514,3694,True
11464,584590.0761129749,5788596.791227556,2513,3696,True
11465,584589.6959931087,5788595.425181789,2513,3698,True
11466,584589.3158732424,5788594.059136022,2512,3700,True
11467,584588.9357533762,5788592.693090254,2512,3702,True
11468,584588.55563351,5788591.327044487,2511,3704,True
11469,584588.1755136438,5788589.9609987205,2511,3705,True
11470,584587.7953937775,5788588.594952953,2510,3707,True
11471,584587.4152739113,5788587.228907186,2510,3709,True
11472,584587.0351540451,5788585.862861419,2509,3711,True
11473,584586.6550341788,5788584.496815652,2509,3713,True
11474,584586.2749143125,5788583.130769884,2508,3715,True
11475,584585.8947944463,5788581.764724117,2508,3716,True
11476,584585.5146745801,5788580.39867835,2507,3718,True
11477,584585.1345547138,5788579.032632583,2506,3720,True
11478,584584.7544348476,5788577.666586815,2506,3722,True
11479,584584.3743149814,5788576.300541049,2505,3724,True
11480,584583.9941951152,5788574.934495281,2505,3726,True
11481,584583.614075249,5788573.568449514,2504,3728,True
11482,584583.2339553827,5788572.202403747,2504,3729,True
11483,584582.8538355165,5788570.83635798,2503,3731,True
11484,584582.4737156503,5788569.470312213,2503,3733,True
11485,584582.0935957839,5788568.104266445,2502,3735,True
11486,584581.7134759177,5788566.738220678,2502,3737,True
11487,584581.3333560515,5788565.372174911,2501,3739,True
11488,584580.9532361852,5788564.006129144,2501,3741,True
11489,584580.573116319,5788562.640083376,2500,3742,True
11490,584580.1929964528,5788561.27403761,2500,3744,True
11491,584579.8128765866,5788559.907991842,2499,3746,True
11492,584579.4327567203,5788558.541946075,2499,3748,True
11493,584579.0526368541,5788557.1759003075,2498,3750,True
11494,584578.6725169879,5788555.809854541,2498,3752,True
11495,584578.2923971217,5788554.4438087735,2497,3753,True
11496,584577.9122772554,5788553.077763006,2497,3755,True
11497,584577.5321573891,5788551.71171724,2496,3757,True
11498,584577.1520375229,5788550.345671472,2496,3759,True
11499,584576.7719176566,5788548.979625705,2495,3761,True
11500,584576.3917977904,5788547.613579937,2495,3763,True
11501,584576.0116779242,5788546.247534171,2494,3765,True
11502,584575.631558058,5788544.881488403,2494,3766,False
11503,584575.2897680715,5788543.5200612275,2493,3768,True
11504,584574.9479780849,5788542.158634051,2493,3770,True
11505,584574.6061880984,5788540.797206875,2492,3772,True
11506,584574.2643981118,5788539.435779698,2492,3774,True
11507,584573.9226081254,5788538.074352522,2491,3776,True
11508,584573.5808181389,5788536.712925346,2491,3778,True
11509,584573.2390281523,5788535.35149817,2490,3779,True
11510,584572.8972381658,5788533.990070993,2490,3781,True
11511,584572.5554481792,5788532.628643817,2489,3783,True
11512,584572.2136581928,5788531.2672166405,2489,3785,True
11513,584571.8718682063,5788529.905789465,2489,3787,True
11514,584571.5300782197,5788528.544362288,2488,3789,True
11515,584571.1882882332,5788527.182935112,2488,3790,True
11516,584570.8464982467,5788525.821507935,2487,3792,True
11517,584570.5047082602,5788524.46008076,2487,3794,True
11518,584570.1629182737,5788523.098653583,2486,3796,True
11519,584569.8211282871,5788521.737226407,2486,3798,True
11520,584569.4793383006,5788520.37579923,2485,3800,True
11521,584569.1375483142,5788519.0143720545,2485,3801,True
11522,584568.7957583276,5788517.652944878,2484,3803,True
11523,584568.4539683411,5788516.291517702,2484,3805,True
11524,584568.1121783545,5788514.930090525,2483,3807,True
11525,584567.770388368,5788513.568663349,2483,3809,True
11526,584567.4285983816,5788512.207236174,2482,3811,True
11527,584567.086808395,5788510.845808997,2482,3813,True
11528,584566.7450184085,5788509.484381821,2482,3814,True
11529,584566.4032284219,5788508.122954644,2481,3816,True
11530,584566.0614384355,5788506.761527468,2481,3818,True
11531,584565.719648449,5788505.400100292,2480,3820,True
11532,584565.3778584624,5788504.038673116,2480,3822,True
11533,584565.0360684759,5788502.677245939,2479,3824,True
11534,584564.6942784893,5788501.315818763,2479,3825,True
11535,584564.3524885029,5788499.954391587,2478,3827,True
11536,584564.0106985164,5788498.592964411,2478,3829,True
11537,584563.6689085298,5788497.231537234,2477,3831,True
11538,584563.3271185433,5788495.870110058,2477,3833,True
11539,584562.9853285567,5788494.5086828815,2476,3835,True
11540,584562.6435385703,5788493.147255706,2476,3837,True
11541,584562.3017485838,5788491.785828529,2476,3838,True
11542,584561.9599585972,5788490.424401353,2475,3840,True
11543,584561.6181686107,5788489.062974176,2475,3842,True
11544,584561.2763786241,5788487.701547001,2474,3844,True
11545,584560.9345886377,5788486.340119824,2474,3846,True
11546,584560.5927986512,5788484.978692648,2473,3848,True
11547,584560.2510086646,5788483.617265471,2473,3849,True
11548,584559.9092186781,5788482.255838295,2472,3851,True
11549,584559.5674286915,5788480.894411119,2472,3853,True
11550,584559.2256387051,5788479.532983943,2471,3855,True
11551,584558.8838487186,5788478.171556767,2471,3857,True
11552,584558.542058732,5788476.81012959,2470,3859,True
11553,584558.2002687455,5788475.4487024145,2470,3860,True
11554,584557.858478759,5788474.087275238,2470,3862,True
11555,584557.5166887725,5788472.725848062,2469,3864,True
11556,584557.174898786,5788471.364420885,2469,3866,True
11557,584556.8331087994,5788470.002993709,2468,3868,True
11558,584556.491318813,5788468.641566533,2468,3870,True
11559,584556.1495288265,5788467.280139357,2467,3872,True
11560,584555.8077388399,5788465.91871218,2467,3873,True
11561,584555.4659488534,5788464.557285004,2466,3875,True
11562,584555.1241588668,5788463.195857828,2466,3877,True
11563,584554.7823688803,5788461.834430652,2465,3879,True
11564,584554.4405788939,5788460.473003475,2465,3881,True
11565,584554.0987889073,5788459.111576299,2464,3883,True
11566,584553.7569989208,5788457.750149122,2464,3884,True
11567,584553.4152089342,5788456.388721947,2464,3886,True
11568,584553.0734189478,5788455.02729477,2463,3888,True
11569,584552.7316289613,5788453.665867594,2463,3890,True
11570,584552.3898389747,5788452.304440417,2462,3892,True
11571,584552.0480489882,5788450.9430132415,2462,3894,True
11572,584551.7062590016,5788449.581586065,2461,3896,True
11573,584551.3644690152,5788448.220158889,2461,3897,False
11574,584551.277871866,5788447.799171969,2461,3898,True
11575,584551.1912747169,5788447.37818505,2460,3899,True
11576,584551.1046775677,5788446.957198131,2460,3899,True
11577,584551.0180804186,5788446.536211211,2460,3900,True
11578,584550.9314832694,5788446.115224292,2460,3900,True
11579,584550.8448861203,5788445.694237372,2460,3901,True
11580,584550.7582889711,5788445.273250452,2460,3901,True
11581,584550.671691822,5788444.8522635335,2460,3902,True
11582,584550.5850946729,5788444.431276614,2460,3903,True
11583,584550.4984975237,5788444.010289694,2460,3903,True
11584,584550.4119003746,5788443.5893027745,2459,3904,True
11585,584550.3253032254,5788443.168315855,2459,3904,True
11586,584550.2387060763,5788442.747328936,2459,3905,True
11587,584550.1521089271,5788442.326342016,2459,3905,True
11588,584550.065511778,5788441.905355097,2459,3906,True
11589,584549.9789146289,5788441.484368177,2459,3907,True
11590,584549.8923174797,5788441.0633812575,2459,3907,True
11591,584549.8057203306,5788440.642394339,2459,3908,True
11592,584549.7191231814,5788440.221407419,2459,3908,True
11593,584549.6325260323,5788439.800420499,2458,3909,True
11594,584549.5459288831,5788439.37943358,2458,3909,True
11595,584549.459331734,5788438.95844666,2458,3910,True
11596,584549.3727345848,5788438.537459741,2458,3911,True
11597,584549.2861374357,5788438.116472822,2458,3911,True
11598,584549.1995402866,5788437.695485902,2458,3912,True
11599,584549.1129431374,5788437.274498982,2458,3912,True
11600,584549.0263459883,5788436.853512063,2458,3913,True
11601,584548.9397488391,5788436.432525144,2457,3913,True
11602,584548.85315169,5788436.011538224,2457,3914,True
11603,584548.7665545408,5788435.590551305,2457,3914,True
11604,584548.6799573917,5788435.169564385,2457,3915,True
11605,584548.5933602426,5788434.748577465,2457,3916,True
11606,584548.5067630934,5788434.327590547,2457,3916,True
11607,584548.4201659443,5788433.906603627,2457,3917,True
11608,584548.3335687951,5788433.485616707,2457,3917,True
11609,584548.246971646,5788433.064629788,2457,3918,True
11610,584548.1603744968,5788432.643642868,2456,3918,True
11611,584548.0737773477,5788432.222655948,2456,3919,True
11612,584547.9871801985,5788431.8016690295,2456,3920,True
11613,584547.9005830494,5788431.38068211,2456,3920,True
11614,584547.8139859003,5788430.95969519,2456,3921,True
11615,584547.7273887511,5788430.5387082705,2456,3921,True
11616,584547.640791602,5788430.117721351,2456,3922,True
11617,584547.5541944528,5788429.696734432,2456,3922,True
11618,584547.4675973037,5788429.2757475125,2455,3923,True
11619,584547.3810001545,5788428.854760593,2455,3924,True
11620,584547.2944030054,5788428.433773673,2455,3924,True
11621,584547.2078058562,5788428.0127867535,2455,3925,True
11622,584547.1212087071,5788427.591799835,2455,3925,True
11623,584547.034611558,5788427.170812915,2455,3926,True
11624,584546.9480144088,5788426.749825995,2455,3926,True
11625,584546.8614172597,5788426.328839076,2455,3927,True
11626,584546.7748201105,5788425.907852156,2455,3928,True
11627,584546.6882229614,5788425.486865237,2454,3928,True
11628,584546.6016258122,5788425.065878318,2454,3929,True
11629,584546.5150286631,5788424.644891398,2454,3929,True
11630,584546.428431514,5788424.223904478,2454,3930,True
11631,584546.3418343648,5788423.802917559,2454,3930,True
11632,584546.2552372157,5788423.38193064,2454,3931,True
11633,584546.1686400665,5788422.96094372,2454,3932,True
11634,584546.0820429174,5788422.539956801,2454,3932,True
11635,584545.9954457682,5788422.118969881,2453,3933,True
11636,584545.9088486191,5788421.697982961,2453,3933,True
11637,584545.82225147,5788421.276996043,2453,3934,True
11638,584545.7356543208,5788420.856009123,2453,3934,True
11639,584545.6490571717,5788420.435022203,2453,3935,True
11640,584545.5624600225,5788420.014035284,2453,3936,True
11641,584545.4758628734,5788419.593048364,2453,3936,True
11642,584545.3892657242,5788419.172061445,2453,3937,True
11643,584545.3026685751,5788418.7510745255,2453,3937,True
11644,584545.2160714259,5788418.330087606,2452,3938,False
